Unnamed: 0,track_id,artists,album_name,track_name,popularity,duration_ms,explicit,danceability,energy,key,loudness,mode,speechiness,acousticness,instrumentalness,liveness,valence,tempo,time_signature,track_genre,stream_count,log_stream_count,skip_30s_rate,skip_30s_count,listen_count,skip_30s_majority
7,1EzrEOXmMH3G43AXT1y7pA,Jason Mraz,We Sing. We Dance. We Steal Things.,I'm Yours,80,242946,False,0.703,0.444,11,-9.331,1,0.0417,0.559,0.0,0.0973,0.712,150.96,4,acoustic,1,0.6931471805599453,0.0,0,1,0
8,0IktbUcnAGrvD03AWnz3Q8,Jason Mraz;Colbie Caillat,We Sing. We Dance. We Steal Things.,Lucky,74,189613,False,0.625,0.414,0,-8.7,1,0.0369,0.294,0.0,0.151,0.669,130.088,4,acoustic,1,0.6931471805599453,1.0,1,1,1
19,6CgNoAbFJ4Q4Id4EjtbXlC,Boyce Avenue;Bea Miller,"Cover Sessions, Vol. 4",Photograph,67,260186,False,0.717,0.32,3,-8.393,1,0.0283,0.83,0.0,0.107,0.322,107.946,4,acoustic,1,0.6931471805599453,0.0,0,1,0
82,3bHhUEOTIbezeZ856R0BX5,Eddie Vedder,Into The Wild (Music For The Motion Picture),Society,68,236306,False,0.561,0.327,11,-10.835,0,0.0327,0.902,0.000469,0.111,0.298,161.858,4,acoustic,12,2.5649493574615367,0.16666666666666666,2,12,0
115,5pq4v03P5PxMcnCagg4S3Z,Boyce Avenue,"Cover Sessions, Vol. 4",In Case You Didn’t Know,60,225165,False,0.633,0.299,11,-7.798,1,0.0353,0.833,0.0,0.109,0.341,147.549,4,acoustic,1,0.6931471805599453,0.0,0,1,0
119,3PG6V5yuFfo4APiovOQoRv,Ray LaMontagne;Sierra Ferrell,I Was Born To Love You,I Was Born To Love You,67,265843,False,0.65,0.271,9,-11.081,1,0.0314,0.794,6.9e-05,0.196,0.21,78.036,4,acoustic,7,2.0794415416798357,0.14285714285714285,1,7,0
126,5rwq6R0Uq0BngM3rdmCeNg,Howie Day,Stop All the World Now (Special Edition),Collide - Acoustic Version,67,277000,False,0.582,0.253,10,-11.43,1,0.0259,0.827,2.95e-05,0.091,0.294,90.186,4,acoustic,1,0.6931471805599453,1.0,1,1,1
136,2PIlBukQ6limukVR8Ubb5o,Gabrielle Aplin,English Rain,Please Don't Say You Love Me,59,181400,False,0.479,0.541,0,-9.862,1,0.0545,0.737,0.0,0.108,0.321,85.994,4,acoustic,1,0.6931471805599453,0.0,0,1,0
149,0fzCtVM9D5UEwiLqcY8Ouq,Eddie Vedder,Into The Wild (Music For The Motion Picture),Hard Sun,65,322080,False,0.438,0.827,8,-6.531,1,0.0328,0.0512,0.000402,0.319,0.645,143.377,4,acoustic,2,1.0986122886681098,0.0,0,2,0
181,3g61xRaqII8q1wlQDzv550,Boyce Avenue,"Cover Sessions, Vol. 4",Beautiful Soul,62,216612,False,0.483,0.506,9,-6.058,1,0.0347,0.394,0.0,0.0946,0.705,87.337,4,acoustic,1,0.6931471805599453,0.0,0,1,0
189,12niARgkwxGsklcEwh6GlG,Donovan Woods,"Hard Settle, Ain't Troubled","Portland, Maine",66,203869,False,0.606,0.349,4,-13.967,1,0.0319,0.764,0.306,0.112,0.156,80.071,4,acoustic,6,1.9459101490553132,0.0,0,6,0
191,5wQci5VCUjdbKnRD61XYwu,Joshua Hyslop,In Deepest Blue (Bonus Track Version),The Flood,60,261640,False,0.577,0.446,6,-11.343,1,0.0313,0.554,0.0782,0.116,0.262,81.005,4,acoustic,1,0.6931471805599453,0.0,0,1,0
195,1bhpBRCLsVg3p7BWARbaDS,Eddie Vedder,Into The Wild (Music For The Motion Picture),Rise,60,156453,False,0.401,0.58,7,-6.86,1,0.0541,0.906,0.217,0.134,0.526,173.277,3,acoustic,26,3.295836866004329,0.038461538461538464,1,26,0
209,4cR4nao0hqqBtklQmGVqbe,Boyce Avenue,"Cover Sessions, Vol. 3",Thinking out Loud,56,278640,False,0.702,0.326,1,-6.638,1,0.0272,0.705,0.0,0.168,0.628,79.904,4,acoustic,1,0.6931471805599453,0.0,0,1,0
230,29Ns3avs48iQhNQgrHMEkm,Megan Davies,"See You Again, Love Me Like You Do, Sugar (Acoustic Mashup)","See You Again, Love Me Like You Do, Sugar - Acoustic Mashup",54,231965,False,0.393,0.207,10,-11.865,1,0.0392,0.877,0.0,0.104,0.262,163.99,4,acoustic,2,1.0986122886681098,0.0,0,2,0
236,2EKxmYmUdAVXlaHCnnW13o,Boyce Avenue;Megan Nicole,"Cover Sessions, Vol. 2",Heaven,61,250063,False,0.619,0.28,8,-10.238,0,0.0317,0.73,0.0,0.103,0.292,129.948,4,acoustic,1,0.6931471805599453,0.0,0,1,0
239,4PuUa8e5s7P3Zv1IdCGIsa,Ray LaMontagne,Part Of The Light,Such A Simple Thing,65,296386,False,0.522,0.256,10,-11.216,1,0.0258,0.86,0.000806,0.142,0.13,76.349,4,acoustic,2,1.0986122886681098,0.0,0,2,0
259,2Qw1KFrJ1q6qHXxWGh51kC,Boyce Avenue,"Cover Sessions, Vol. 3",A Thousand Years,56,263710,False,0.41,0.221,5,-11.673,1,0.0315,0.768,0.0,0.106,0.228,139.529,3,acoustic,2,1.0986122886681098,0.0,0,2,0
295,2fSIF8CJhoc9CJhF9vJDXp,Ray LaMontagne,Trouble,Jolene,64,250866,False,0.588,0.142,7,-15.196,1,0.0329,0.863,0.000162,0.0953,0.288,119.656,4,acoustic,45,3.828641396489095,0.0,0,45,0
297,5sVyefkGgQeYCgnqr4KslQ,Joy Williams,Front Porch,Front Porch,64,231813,False,0.567,0.224,1,-10.024,1,0.0299,0.887,0.0,0.109,0.2,124.44,4,acoustic,6,1.9459101490553132,0.0,0,6,0
304,33SH8ZC36EzoRstHbaFE72,Boyce Avenue;Sarah Hyland,"Cover Sessions, Vol. 4",Closer,54,244188,False,0.694,0.471,8,-8.62,1,0.0281,0.411,0.0,0.233,0.466,95.003,4,acoustic,1,0.6931471805599453,0.0,0,1,0
313,0c99BUd87HQfzgUUQqRyds,Kina Grannis,In the Waiting,For Now,57,198403,False,0.394,0.249,5,-10.484,1,0.0396,0.927,0.0,0.115,0.329,79.549,4,acoustic,1,0.6931471805599453,0.0,0,1,0
331,2fPb58e6f8KxejYDCaARwS,A Great Big World,Is There Anybody Out There?,Say Something,57,233266,False,0.447,0.158,2,-7.571,1,0.036,0.872,1.58e-06,0.0816,0.142,140.942,3,acoustic,1,0.6931471805599453,1.0,1,1,1
367,2KhS0LVOw9ralhfbcIi7vL,Greg Laswell,Three Flights From Alto Nido,Comes And Goes (In Waves),55,253546,False,0.565,0.698,0,-8.596,1,0.0295,0.54,0.0183,0.124,0.155,120.013,4,acoustic,1,0.6931471805599453,0.0,0,1,0
384,63wsZUhUZLlh1OsyrZq7sz,Boyce Avenue;Kina Grannis,"Cover Sessions, Vol. 2",Fast Car,61,304293,False,0.392,0.251,10,-9.845,1,0.0363,0.807,0.0,0.0797,0.508,204.961,4,acoustic,1,0.6931471805599453,0.0,0,1,0
385,2FSkBDGsqZIxcsnKNgtMLx,Boyce Avenue,"Cover Sessions, Vol. 2",Just the Way You Are,55,239573,False,0.531,0.296,1,-7.594,1,0.0304,0.84,0.0,0.124,0.212,106.359,4,acoustic,1,0.6931471805599453,0.0,0,1,0
432,2a0WwSvmFdXPTdDMilPA1y,John Frusciante,Shadows Collide With People,Song To Sing When I'm Lonely,54,195213,False,0.629,0.673,6,-4.379,1,0.0262,0.294,0.0109,0.139,0.419,114.243,4,acoustic,1,0.6931471805599453,0.0,0,1,0
443,5ZUObJNpVt2l9GogUSfALc,Joy Williams,Front Porch,The Trouble with Wanting,60,235586,False,0.396,0.198,2,-9.096,1,0.031,0.912,0.0,0.0972,0.19,138.624,3,acoustic,2,1.0986122886681098,0.0,0,2,0
455,4GiLKZ6Fd3d5UMJMGuzAA0,Matt Nathanson,American Wedding,Laid,50,182826,False,0.565,0.89,0,-5.481,1,0.0285,0.00537,6.61e-05,0.213,0.744,119.862,4,acoustic,48,3.8918202981106265,0.0,0,48,0
472,3KAQ4xe2sR6IiltZw8HSA5,Austin Basham,You and Me for Now,All Is Well,60,256680,False,0.316,0.413,11,-12.216,1,0.0334,0.856,0.00245,0.143,0.245,155.69,4,acoustic,1,0.6931471805599453,0.0,0,1,0
475,1CYBnHYYbOAsuDCGa0zrw0,Drew Holcomb & The Neighbors,Without a Light,Without a Light,60,142200,False,0.493,0.435,7,-12.334,1,0.0423,0.656,0.000327,0.118,0.485,87.952,4,acoustic,4,1.6094379124341003,0.0,0,4,0
477,37bc0lXXN8Udi7IPwL58Hn,Boyce Avenue;Megan Davies;Jaclyn Davies,"Cover Sessions, Vol. 4",Time After Time,60,222250,False,0.313,0.321,8,-8.713,1,0.0352,0.746,0.0,0.0948,0.243,53.845,4,acoustic,1,0.6931471805599453,0.0,0,1,0
539,6VtoP2sJt5oCmPOQIve2sf,Boyce Avenue,"Cover Sessions, Vol. 2",Someone Like You,57,276146,False,0.439,0.207,1,-9.573,1,0.0297,0.608,0.0,0.186,0.264,136.514,4,acoustic,1,0.6931471805599453,0.0,0,1,0
570,2ZaYFNn1YQuLSVdHhanr4Q,Joshua Radin,We Were Here,Only You,56,149013,False,0.545,0.255,8,-14.844,1,0.0311,0.362,1.77e-05,0.0841,0.831,98.088,4,acoustic,1,0.6931471805599453,0.0,0,1,0
610,2M1bgJpUPjfKhHLIIfzGtX,William Fitzsimmons,Acoustic Sessions,Fortune - Acoustic,55,228013,False,0.529,0.0546,1,-23.684,1,0.0364,0.924,0.0428,0.108,0.517,78.451,4,acoustic,7,2.0794415416798357,0.0,0,7,0
711,3YllcvA3PW1DUwjckCVjIw,Ray LaMontagne,MONOVISION,I Was Born To Love You,60,251933,False,0.659,0.236,9,-12.56,1,0.0304,0.84,6.32e-05,0.206,0.216,78.088,4,acoustic,8,2.1972245773362196,0.25,2,8,0
798,1Cu8QneXq0Hq1HJqkZDPbN,Brandi Carlile,In These Silent Days,This Time Tomorrow,60,206267,False,0.606,0.326,10,-10.031,1,0.0294,0.841,0.0,0.139,0.414,91.626,4,acoustic,3,1.3862943611198906,0.0,0,3,0
873,2OcZ7956nCJ1OJ6oyNDLtf,Boyce Avenue;Tyler Ward,"Cover Sessions, Vol. 2",Fix You,52,294736,False,0.421,0.441,3,-8.012,1,0.0271,0.413,8.35e-06,0.118,0.0992,138.07,4,acoustic,1,0.6931471805599453,0.0,0,1,0
979,7ccurrFI92e3hBtU02WgTL,Violent Femmes,Violent Femmes,Good Feeling,47,236840,False,0.369,0.319,2,-12.088,1,0.0288,0.752,0.000837,0.154,0.476,160.359,4,acoustic,2,1.0986122886681098,0.0,0,2,0
1016,0fAmpdONIYsxiP27CwnzLJ,Jorge Drexler;Sebastián Prada,Milonga de Ojos Dorados (Alfredo Zitarrosa) [Live on Pardelion Music],Milonga de Ojos Dorados (Alfredo Zitarrosa) - Live on Pardelion Music,38,161342,False,0.67,0.273,7,-10.77,1,0.0388,0.946,0.00136,0.179,0.443,128.87,4,afrobeat,46,3.8501476017100584,0.06521739130434782,3,46,0
1058,3ayGhSSsgy1PyvJi6Np0CH,Jorge Drexler,Mediterráneo,Mediterráneo,33,206999,False,0.585,0.588,9,-8.147,0,0.115,0.405,5.19e-06,0.321,0.429,100.808,3,afrobeat,1,0.6931471805599453,0.0,0,1,0
1100,1q8NdCAQ9QUjpYiqzdd3mv,Calle 13,Calle 13 (Explicit Version),Atrévete-Te-Te,75,239306,True,0.829,0.878,9,-5.951,1,0.101,0.0959,0.0,0.776,0.883,87.991,4,afrobeat,3,1.3862943611198906,0.0,0,3,0
1193,5gqFvca45ESaMKJo40t19k,Jorge Drexler,Frontera,Princesa bacana,28,190000,False,0.718,0.428,5,-13.17,1,0.0307,0.676,0.00865,0.159,0.551,139.956,4,afrobeat,1,0.6931471805599453,0.0,0,1,0
1273,4alWdQ3c2rd0NuIwZ3nF5M,Jorge Drexler,Una cancion me trajo hasta aqui,Una canción me trajo hasta aquí,26,198773,False,0.669,0.843,0,-5.726,1,0.03,0.0641,0.000297,0.109,0.842,131.461,4,afrobeat,1,0.6931471805599453,0.0,0,1,0
1301,3kNVYo6BJE9AENxzokM9YC,Calle 13,Entren Los Que Quieran,Muerte En Hawaii,71,189866,False,0.675,0.588,3,-7.168,1,0.177,0.789,0.0,0.95,0.879,79.989,4,afrobeat,1,0.6931471805599453,0.0,0,1,0
1450,4YEU9N2XAE0DfUwxWI5ijA,Jorge Drexler,Eco,Todo se transforma,63,217146,False,0.761,0.488,9,-7.326,1,0.043,0.199,0.00236,0.0864,0.682,100.024,4,afrobeat,8,2.1972245773362196,0.0,0,8,0
1500,1jlKdNbOA90rjnt88GJnwO,Calle 13,Entren Los Que Quieran,La Vuelta Al Mundo,70,234133,False,0.748,0.538,0,-9.943,1,0.222,0.159,1.62e-06,0.167,0.779,124.974,4,afrobeat,1,0.6931471805599453,0.0,0,1,0
1553,1dxYM3qSzXe2O2RJ3rK3KI,El Michels Affair;Piya Malik,Yeti Season (Deluxe Version),Unathi,43,213749,False,0.524,0.65,4,-7.307,0,0.0415,0.0954,0.00655,0.126,0.826,107.493,4,afrobeat,1,0.6931471805599453,0.0,0,1,0
1560,1xuYajTJZh8zZrPRmUaagf,Calle 13;Totó La Momposina;Susana Baca;Maria Rita,Entren Los Que Quieran,"Latinoamérica (feat. Totó la Momposina, Susana Baca & Maria Rita)",64,301426,False,0.691,0.805,2,-6.81,0,0.0947,0.59,0.0,0.0975,0.866,142.503,3,afrobeat,2,1.0986122886681098,0.0,0,2,0
1650,1RIhd7jjWDQwSKsbxxGArN,Calle 13;Silvio Rodríguez,MultiViral,Ojos Color Sol (feat. Silvio Rodríguez),68,215813,False,0.582,0.443,2,-7.816,1,0.0436,0.664,0.0,0.0703,0.452,78.071,4,afrobeat,13,2.6390573296152584,0.15384615384615385,2,13,0
1651,1TdaQqgKRbiFdO15q1kv6e,Los Amigos Invisibles,Repeat After Me,La Que Me Gusta,71,239626,False,0.721,0.833,7,-7.469,1,0.0777,0.122,0.000115,0.135,0.549,100.005,4,afrobeat,2,1.0986122886681098,0.0,0,2,0
1853,75lisbgzhfJdIt5YdPuAWP,Jorge Drexler,Frontera,La edad del cielo,56,219493,False,0.668,0.261,7,-13.003,1,0.0405,0.588,0.000391,0.116,0.282,147.446,4,afrobeat,1,0.6931471805599453,0.0,0,1,0
1857,6MMXwZyjQhw6HaIwFGW0JI,Girma Bèyènè;Akalé Wubé,Mistakes on Purpose (Ethiopiques 30),Enkèn Yèlélèbesh,45,238440,False,0.74,0.492,5,-8.72,0,0.0366,0.589,0.000796,0.119,0.893,128.648,4,afrobeat,4,1.6094379124341003,0.0,0,4,0
1951,1lDELORqnHLLTe1bYmHLq7,Whitefield Brothers,Earthology,Safari Strut,46,199572,False,0.677,0.862,5,-5.016,1,0.0536,0.416,0.859,0.0967,0.902,109.965,4,afrobeat,2,1.0986122886681098,0.0,0,2,0
2000,5E30LdtzQTGqRvNd7l6kG5,The Neighbourhood,Wiped Out!,Daddy Issues,87,260173,False,0.588,0.521,10,-9.461,1,0.0329,0.0678,0.149,0.123,0.337,85.012,4,alt-rock,2,1.0986122886681098,0.0,0,2,0
2005,7vguMCv8uVuZLiQJ156u3Z,Sam Tinnesz;Yacht Money,Play with Fire (feat. Yacht Money),Play with Fire (feat. Yacht Money),76,180690,False,0.573,0.539,2,-6.091,0,0.0322,0.0162,1.16e-05,0.105,0.39,75.012,4,alt-rock,2,1.0986122886681098,0.0,0,2,0
2011,4kbj5MwxO1bq9wjT5g9HaA,WALK THE MOON,TALKING IS HARD,Shut Up and Dance,83,199080,False,0.578,0.866,1,-3.804,1,0.0619,0.00701,0.0,0.257,0.619,128.038,4,alt-rock,48,3.8918202981106265,0.16666666666666666,8,48,0
2053,70LcF31zb1H0PyJoS1Sx1r,Radiohead,Pablo Honey,Creep,85,238640,True,0.515,0.43,7,-9.935,1,0.0372,0.0097,0.000133,0.129,0.104,91.844,4,alt-rock,16,2.833213344056216,0.125,2,16,0
2055,10nyNJ6zNy2YVYLrcwLccB,Radiohead,OK Computer,No Surprises,82,229120,False,0.255,0.393,5,-10.654,1,0.0278,0.0577,0.00361,0.113,0.118,76.426,4,alt-rock,29,3.4011973816621555,0.0,0,29,0
2057,3dPQuX8Gs42Y7b454ybpMR,The White Stripes,Elephant,Seven Nation Army,84,232106,False,0.743,0.446,4,-7.807,0,0.0683,0.0039,0.118,0.337,0.278,123.596,4,alt-rock,17,2.8903717578961645,0.0,0,17,0
2105,48UPSzbZjgc449aqz8bxox,Red Hot Chili Peppers,Californication (Deluxe Edition),Californication,82,329733,False,0.592,0.767,9,-2.788,0,0.027,0.0021,0.00165,0.127,0.328,96.483,4,alt-rock,39,3.6888794541139363,0.02564102564102564,1,39,0
2106,003vvx7Niy0yvhvHt4a68B,The Killers,Hot Fuss,Mr. Brightside,86,222973,False,0.352,0.911,1,-5.23,1,0.0747,0.00121,0.0,0.0995,0.236,148.033,4,alt-rock,36,3.6109179126442243,0.027777777777777776,1,36,0
2109,2aibwv5hGXSgw7Yru8IYTO,Red Hot Chili Peppers,Stadium Arcadium,Snow (Hey Oh),80,334666,False,0.427,0.9,11,-3.674,1,0.0499,0.116,1.75e-05,0.119,0.599,104.655,4,alt-rock,55,4.02535169073515,0.0,0,55,0
2154,3NLrRZoMF0Lx6zTlYqeIo4,3 Doors Down,Away From The Sun,Here Without You,76,238733,False,0.557,0.533,10,-6.817,0,0.0252,0.0492,0.0,0.205,0.233,143.994,4,alt-rock,33,3.5263605246161616,0.0,0,33,0
2156,0fYVliAYKHuPmECRs1pbRf,X Ambassadors,VHS,Renegades,76,195200,False,0.526,0.862,2,-6.003,1,0.0905,0.0144,0.0597,0.229,0.528,90.052,4,alt-rock,28,3.367295829986474,0.07142857142857142,2,28,0
2200,0GO8y8jQk1PkHzS31d699N,Grouplove,Never Trust a Happy Song,Tongue Tied,79,218013,False,0.56,0.936,3,-5.835,1,0.0439,0.00847,0.0,0.161,0.371,112.96,4,alt-rock,1,0.6931471805599453,0.0,0,1,0
2203,31AOj9sFz2gM0O3hMARRBx,R.E.M.,Out Of Time (25th Anniversary Edition),Losing My Religion,84,268426,False,0.666,0.855,9,-5.051,0,0.0295,0.179,1.2e-06,0.0987,0.803,125.639,4,alt-rock,1,0.6931471805599453,0.0,0,1,0
2206,5ruzrDWcT0vuJIOMW7gMnW,The Strokes,The New Abnormal,The Adults Are Talking,79,309053,False,0.593,0.749,5,-5.67,1,0.0475,0.0113,0.106,0.314,0.649,164.959,4,alt-rock,71,4.276666119016055,0.0,0,71,0
2259,11LmqTE2naFULdEP94AUBa,Nirvana,In Utero - 20th Anniversary - Deluxe Edition,Heart-Shaped Box,79,281160,False,0.256,0.641,1,-10.283,1,0.0552,0.199,0.0329,0.0853,0.382,203.006,4,alt-rock,1,0.6931471805599453,1.0,1,1,1
2260,3ZOEytgrvLwQaqXreDs2Jx,Red Hot Chili Peppers,By the Way (Deluxe Edition),Can't Stop,82,269000,False,0.618,0.938,9,-3.442,1,0.0456,0.0179,0.0,0.167,0.875,91.455,4,alt-rock,36,3.6109179126442243,0.05555555555555555,2,36,0
2309,3d9DChrdc6BOeFsbrZ3Is0,Red Hot Chili Peppers,Blood Sugar Sex Magik (Deluxe Edition),Under the Bridge,82,264306,False,0.559,0.345,4,-13.496,1,0.0459,0.0576,0.000105,0.141,0.458,84.581,4,alt-rock,1,0.6931471805599453,0.0,0,1,0
2311,7wCmS9TTVUcIhRalDYFgPy,Pixies,Surfer Rosa,Where Is My Mind? - Remastered,79,234973,False,0.519,0.441,4,-14.178,1,0.0353,0.0204,0.000453,0.076,0.25,81.334,4,alt-rock,29,3.4011973816621555,0.0,0,29,0
2312,57iDDD9N9tTWe75x6qhStw,The Verve,Urban Hymns (Remastered 2016),Bitter Sweet Symphony,80,357266,False,0.356,0.917,9,-6.006,1,0.0479,0.0335,0.0,0.406,0.518,171.176,4,alt-rock,28,3.367295829986474,0.03571428571428571,1,28,0
2351,7lGKEWMXVWWTt3X71Bv44I,X Ambassadors,VHS,Unsteady,74,193546,False,0.389,0.665,0,-6.169,1,0.0644,0.178,0.000732,0.116,0.199,117.055,4,alt-rock,2,1.0986122886681098,0.0,0,2,0
2366,59WN2psjkt1tyaxjspN8fp,Rage Against The Machine,Rage Against The Machine - XX (20th Anniversary Special Edition),Killing In The Name,80,313573,True,0.466,0.833,7,-4.215,1,0.304,0.0266,0.0,0.0327,0.661,88.785,4,alt-rock,2,1.0986122886681098,0.5,1,2,1
2367,5UWwZ5lm5PKu6eKsHAGxOk,Foo Fighters,The Colour And The Shape,Everlong,84,250546,False,0.413,0.881,11,-5.541,0,0.0367,5.99e-05,0.000308,0.0805,0.364,158.066,4,alt-rock,1,0.6931471805599453,0.0,0,1,0
2402,64BbK9SFKH2jk86U3dGj2P,Red Hot Chili Peppers,Californication (Deluxe Edition),Otherside,80,255373,False,0.458,0.795,0,-3.265,1,0.0574,0.00316,0.000202,0.0756,0.513,123.229,4,alt-rock,40,3.713572066704308,0.0,0,40,0
2403,0815caqt2Lytro5EIzMufT,Lifehouse,Lifehouse,You And Me,76,195493,False,0.459,0.427,7,-7.734,1,0.0267,0.114,0.0,0.168,0.354,139.902,3,alt-rock,15,2.772588722239781,0.0,0,15,0
2404,1G391cbiT3v3Cywg8T7DM1,Red Hot Chili Peppers,Californication (Deluxe Edition),Scar Tissue,79,215906,False,0.595,0.717,0,-4.803,1,0.0295,0.0779,0.00274,0.108,0.547,88.969,4,alt-rock,2,1.0986122886681098,0.5,1,2,1
2406,63OQupATfueTdZMWTxW03A,Radiohead,OK Computer,Karma Police,76,264066,False,0.36,0.501,7,-9.129,1,0.0258,0.0638,9.32e-05,0.172,0.324,74.807,4,alt-rock,14,2.70805020110221,0.07142857142857142,1,14,0
2408,2oaK4JLVnmRGIO9ytBE1bt,Red Hot Chili Peppers,The Getaway,Dark Necessities,74,302000,False,0.7,0.742,5,-6.777,0,0.0716,0.0722,0.0199,0.11,0.197,91.959,4,alt-rock,30,3.4339872044851463,0.0,0,30,0
2457,1jJci4qxiYcOHhQR247rEU,MGMT,Oracular Spectacular,Kids,78,302840,False,0.451,0.931,9,-3.871,1,0.0719,0.00076,0.0049,0.361,0.172,122.961,4,alt-rock,48,3.8918202981106265,0.0,0,48,0
2460,305WCRhhS10XUcH6AEwZk6,Jet,Get Born,Are You Gonna Be My Girl,76,213800,False,0.613,0.953,2,-3.435,1,0.0855,0.00148,0.000582,0.152,0.537,105.046,4,alt-rock,37,3.6375861597263857,0.0,0,37,0
2462,2a1iMaoWQ5MnvLFBDv4qkf,Radiohead,The Bends,High and Dry,75,257480,False,0.419,0.383,4,-11.782,1,0.0256,0.0724,0.0176,0.0896,0.35,87.568,4,alt-rock,6,1.9459101490553132,0.0,0,6,0
2463,3Y4rUyw7XBCK6hGHCOt6rp,The Strokes,Comedown Machine,"Call It Fate, Call It Karma",72,204773,False,0.544,0.241,4,-14.779,0,0.03,0.983,0.774,0.101,0.359,109.437,4,alt-rock,1,0.6931471805599453,0.0,0,1,0
2507,1xLs8Mu1QEVbGCpyHQ2r2U,Dominic Fike,What Could Possibly Go Wrong,Why,71,139906,True,0.684,0.856,6,-2.676,1,0.0411,0.342,0.00728,0.109,0.343,117.027,4,alt-rock,13,2.6390573296152584,0.15384615384615385,2,13,0
2509,0zdzgfhY18Au7dD1hOrTrX,Bishop Briggs,Fifty Shades Freed (Original Motion Picture Soundtrack),Never Tear Us Apart,59,194826,False,0.372,0.6,4,-6.027,0,0.0351,0.00643,3.37e-05,0.139,0.0753,188.96,3,alt-rock,2,1.0986122886681098,0.0,0,2,0
2510,2MLHyLy5z5l5YRp7momlgw,Weezer,Weezer (Green Album),Island In The Sun,78,200306,False,0.654,0.81,4,-6.26,0,0.0288,0.00719,0.00251,0.165,0.661,114.623,4,alt-rock,38,3.6635616461296463,0.02631578947368421,1,38,0
2511,6ZOBP3NvffbU4SZcrnt1k6,3 Doors Down,The Better Life,Kryptonite,80,233933,False,0.545,0.865,11,-5.708,0,0.0286,0.00664,1.1e-05,0.168,0.543,99.009,4,alt-rock,33,3.5263605246161616,0.030303030303030304,1,33,0
2517,6PypGyiu0Y2lCDBN1XZEnP,R.E.M.,Automatic For The People,Everybody Hurts,75,320266,False,0.467,0.324,2,-10.451,1,0.0255,0.615,0.0248,0.118,0.166,94.301,3,alt-rock,1,0.6931471805599453,0.0,0,1,0
2519,73CKjW3vsUXRpy3NnX4H7F,Radiohead,The Bends,Fake Plastic Trees,72,290706,False,0.463,0.229,2,-12.592,1,0.0297,0.167,0.0997,0.202,0.135,73.543,4,alt-rock,21,3.091042453358316,0.0,0,21,0
2554,2t0wwvR15fc3K1ey8OiOaN,The Strokes,The New Abnormal,Selfless,71,222093,False,0.538,0.679,4,-4.297,1,0.0333,0.191,0.00175,0.0889,0.0888,121.99,4,alt-rock,75,4.330733340286331,0.0,0,75,0
2562,6TfBA04WJ3X1d1wXhaCFVT,The Offspring,"Rise And Fall, Rage And Grace","You're Gonna Go Far, Kid",81,177826,True,0.55,0.917,0,-3.159,1,0.0638,0.00428,0.0,0.197,0.601,126.115,4,alt-rock,21,3.091042453358316,0.047619047619047616,1,21,0
2601,3FtYbEfBqAlGO46NUDQSAt,MGMT,Oracular Spectacular,Electric Feel,77,229640,False,0.763,0.803,1,-3.713,1,0.0351,0.0709,0.285,0.348,0.561,103.04,3,alt-rock,2,1.0986122886681098,0.0,0,2,0
2607,2O9O26335YYVckmRgPKY3s,Empire of the Sun,Ice On The Dune,Alive,65,204546,False,0.524,0.882,5,-3.038,1,0.0367,0.108,1.1e-06,0.071,0.399,119.94,4,alt-rock,18,2.9444389791664403,0.05555555555555555,1,18,0
2610,0z1o5L7HJx562xZSATcIpY,Radiohead,OK Computer,Exit Music (For A Film),73,267186,False,0.293,0.276,4,-11.357,0,0.0349,0.224,0.122,0.167,0.195,121.603,4,alt-rock,12,2.5649493574615367,0.16666666666666666,2,12,0
2611,6GG73Jik4jUlQCkKg9JuGO,Jimmy Eat World,Bleed American,The Middle,81,165853,False,0.643,0.849,2,-5.428,1,0.0526,0.0371,0.0,0.058,0.903,162.152,4,alt-rock,21,3.091042453358316,0.0,0,21,0
2613,1UqhkbzB1kuFwt2iy4h29Q,Young the Giant,Young The Giant (Special Edition),Cough Syrup,71,249520,False,0.534,0.721,11,-7.307,0,0.0417,0.0343,6.24e-06,0.115,0.225,128.978,3,alt-rock,33,3.5263605246161616,0.0,0,33,0
2615,10Nmj3JCNoMeBQ87uw5j8k,Red Hot Chili Peppers,Stadium Arcadium,Dani California,78,282160,False,0.556,0.913,0,-2.36,1,0.0437,0.0193,8.59e-06,0.346,0.73,96.184,4,alt-rock,47,3.871201010907891,0.0425531914893617,2,47,0
2656,20I8RduZC2PWMWTDCZuuAN,Franz Ferdinand,Franz Ferdinand,Take Me Out,79,237026,False,0.277,0.663,4,-8.821,0,0.0377,0.000409,0.00051,0.136,0.527,104.561,4,alt-rock,10,2.3978952727983707,0.0,0,10,0
2657,5Xak5fmy089t0FYmh3VJiY,Pearl Jam,Ten,Black,74,342653,False,0.36,0.684,4,-6.457,0,0.0308,0.323,0.0,0.34,0.2,77.15,4,alt-rock,3,1.3862943611198906,0.3333333333333333,1,3,0
2658,1L94M3KIu7QluZe63g64rv,Pearl Jam,Ten,Alive,76,340907,False,0.284,0.875,11,-6.069,0,0.0422,0.00752,0.000461,0.402,0.595,75.009,4,alt-rock,6,1.9459101490553132,0.5,3,6,1
2666,1pLQZ6MwbYaLqzJT3imTBU,Charly García,Parte De La Religion,Buscando un Símbolo de Paz,47,282840,False,0.687,0.926,5,-7.313,1,0.0548,0.0486,0.00174,0.162,0.58,115.753,4,alt-rock,1,0.6931471805599453,0.0,0,1,0
2704,35YyxFpE0ZTOoqFx5bADW8,Radiohead,In Rainbows,Nude,69,255386,False,0.516,0.342,4,-9.785,1,0.0342,0.832,0.579,0.0857,0.167,128.378,3,alt-rock,15,2.772588722239781,0.06666666666666667,1,15,0
2709,7kzKAuUzOITUauHAhoMoxA,The Strokes,Is This It,Last Nite,74,193506,False,0.624,0.91,0,-5.703,1,0.0297,0.0285,0.000198,0.0789,0.767,104.042,4,alt-rock,76,4.343805421853684,0.0,0,76,0
2711,1sTsuZTdANkiFd7T34H3nb,The Killers,Day & Age (Bonus Tracks),Human,75,245373,False,0.557,0.8,10,-8.477,1,0.0601,0.00132,0.0012,0.0906,0.582,135.47,4,alt-rock,48,3.8918202981106265,0.020833333333333332,1,48,0
2712,6PwjJ58I4t7Mae9xfZ9l9v,The Killers,Hot Fuss,Somebody Told Me,78,197200,False,0.497,0.97,10,-4.851,0,0.0836,9.04e-05,0.000674,0.101,0.689,138.081,4,alt-rock,20,3.044522437723423,0.0,0,20,0
2717,5w6B0sAH7XauCvMOAtplQj,Barns Courtney,The Attractions Of Youth,Fire,65,197520,False,0.548,0.64,10,-6.285,0,0.0306,0.21,0.000328,0.08,0.392,108.326,4,alt-rock,25,3.258096538021482,0.12,3,25,0
2755,7AOdyU64RafmvJUL4WMotN,X Ambassadors;Erich Lee,Me Before You (Original Motion Picture Soundtrack),Unsteady - Erich Lee Gravity Remix,64,204586,False,0.345,0.574,2,-7.431,1,0.0435,0.0112,1.61e-05,0.343,0.0736,116.679,4,alt-rock,1,0.6931471805599453,0.0,0,1,0
2763,57Xjny5yNzAcsxnusKmAfA,The Strokes,Room On Fire,Reptilia,75,219826,False,0.489,0.649,9,-5.11,1,0.0336,0.000603,0.713,0.101,0.77,158.009,4,alt-rock,22,3.1354942159291497,0.0,0,22,0
2770,4EchqUKQ3qAQuRNKmeIpnf,The Offspring,Americana,The Kids Aren't Alright,81,180160,False,0.523,0.943,1,-4.203,1,0.0337,0.00704,3.81e-05,0.0579,0.766,99.607,4,alt-rock,1,0.6931471805599453,0.0,0,1,0
2806,1BLOVHYYlH4JUHQGcpt75R,The Strokes,The New Abnormal,Ode To The Mets,67,351786,False,0.426,0.617,1,-5.423,0,0.0289,0.341,0.181,0.101,0.201,92.002,4,alt-rock,207,5.337538079701318,0.0,0,207,0
2808,0QQIhT6PtJ5glyn4HKNKQ6,KALEO,A/B,All the Pretty Girls,70,269893,False,0.466,0.496,1,-6.606,1,0.0302,0.626,6.22e-06,0.117,0.352,74.747,4,alt-rock,19,2.995732273553991,0.05263157894736842,1,19,0
2811,1LomCMl5wD3MPVlC6smUHe,Wolf Alice,Visions Of A Life,Don’t Delete The Kisses,65,275226,False,0.604,0.789,5,-6.259,1,0.0273,0.0011,0.828,0.368,0.348,122.032,4,alt-rock,1,0.6931471805599453,0.0,0,1,0
2813,6LgJvl0Xdtc73RJ1mmpotq,Radiohead,OK Computer,Paranoid Android,70,387213,False,0.251,0.848,5,-6.501,1,0.0579,0.0377,0.00591,0.0545,0.207,163.709,4,alt-rock,13,2.6390573296152584,0.07692307692307693,1,13,0
2815,5OQsiBsky2k2kDKy2bX2eT,Foo Fighters,There Is Nothing Left To Lose,Learn to Fly,77,235293,False,0.465,0.919,4,-4.025,1,0.0408,1.83e-05,2.07e-05,0.262,0.537,135.997,4,alt-rock,2,1.0986122886681098,0.0,0,2,0
2852,3YuaBvuZqcwN3CEAyyoaei,Audioslave,Audioslave,Like a Stone,78,293960,False,0.614,0.568,7,-5.477,0,0.0276,0.00797,0.0,0.0997,0.516,107.849,4,alt-rock,1,0.6931471805599453,0.0,0,1,0
2853,2rtGaCAeYtmcIvuZsvgTf6,Radiohead,Kid A,How to Disappear Completely,67,356333,False,0.167,0.302,6,-11.644,0,0.0345,0.316,0.797,0.11,0.19,102.026,4,alt-rock,14,2.70805020110221,0.21428571428571427,3,14,0
2854,5FZxsHWIvUsmSK1IAvm2pp,Foo Fighters,In Your Honor,Best of You,76,255626,False,0.366,0.94,1,-5.119,0,0.0696,0.000769,9.42e-05,0.188,0.369,130.198,4,alt-rock,10,2.3978952727983707,0.7,7,10,1
2862,3IyCL4Em1GOpNGDf451Hg1,The Struts,Everybody Wants,Could Have Been Me,71,187653,False,0.541,0.907,4,-4.512,1,0.0642,0.0158,0.000185,0.34,0.434,80.029,4,alt-rock,16,2.833213344056216,0.0625,1,16,0
2869,4yffABDkB5A9flvr9vQFck,The Black Keys,Brothers (Deluxe Remastered Anniversary Edition),Howlin' for You,66,191956,False,0.725,0.747,11,-5.545,1,0.0876,0.0272,0.0468,0.104,0.38,132.921,4,alt-rock,15,2.772588722239781,0.0,0,15,0
2891,45dK5t0NaS3zBrP4yjfGXz,Fernando Delgadillo,Desde la Isla del Olvido,Noche Sin Luciérnagas,46,255869,False,0.753,0.38,6,-6.811,1,0.0428,0.927,1.58e-06,0.104,0.431,134.874,3,alt-rock,4,1.6094379124341003,0.0,0,4,0
2917,27L8sESb3KR79asDUBu8nW,Fountains Of Wayne,Welcome Interstate Managers,Stacy's Mom,76,197986,False,0.774,0.75,11,-4.927,0,0.0412,0.00207,1.78e-05,0.0808,0.927,118.015,4,alt-rock,1,0.6931471805599453,0.0,0,1,0
2927,02bJ6uGeHKfNOhIc9qyA8e,The Black Keys,Dropout Boogie,Wild Child,69,164866,False,0.68,0.639,5,-6.233,0,0.0278,0.017,5.09e-06,0.0398,0.957,106.991,4,alt-rock,16,2.833213344056216,0.0,0,16,0
2952,4iG2gAwKXsOcijVaVXzRPW,MGMT,Oracular Spectacular,Time to Pretend,72,261000,True,0.438,0.94,2,-3.249,1,0.0452,8.74e-05,0.0777,0.3,0.421,100.99,3,alt-rock,37,3.6375861597263857,0.05405405405405406,2,37,0
2953,4dyx5SzxPPaD8xQIid5Wjj,Peter Bjorn and John,Writer's Block,Young Folks,76,276693,False,0.699,0.812,0,-6.005,1,0.0377,0.0164,0.000763,0.105,0.662,138.185,4,alt-rock,9,2.302585092994046,0.0,0,9,0
2954,70wYA8oYHoMzhRRkARoMhU,The Killers,Sam's Town,When You Were Young,77,220426,False,0.467,0.988,11,-3.313,1,0.112,0.000152,0.0484,0.28,0.321,130.433,4,alt-rock,105,4.663439094112067,0.01904761904761905,2,105,0
2957,1f2V8U1BiWaC9aJWmpOARe,Red Hot Chili Peppers,By the Way (Deluxe Edition),By the Way,75,216933,False,0.451,0.97,0,-4.938,1,0.107,0.0264,0.00355,0.102,0.198,122.444,4,alt-rock,28,3.367295829986474,0.03571428571428571,1,28,0
2958,6QewNVIDKdSl8Y3ycuHIei,Pearl Jam,Ten,Even Flow,76,292580,False,0.394,0.944,10,-6.506,0,0.0761,0.00178,4.54e-06,0.298,0.265,105.338,4,alt-rock,2,1.0986122886681098,0.0,0,2,0
2959,0tZ3mElWcr74OOhKEiNz1x,Rage Against The Machine,Evil Empire,Bulls On Parade,75,229466,True,0.412,0.919,5,-7.291,1,0.184,0.0124,0.0601,0.424,0.572,166.367,4,alt-rock,2,1.0986122886681098,0.5,1,2,1
2964,0YJ9FWWHn9EfnN0lHwbzvV,Radiohead,In Rainbows,Jigsaw Falling Into Place,69,248893,False,0.462,0.832,11,-6.085,0,0.0479,0.108,0.00416,0.0741,0.807,165.653,4,alt-rock,7,2.0794415416798357,0.0,0,7,0
3006,60a0Rd6pjrkxjPbaKzXjfq,Linkin Park,Hybrid Theory (Bonus Edition),In the End,85,216880,False,0.556,0.864,3,-5.87,0,0.0584,0.00958,0.0,0.209,0.4,105.143,4,alternative,24,3.2188758248682006,0.0,0,24,0
3007,2nLtzopw4rPReszdYBJU6h,Linkin Park,Meteora,Numb,83,185586,False,0.496,0.863,9,-4.153,1,0.0381,0.0046,0.0,0.639,0.243,110.018,4,alternative,30,3.4339872044851463,0.1,3,30,0
3009,0eu4C55hL6x29mmeAjytzC,Oliver Tree,"Ugly is Beautiful: Shorter, Thicker & Uglier (Deluxe)",Life Goes On,79,161803,False,0.7,0.49,0,-5.187,1,0.076,0.186,0.0,0.117,0.569,79.982,4,alternative,2,1.0986122886681098,0.0,0,2,0
3255,0d28khcov6AiegSCpG5TuT,Gorillaz,Demon Days,Feel Good Inc.,84,222640,False,0.818,0.705,6,-6.679,1,0.177,0.00836,0.00233,0.613,0.772,138.559,4,alternative,3,1.3862943611198906,0.0,0,3,0
3256,2DlHlPMa4M17kufBvI2lEN,System Of A Down,Toxicity,Chop Suey!,83,210240,False,0.417,0.934,7,-3.908,0,0.119,0.000278,0.0015,0.132,0.287,127.066,4,alternative,1,0.6931471805599453,0.0,0,1,0
3260,3fjmSxt0PskST13CSdBUFx,Linkin Park,Meteora (Bonus Edition),Somewhere I Belong,73,213933,False,0.451,0.951,1,-3.754,1,0.0645,0.00038,2.39e-06,0.261,0.442,162.065,4,alternative,1,0.6931471805599453,0.0,0,1,0
3305,1foMv2HQwfQ2vntFf9HFeG,Gorillaz,Plastic Beach,Rhinestone Eyes,80,200173,False,0.676,0.703,8,-5.815,0,0.0302,0.0869,0.000687,0.0463,0.852,92.761,4,alternative,3,1.3862943611198906,0.0,0,3,0
3362,3dxiWIBVJRlqh9xk144rf4,Linkin Park,Meteora (Bonus Edition),Breaking the Habit,71,196906,False,0.579,0.849,4,-5.218,0,0.0303,0.108,0.0,0.0909,0.581,100.021,4,alternative,1,0.6931471805599453,0.0,0,1,0
3506,0q6LuUqGLUiCPP1cbdwFs3,Gorillaz,Plastic Beach,On Melancholy Hill,78,233866,False,0.689,0.739,2,-5.81,1,0.026,1.51e-05,0.509,0.064,0.578,120.423,4,alternative,27,3.332204510175204,0.0,0,27,0
3518,5anCkDvJ17aznvK5TED5uo,Avenged Sevenfold,Hail to the King,Hail to the King,76,305906,False,0.58,0.916,3,-4.358,0,0.0387,0.000297,0.0259,0.126,0.683,118.004,4,alternative,1,0.6931471805599453,0.0,0,1,0
3850,3lIxtCaROdRDuTnNBDm3n2,Gorillaz;Kali Uchis,Humanz (Deluxe),She's My Collar (feat. Kali Uchis),75,209560,False,0.726,0.815,11,-5.886,1,0.0313,0.00799,0.081,0.112,0.462,140.158,4,alternative,2,1.0986122886681098,0.0,0,2,0
3851,1RKUoGiLEbcXN4GY4spQDx,Gorillaz,Gorillaz,Clint Eastwood,76,340920,True,0.663,0.694,10,-8.627,0,0.171,0.0253,0.0,0.0698,0.525,167.953,4,alternative,61,4.127134385045092,0.03278688524590164,2,61,0
3864,7AB0cUXnzuSlAnyHOqmrZr,Linkin Park,Meteora (Bonus Edition),Faint,66,162600,False,0.554,0.978,4,-3.554,1,0.131,0.111,0.0,0.0731,0.594,135.095,4,alternative,7,2.0794415416798357,0.0,0,7,0
4015,1BncfTJAWxrsxyT9culBrj,Ludovico Einaudi;Daniel Hope;I Virtuosi Italiani,In A Time Lapse,Experience,79,315426,False,0.447,0.449,2,-10.634,1,0.0376,0.934,0.961,0.0697,0.036,92.468,4,ambient,1,0.6931471805599453,0.0,0,1,0
4035,3weNRklVDqb4Rr5MhKBR3D,Ludovico Einaudi,Una Mattina,Nuvole Bianche,73,357706,False,0.191,0.0582,8,-25.398,1,0.0578,0.961,0.89,0.0941,0.0454,132.614,1,ambient,1,0.6931471805599453,0.0,0,1,0
4065,0Dkibk70FDp6t7eOZNemNQ,Ludovico Einaudi,Una Mattina,Una Mattina,70,203800,False,0.231,0.0297,2,-31.544,1,0.0579,0.991,0.878,0.0742,0.07,131.413,4,ambient,1,0.6931471805599453,0.0,0,1,0
4077,56oReVXIfUO9xkX7pHmEU0,Max Richter;Louisa Fuller;Natalia Bonner;John Metcalfe;Philip Sheppard;Chris Worsey,The Blue Notebooks (15 Years),On the Nature of Daylight,65,371746,False,0.065,0.341,10,-12.743,0,0.0482,0.154,0.854,0.109,0.0334,65.38,4,ambient,1,0.6931471805599453,0.0,0,1,0
4118,2m2GJpBjQNNphaCgBeoj7R,Stephan Moccio,Fracture,Fracture,69,207640,False,0.324,0.0186,2,-28.248,1,0.0476,0.99,0.934,0.105,0.126,85.297,4,ambient,1,0.6931471805599453,0.0,0,1,0
4122,5fJD7wh9yoSTpl9d5rgl7l,Jóhann Jóhannsson,The Theory of Everything (Original Motion Picture Soundtrack),The Theory of Everything,64,68691,False,0.421,0.118,2,-17.703,1,0.0408,0.842,0.938,0.115,0.175,104.03,4,ambient,1,0.6931471805599453,0.0,0,1,0
4128,48i1p3R9l9f7zjcHPJysZZ,Ludovico Einaudi,Underwater,Wind Song,65,198649,False,0.339,0.00572,11,-32.309,0,0.0378,0.986,0.923,0.103,0.0616,72.7,3,ambient,1,0.6931471805599453,0.0,0,1,0
4132,4BMHp3DkI8VLsuB9Kr0pzu,Ludovico Einaudi;Robert Ziegler;Royal Philharmonic Orchestra,Divenire (Deluxe Edition),Primavera,62,442400,False,0.231,0.206,0,-13.593,0,0.0332,0.965,0.856,0.17,0.136,141.628,3,ambient,1,0.6931471805599453,0.0,0,1,0
4136,6j8KPn7rmbTwlkpEbHcrS1,Ludovico Einaudi,Underwater,Indian Yellow,61,194789,False,0.263,0.009,2,-35.193,1,0.0515,0.995,0.946,0.0881,0.156,68.083,1,ambient,1,0.6931471805599453,0.0,0,1,0
4156,47DeTufpEGrePu6TaVEuoN,Jóhann Jóhannsson,The Theory of Everything (Original Motion Picture Soundtrack),Epilogue,60,108968,False,0.252,0.0875,9,-24.711,0,0.0403,0.989,0.873,0.108,0.126,135.774,3,ambient,1,0.6931471805599453,0.0,0,1,0
4187,0UOMGdqvwCRGoEhXEJp78U,Ludovico Einaudi,Underwater,Luminous,62,283280,False,0.307,0.00229,1,-34.977,1,0.0519,0.992,0.931,0.098,0.281,67.775,5,ambient,1,0.6931471805599453,0.0,0,1,0
4188,7elLKWtTEMCbOmYZ37ci9r,Ludovico Einaudi,Underwater,Temple White,65,264844,False,0.303,0.00958,8,-28.556,1,0.054,0.991,0.953,0.109,0.212,72.204,5,ambient,1,0.6931471805599453,0.0,0,1,0
4234,4NpX4g7sdnZtgteu1m2m3S,Jóhann Jóhannsson,The Theory of Everything (Original Motion Picture Soundtrack),Forces of Attraction,60,123157,False,0.511,0.126,7,-20.852,1,0.0374,0.895,0.869,0.102,0.403,103.997,4,ambient,1,0.6931471805599453,0.0,0,1,0
4246,1kKbVnjBHvRSMJUsNOQp2h,Ludovico Einaudi,Underwater,Natural Light,62,335542,False,0.218,0.00352,1,-39.627,1,0.0515,0.992,0.951,0.139,0.192,68.61,4,ambient,1,0.6931471805599453,0.0,0,1,0
4248,264yEsvuPUzGcBO0nSCSkl,Ludovico Einaudi,Underwater,Rolling Like A Ball,61,257216,False,0.208,0.012,8,-29.933,1,0.0422,0.987,0.919,0.1,0.0391,175.159,3,ambient,2,1.0986122886681098,0.0,0,2,0
4249,0VLascXUZ2Ze2u5kUD5J1f,Ludovico Einaudi,Islands - Essential Einaudi,I Giorni,59,411080,False,0.277,0.0314,2,-30.21,1,0.0545,0.992,0.943,0.0712,0.0495,131.571,3,ambient,1,0.6931471805599453,0.0,0,1,0
4294,1fb7jUF6fUYytD3h7eW11m,Ludovico Einaudi,Underwater,Flora,59,341038,False,0.146,0.0661,9,-27.101,0,0.0476,0.989,0.928,0.103,0.0623,76.633,4,ambient,1,0.6931471805599453,0.0,0,1,0
4311,2zM7Ato6xDOi8ten4qn7Cm,Ludovico Einaudi,Natural Light,Natural Light,62,335542,False,0.218,0.00352,1,-39.627,1,0.0515,0.992,0.951,0.139,0.192,68.61,4,ambient,1,0.6931471805599453,0.0,0,1,0
4316,7iLVpb0WAgeVRn2wSdmdrd,Jóhann Jóhannsson,The Theory of Everything (Original Motion Picture Soundtrack),"Cambridge, 1963",54,101572,False,0.357,0.0878,10,-16.909,1,0.0392,0.967,0.98,0.102,0.654,82.874,3,ambient,1,0.6931471805599453,0.0,0,1,0
4336,6dxs9Sv6Ic3oQ3tl6Hozi2,Ludovico Einaudi,Underwater,Almost June,58,173576,False,0.355,0.00708,10,-33.07,1,0.0504,0.985,0.961,0.0903,0.16,63.731,4,ambient,1,0.6931471805599453,0.0,0,1,0
4345,3uuXITRf0o9WApETIMyjhj,Ludovico Einaudi;Robert Ziegler;Royal Philharmonic Orchestra,Islands - Essential Einaudi,Divenire,55,402466,False,0.139,0.215,7,-15.301,1,0.0352,0.912,0.864,0.0775,0.075,88.27,4,ambient,1,0.6931471805599453,0.0,0,1,0
4357,1VWYKR91K0WYMxyBHNaYxt,Jóhann Jóhannsson,The Theory of Everything (Original Motion Picture Soundtrack),The Whirling Ways of Stars that Pass,54,112555,False,0.446,0.0523,4,-26.715,0,0.081,0.99,0.97,0.0878,0.0351,101.8,5,ambient,1,0.6931471805599453,0.0,0,1,0
4376,0rFdP3ZfwsUajBLUuex0Kb,Ludovico Einaudi;Gautier Capuçon;Jerome Ducros,Emotions,Einaudi: Una mattina,55,190813,False,0.0975,0.0077,9,-34.135,0,0.0471,0.988,0.83,0.0603,0.0989,87.152,4,ambient,1,0.6931471805599453,0.0,0,1,0
4391,4LWvi5lG5IigKIraGUWkpL,Ludovico Einaudi,Underwater,Atoms,58,183955,False,0.338,0.00384,6,-40.558,0,0.0657,0.995,0.954,0.112,0.159,68.921,4,ambient,1,0.6931471805599453,0.0,0,1,0
4393,0pjCsB0XNSyqM9UazlTODC,Dmitri Shostakovich;Russian State Symphony Orchestra;Dmitry Yablonsky,Shostakovich: Jazz Suites Nos. 1 - 2 / The Bolt / Tahiti Trot,Jazz Suite No. 2: VI. Waltz 2,59,193600,False,0.322,0.184,0,-18.312,0,0.0338,0.984,0.902,0.0813,0.356,107.847,4,ambient,1,0.6931471805599453,0.0,0,1,0
4394,1QooJ7JbyjqXVTDFZKJ4cp,Ludovico Einaudi,Underwater,Swordfish,58,218200,False,0.286,0.00952,2,-40.225,0,0.0447,0.995,0.921,0.105,0.416,80.772,4,ambient,1,0.6931471805599453,0.0,0,1,0
4407,0bCSGdS5SRvzoz4IBTD55W,Joep Beving,Losar,Losar,61,221061,False,0.305,0.0384,5,-28.605,0,0.0301,0.961,0.902,0.0886,0.0856,81.917,3,ambient,1,0.6931471805599453,0.0,0,1,0
4443,4yLSpYlcO0jPPLTa3nW8zN,Ludovico Einaudi,Divenire,Fly,59,278933,False,0.174,0.178,1,-18.717,0,0.0362,0.994,0.861,0.0737,0.0347,167.972,3,ambient,1,0.6931471805599453,0.0,0,1,0
4445,1V8aPypxFrIk5TSa8E3qM0,Ludovico Einaudi,Underwater,Underwater,56,234655,False,0.364,0.00222,10,-35.497,1,0.0479,0.995,0.951,0.104,0.299,135.805,3,ambient,1,0.6931471805599453,0.0,0,1,0
4447,17ceMMcdT116boiwDzcEPm,Ludovico Einaudi,Underwater,Nobody Knows,56,198088,False,0.313,0.00821,7,-34.243,1,0.0504,0.993,0.941,0.107,0.209,66.695,5,ambient,1,0.6931471805599453,0.0,0,1,0
4449,3jPGemJdr95abo520vyvVk,Ludovico Einaudi,Islands - Essential Einaudi,Le Onde,57,336360,False,0.332,0.131,2,-26.78,1,0.0501,0.993,0.912,0.0955,0.0742,117.9,3,ambient,1,0.6931471805599453,0.0,0,1,0
4466,4GNAkByimF0pxX2vgG35Z3,Jóhann Jóhannsson,The Theory of Everything (Original Motion Picture Soundtrack),The Dreams that Stuff is Made Of,55,111836,False,0.36,0.0854,0,-20.406,0,0.0343,0.993,0.737,0.115,0.0773,58.322,4,ambient,1,0.6931471805599453,0.0,0,1,0
4474,1Bdgn4nmMlADRQ6DPJh7UM,Ludovico Einaudi,Seven Days Walking (Day 1),Ascent - Day 1,55,337372,False,0.23,0.0592,7,-23.594,1,0.0445,0.989,0.941,0.0906,0.103,89.965,4,ambient,1,0.6931471805599453,0.0,0,1,0
4510,0n3mB1nLmwh55MZaqQllEq,Jóhann Jóhannsson,The Theory of Everything (Original Motion Picture Soundtrack),The Wedding,49,102584,False,0.241,0.231,10,-16.365,1,0.0322,0.85,0.939,0.112,0.274,134.836,3,ambient,1,0.6931471805599453,0.0,0,1,0
4522,6rodOIyxUXZrRfzoNL2vXx,Ludovico Einaudi,Undiscovered,Elegy For The Arctic - Remastered 2020,54,160693,False,0.424,0.0713,5,-23.609,0,0.0515,0.987,0.929,0.118,0.148,63.648,4,ambient,1,0.6931471805599453,0.0,0,1,0
4540,4Y2W4zKa3q72ztbkA0r8Va,Boards of Canada,The Campfire Headphase,Dayvan Cowboy,56,300186,False,0.322,0.615,11,-10.774,1,0.0427,0.507,0.819,0.0677,0.0361,167.95,4,ambient,2,1.0986122886681098,0.0,0,2,0
4547,7pbMkDgFy2c2qwiu8iMzNp,Ludovico Einaudi;Amsterdam Sinfonietta;PMCE Parco Della Musica Contempornea Ensemble,Elements (Deluxe),Four Dimensions,54,282333,False,0.324,0.0711,9,-23.476,0,0.0364,0.985,0.857,0.0925,0.0426,69.408,3,ambient,1,0.6931471805599453,0.0,0,1,0
4564,3UzhPHPHbQidgxE8oScTxU,Ludovico Einaudi;Franco Feruglio;Mauro Loguercio;Gabriele Baffero;Antonello Leofreddi;Marco Decimo,Undiscovered,Fuori Dal Mondo - Remastered 2020,52,299120,False,0.118,0.134,7,-18.708,1,0.04,0.673,0.804,0.108,0.0572,82.743,3,ambient,1,0.6931471805599453,0.0,0,1,0
4606,3ArR6xtyGPGppZoy4999q0,Jóhann Jóhannsson,The Theory of Everything (Original Motion Picture Soundtrack),Rowing,49,102057,False,0.597,0.268,7,-18.485,0,0.0564,0.954,0.961,0.132,0.0992,137.942,3,ambient,1,0.6931471805599453,0.0,0,1,0
4720,1YcABWwgkfrOSw8VMgDWZU,Carlos Cipa,"Correlations B-Sides (on Yamaha Upright, 1981)",My fellow creatures,58,205493,False,0.321,0.00611,4,-38.341,0,0.0362,0.995,0.908,0.09,0.0693,104.311,4,ambient,1,0.6931471805599453,0.0,0,1,0
4780,4nAvEP0TxzNPiu710Dl5va,Gabriel Yared,Si tu voyais son cœur (Bande originale du film),Générique de fin,52,101375,False,0.114,0.121,2,-21.115,1,0.0392,0.981,0.958,0.215,0.0778,87.964,3,ambient,1,0.6931471805599453,0.0,0,1,0
4783,2GnYCy70I8cR4oEA2wsSDx,Philip Glass;Nicolas Horvath,"Philip Glass: Glassworlds, Vol. 4 – On Love","The Hours: An Unwelcome Friend (From ""The Hours"")",59,256146,False,0.253,0.00429,7,-36.172,0,0.0523,0.99,0.912,0.103,0.0368,74.497,3,ambient,1,0.6931471805599453,0.0,0,1,0
4925,6XmozAAnvBf2VtLL53AkX0,Alexis Ffrench,Walk With Us (For Black Lives Matter),Walk With Us - For Black Lives Matter,57,120456,False,0.299,0.0264,9,-26.535,0,0.0469,0.995,0.882,0.073,0.235,168.963,5,ambient,1,0.6931471805599453,0.0,0,1,0
4955,2ZGFYsDWwjU0BBvVAw6js9,Gabríel Ólafs,The Lily,The Lily - Piano Version,57,116960,False,0.435,0.00889,7,-33.986,1,0.046,0.992,0.941,0.121,0.29,110.307,3,ambient,1,0.6931471805599453,0.0,0,1,0
7000,5qm0KiVKMXW1kq6VrnIhz5,Eric Johnson,Ah Via Musicom,Cliffs Of Dover - Instrumental,59,249767,False,0.449,0.775,7,-12.029,1,0.0405,0.162,0.149,0.248,0.313,94.907,4,bluegrass,4,1.6094379124341003,0.0,0,4,0
7001,5VYOUBkObeGOnCt30YDTJ3,Mipso,Edges Run,People Change,64,212853,False,0.373,0.276,7,-14.945,1,0.0357,0.883,0.0124,0.122,0.409,79.204,4,bluegrass,6,1.9459101490553132,0.0,0,6,0
7052,73C8vVm2BRLLBQ8FH6N6Qm,Jerry Douglas;Paul Simon;Mumford & Sons,Traveler,The Boxer feat. Mumford & Sons and Paul Simon,58,245106,False,0.502,0.372,0,-10.996,1,0.0313,0.677,5.61e-05,0.104,0.257,98.607,4,bluegrass,1,0.6931471805599453,0.0,0,1,0
7750,3PUln07oXes6xzvFFBnPO1,Watchhouse,New Star,New Star,56,185728,False,0.683,0.488,2,-8.733,1,0.0266,0.605,0.0554,0.13,0.424,113.387,4,bluegrass,2,1.0986122886681098,0.0,0,2,0
7851,24jpjPR3hZ1VAQOWr9sd0t,Aoife O'Donovan,B61,B61,55,221842,False,0.48,0.198,1,-16.495,1,0.04,0.815,0.00275,0.12,0.162,137.863,4,bluegrass,3,1.3862943611198906,0.0,0,3,0
8000,5MAK1nd8R6PWnle1Q1WJvh,Everybody Loves an Outlaw,I See Red,I See Red,77,230613,False,0.509,0.448,4,-7.552,0,0.0357,0.00713,0.0137,0.244,0.221,156.909,3,blues,1,0.6931471805599453,0.0,0,1,0
8001,2tznHmp70DxMyr2XhWLOW0,Cage The Elephant,Melophobia,Cigarette Daydreams,79,208760,False,0.636,0.676,2,-3.442,1,0.0263,0.0807,0.0,0.0831,0.273,113.98,4,blues,50,3.9318256327243257,0.08,4,50,0
8004,6zC0mpGYwbNTpk9SKwh08f,Eric Clapton,Slowhand 35th Anniversary (Super Deluxe),Wonderful Tonight,76,225026,False,0.572,0.214,7,-15.625,1,0.0293,0.649,0.129,0.125,0.485,95.542,4,blues,65,4.189654742026425,0.046153846153846156,3,65,0
8151,4sebUbjqbcgDSwG6PbSGI0,Cage The Elephant,Melophobia,Come a Little Closer,74,229346,False,0.44,0.778,1,-1.786,0,0.0327,0.0265,1.04e-06,0.151,0.304,148.038,4,blues,4,1.6094379124341003,0.0,0,4,0
8154,3Pzh926pXggbMe2ZpXyMV7,Cage The Elephant,Cage The Elephant (Expanded Edition),Ain't No Rest for the Wicked,74,175493,False,0.636,0.849,0,-7.075,1,0.106,0.0438,0.0,0.372,0.917,156.036,4,blues,6,1.9459101490553132,0.0,0,6,0
8201,7e89621JPkKaeDSTQ3avtg,Lynyrd Skynyrd,Second Helping (Expanded Edition),Sweet Home Alabama,81,283800,True,0.596,0.605,7,-12.145,1,0.0255,0.181,0.000331,0.0863,0.886,97.798,4,blues,43,3.784189633918261,0.023255813953488372,1,43,0
8253,5n0CTysih20NYdT2S0Wpe8,Cage The Elephant,Tell Me I'm Pretty,Trouble,72,225973,False,0.47,0.623,0,-5.655,1,0.0302,0.392,0.000439,0.0992,0.298,77.861,4,blues,47,3.871201010907891,0.0425531914893617,2,47,0
8254,5EWPGh7jbTNO2wakv8LjUI,Lynyrd Skynyrd,Pronounced' Leh-'Nerd 'Skin-'Nerd,Free Bird,77,547106,False,0.249,0.834,0,-8.21,1,0.0577,0.0738,9.48e-05,0.0924,0.338,118.223,4,blues,38,3.6635616461296463,0.02631578947368421,1,38,0
8257,0QULNNd9z5s35entfiiXoa,Elle King;Miranda Lambert,Drunk (And I Don't Wanna Go Home),Drunk (And I Don't Wanna Go Home),75,245625,False,0.612,0.884,5,-4.4,1,0.0459,0.00516,0.0,0.0997,0.626,119.991,4,blues,1,0.6931471805599453,0.0,0,1,0
8259,2QfiRTz5Yc8DdShCxG1tB2,Chuck Berry,Berry Is On Top,Johnny B. Goode,76,161560,False,0.534,0.803,10,-9.129,1,0.0743,0.741,6.07e-05,0.307,0.969,167.983,4,blues,21,3.091042453358316,0.047619047619047616,1,21,0
8260,2aoo2jlRnM3A0NyLQqMN2f,Jimi Hendrix,Electric Ladyland,All Along the Watchtower,77,240800,False,0.438,0.805,8,-6.237,1,0.0624,0.00255,5.69e-05,0.0842,0.564,113.253,4,blues,53,3.9889840465642745,0.05660377358490566,3,53,0
8262,2kkvB3RNRzwjFdGhaUA0tz,Derek & The Dominos,Layla And Other Assorted Love Songs (Remastered 2010),Layla,74,423840,False,0.404,0.902,1,-3.88,1,0.0665,0.577,0.297,0.287,0.497,115.669,4,blues,1,0.6931471805599453,0.0,0,1,0
8263,70YvYr2hGlS01bKRIho1HM,ZZ Top,Tres Hombres (Expanded 2006 Remaster),La Grange - 2005 Remaster,77,230480,False,0.545,0.64,4,-9.937,0,0.224,0.00249,0.0304,0.196,0.606,80.544,4,blues,79,4.382026634673881,0.012658227848101266,1,79,0
8265,3qiyyUfYe7CRYLucrPmulD,The Who,Who's Next (Deluxe Edition),Baba O'Riley,76,300400,False,0.489,0.724,5,-8.367,1,0.0352,0.313,0.185,0.287,0.15,117.292,4,blues,14,2.70805020110221,0.0,0,14,0
8301,3hhbDnFUb2bicI2df6VurK,Leon Bridges,Coming Home (Deluxe),River,74,240200,False,0.635,0.184,8,-10.785,1,0.0456,0.665,0.0,0.146,0.177,128.424,4,blues,6,1.9459101490553132,0.0,0,6,0
8304,4Hhv2vrOTy89HFRcjU3QOx,Etta James,At Last!,At Last,75,179693,False,0.274,0.348,5,-8.631,1,0.0293,0.547,0.0133,0.334,0.328,87.43,3,blues,62,4.143134726391533,0.0,0,62,0
8305,1Q3t9fWvHUXKsMmpD2XpUu,Cage The Elephant,Tell Me I'm Pretty,Cold Cold Cold,69,214386,False,0.549,0.789,5,-6.071,1,0.0313,0.0178,6.7e-05,0.059,0.715,136.125,4,blues,64,4.174387269895637,0.0,0,64,0
8308,0cKk8BKEi7zXbdrYdyqBP5,The Who,Who's Next (Deluxe Edition),Behind Blue Eyes,71,221426,False,0.394,0.622,4,-8.258,0,0.0336,0.213,4.45e-05,0.0892,0.342,126.844,4,blues,16,2.833213344056216,0.0625,1,16,0
8309,1qRA5BS78u3gME0loMl9AA,Buffalo Springfield,Buffalo Springfield,For What It's Worth,78,153693,False,0.653,0.519,2,-10.164,1,0.0497,0.406,0.0209,0.101,0.822,98.883,4,blues,78,4.3694478524670215,0.0,0,78,0
8352,0tkBOcK7oRVXQJY97zzSvr,Cage The Elephant,Melophobia,Telescope,65,228293,False,0.589,0.481,0,-4.801,1,0.0285,0.273,1.33e-05,0.0986,0.176,93.568,4,blues,44,3.8066624897703196,0.022727272727272728,1,44,0
8354,1Eolhana7nKHYpcYpdVcT5,Jimi Hendrix,Axis: Bold As Love,Little Wing,71,145746,False,0.515,0.534,6,-8.045,1,0.0768,0.181,0.00278,0.0547,0.426,70.776,4,blues,46,3.8501476017100584,0.021739130434782608,1,46,0
8355,1ju7EsSGvRybSNEsRvc7qY,Lynyrd Skynyrd,Pronounced' Leh-'Nerd 'Skin-'Nerd,Simple Man,74,356626,False,0.422,0.752,6,-8.682,1,0.0449,0.0366,0.000119,0.129,0.403,120.471,4,blues,1,0.6931471805599453,0.0,0,1,0
8358,5G1sTBGbZT5o4PNRc75RKI,The Black Keys,El Camino,Lonely Boy,73,193653,False,0.356,0.872,2,-7.837,1,0.068,0.00417,0.00975,0.0997,0.607,166.3,4,blues,31,3.4657359027997265,0.03225806451612903,1,31,0
8362,0wJoRiX5K5BxlqZTolB2LD,Jimi Hendrix,Are You Experienced,Purple Haze,71,170813,False,0.533,0.905,2,-5.27,1,0.0754,0.00876,0.578,0.0698,0.486,108.9,4,blues,2,1.0986122886681098,0.5,1,2,1
8369,43DeSV93pJPT4lCZaWZ6b1,Thin Lizzy,Jailbreak (Deluxe Edition),The Boys Are Back In Town,76,266720,False,0.445,0.706,8,-9.803,1,0.0461,0.234,0.000252,0.205,0.768,80.823,4,blues,1,0.6931471805599453,0.0,0,1,0
8414,6txWz9UapYHVxEd7dDIHXT,Blind Melon,Blind Melon,No Rain,76,217106,False,0.389,0.476,9,-9.342,1,0.0316,0.619,5.09e-05,0.255,0.566,148.117,4,blues,1,0.6931471805599453,0.0,0,1,0
8416,6FT83pFXKhDlXDsNJFAHWz,Chuck Berry,St. Louis To Liverpool,You Never Can Tell,70,161906,False,0.525,0.852,7,-9.519,1,0.222,0.731,5.11e-05,0.218,0.884,157.404,4,blues,37,3.6375861597263857,0.05405405405405406,2,37,0
8418,2AxCeJ6PSsBYiTckM0HLY7,Jimi Hendrix,Electric Ladyland,Voodoo Child (Slight Return),68,313373,False,0.214,0.91,8,-6.662,1,0.389,0.477,0.00833,0.0517,0.448,175.549,4,blues,42,3.7612001156935624,0.07142857142857142,3,42,0
8430,1gcESexgftSuLuML57Y69q,Free,Fire And Water,All Right Now,73,330643,False,0.787,0.472,2,-12.824,1,0.0832,0.221,0.000336,0.153,0.824,120.059,4,blues,1,0.6931471805599453,0.0,0,1,0
8434,7aOor99o8NNLZYElOXlBG1,Greta Van Fleet,From The Fires,Highway Tune,71,180640,False,0.582,0.962,4,-3.037,1,0.0542,0.0096,0.128,0.283,0.506,123.971,4,blues,1,0.6931471805599453,0.0,0,1,0
8450,13lZDbwonGhOflQLQIfdtZ,The White Stripes,White Blood Cells,We're Going to Be Friends,67,140178,False,0.534,0.441,7,-5.752,1,0.0303,0.661,0.0,0.0934,0.439,97.009,4,blues,18,2.9444389791664403,0.05555555555555555,1,18,0
8451,0zGLlXbHlrAyBN1x6sY0rb,Etta James,At Last!,A Sunday Kind Of Love,70,196133,False,0.421,0.285,2,-9.43,0,0.0293,0.829,1.55e-06,0.233,0.402,85.861,4,blues,1,0.6931471805599453,0.0,0,1,0
8455,3NfxSdJnVdon1axzloJgba,Aretha Franklin,Aretha Now,I Say a Little Prayer,75,216773,False,0.592,0.355,9,-14.051,1,0.0352,0.478,0.0,0.0585,0.499,133.032,4,blues,1,0.6931471805599453,0.0,0,1,0
8456,45HAjqRWiNv6mMPw4NvZrU,Gary Clark Jr.;Junkie XL,Come Together,Come Together,61,193714,False,0.447,0.788,2,-4.994,0,0.0464,0.00257,1.68e-05,0.0744,0.505,80.04,4,blues,1,0.6931471805599453,0.0,0,1,0
8460,4KwvTXx3yR0FA4LGfxD4xP,Heartless Bastards,Arrow,Only for You,49,308066,False,0.677,0.645,10,-5.917,1,0.0312,0.0376,0.0693,0.105,0.765,82.017,4,blues,1,0.6931471805599453,0.0,0,1,0
8463,2uzlv8PjqsVvF1DhEahyhy,Mungo Jerry,In the Summertime,In the Summertime,27,211880,False,0.754,0.449,4,-14.013,1,0.0615,0.724,0.0,0.162,0.973,82.751,4,blues,3,1.3862943611198906,0.0,0,3,0
8464,6NJQpFNkDCMaRBogIi9sOI,The Jon Spencer Blues Explosion,Orange,Bellbottoms,55,317986,False,0.311,0.882,2,-3.26,1,0.215,0.00895,0.205,0.253,0.435,162.189,4,blues,31,3.4657359027997265,0.0,0,31,0
8468,2LMq1O0NiqGhPOlXo3McYQ,The White Stripes,Icky Thump,Icky Thump,67,254533,False,0.417,0.63,9,-7.24,1,0.0898,0.0209,0.0134,0.0543,0.341,94.214,4,blues,13,2.6390573296152584,0.0,0,13,0
8469,0n2SEXB2qoRQg171q7XqeW,Santana;Rob Thomas,Supernatural (Remastered),Smooth (feat. Rob Thomas),69,294986,False,0.609,0.923,9,-3.908,1,0.0338,0.16,4.73e-06,0.295,0.961,115.996,4,blues,4,1.6094379124341003,0.0,0,4,0
8472,2kWowW0k4oFymhkr7LmvzO,KONGOS,Lunatic,Come with Me Now,67,211960,False,0.654,0.726,10,-3.803,0,0.0401,0.0311,6.35e-05,0.0618,0.728,103.987,4,blues,24,3.2188758248682006,0.08333333333333333,2,24,0
8475,1a2iF9XymafjRk56q7oCxo,Stevie Ray Vaughan,Texas Flood (Legacy Edition),Pride and Joy,67,219586,False,0.427,0.626,8,-11.821,1,0.0385,0.0274,0.00395,0.106,0.743,126.877,4,blues,31,3.4657359027997265,0.0,0,31,0
8478,1UKobFsdqNXQb8OthimCKe,"Crosby, Stills & Nash","Crosby, Stills & Nash",Helplessly Hoping - 2005 Remaster,68,157893,False,0.483,0.159,7,-13.648,1,0.0353,0.914,0.0,0.111,0.423,146.721,4,blues,1,0.6931471805599453,0.0,0,1,0
8484,58PSYdY0GFg0LFb2PxYk4T,Muddy Waters,King Of The Electric Blues,Mannish Boy,63,321133,False,0.598,0.735,2,-10.882,1,0.0973,0.44,0.000215,0.681,0.615,111.129,3,blues,3,1.3862943611198906,0.0,0,3,0
8502,3omXshBamrREltcf24gYDC,Cold War Kids,Hold My Home,First,67,200360,False,0.468,0.692,2,-4.015,1,0.0295,0.0202,2.39e-06,0.523,0.561,78.009,4,blues,37,3.6375861597263857,0.02702702702702703,1,37,0
8509,3xMQOd1C3TXsjQ3pmzOmkC,The Black Keys,Turn Blue,Weight of Love,61,410186,False,0.282,0.547,2,-8.621,1,0.0322,0.03,0.888,0.104,0.133,151.468,4,blues,32,3.4965075614664802,0.0625,2,32,0
8510,4dpEYOPcmHNfvERbiajp3G,Cage The Elephant,Tell Me I'm Pretty,Sweetie Little Jean,63,224893,False,0.524,0.532,6,-6.07,0,0.026,0.0285,7.86e-05,0.242,0.367,135.678,4,blues,1,0.6931471805599453,0.0,0,1,0
8516,3C542UknrX76XSRXTyQ1Qg,The Black Keys,Brothers (Deluxe Remastered Anniversary Edition),Tighten Up,61,211336,False,0.517,0.711,6,-5.84,0,0.0627,0.000763,7.15e-06,0.568,0.582,108.846,4,blues,8,2.1972245773362196,0.375,3,8,0
8519,1PXsUXSM3LF2XNSkmIldPb,The Black Keys,El Camino,Little Black Submarines,66,251266,False,0.365,0.466,2,-7.514,1,0.0418,0.161,6.68e-06,0.106,0.487,95.163,4,blues,45,3.828641396489095,0.0,0,45,0
8521,5lN1EH25gdiqT1SFALMAq1,The Black Keys,El Camino,Gold on the Ceiling,70,224333,False,0.505,0.833,0,-4.632,1,0.0475,0.00772,7.9e-05,0.069,0.565,130.121,4,blues,48,3.8918202981106265,0.020833333333333332,1,48,0
8523,0cJPLFrlV7TTCyPLupHzcH,The Who,Who's Next (Deluxe Edition),Won't Get Fooled Again - Original Album Version,67,511400,False,0.686,0.92,2,-6.231,1,0.0566,0.301,0.27,0.0807,0.225,135.027,4,blues,1,0.6931471805599453,0.0,0,1,0
8530,1UBQ5GK8JaQjm5VbkBZY66,ZZ Top,Eliminator,Sharp Dressed Man - 2008 Remaster,73,258026,False,0.601,0.859,5,-5.263,1,0.0276,0.000359,0.00124,0.0871,0.446,125.145,4,blues,2,1.0986122886681098,0.0,0,2,0
8531,1IqFh00G2kvvMm8pRMpehA,Janis Joplin,Pearl (Legacy Edition),Me and Bobby McGee,70,271333,False,0.43,0.463,2,-10.96,1,0.0442,0.303,5.84e-05,0.152,0.66,93.405,4,blues,2,1.0986122886681098,0.0,0,2,0
8536,05NYcsjJwOYq4jIiKPVj9p,The Black Crowes,Shake Your Money Maker,Hard To Handle,72,188066,False,0.599,0.79,4,-3.58,1,0.043,0.00257,0.00181,0.312,0.961,103.783,4,blues,2,1.0986122886681098,0.5,1,2,1
8553,5CGpPUcUahMuLzkNK9ZgPP,Traffic,Mr. Fantasy,Dear Mr. Fantasy,60,334000,False,0.24,0.615,2,-14.117,1,0.0677,0.171,0.0125,0.0801,0.768,166.657,4,blues,28,3.367295829986474,0.03571428571428571,1,28,0
8570,3MjrueDQKVr6xDDseZwhEd,Royal Blood,Royal Blood,Figure It Out,67,183602,False,0.658,0.814,0,-4.631,1,0.0558,0.229,0.00676,0.216,0.69,108.016,4,blues,19,2.995732273553991,0.0,0,19,0
8574,2hitsKa8SthKhRJBXUHbIv,"Crosby, Stills, Nash & Young",Deja Vu,Our House,68,179760,False,0.592,0.205,9,-14.601,1,0.048,0.896,5.46e-05,0.119,0.378,140.282,4,blues,4,1.6094379124341003,0.0,0,4,0
8584,1PC5GV3OaoXx5em8ttQOMI,J.J. Cale,Naturally,After Midnight,66,143693,False,0.694,0.306,2,-19.315,1,0.0353,0.171,0.0736,0.0866,0.521,95.989,4,blues,2,1.0986122886681098,0.0,0,2,0
8600,4nmne9J3YCEdhvjTzwiAgu,Santana,Ultimate Santana,Black Magic Woman,62,195866,False,0.497,0.552,9,-7.102,0,0.0307,0.679,0.0314,0.089,0.633,124.359,4,blues,1,0.6931471805599453,0.0,0,1,0
8607,1bp2IO61zbQrbWNmKKxg3f,Steve Miller Band,The Joker,The Joker,74,264503,False,0.596,0.448,5,-9.616,1,0.0396,0.365,5.3e-06,0.206,0.796,83.293,4,blues,1,0.6931471805599453,0.0,0,1,0
8610,48sc7vBJeNoCEQhxO3zYKA,Cage The Elephant,Tell Me I'm Pretty,Too Late To Say Goodbye,60,252786,False,0.482,0.55,4,-7.098,0,0.0356,0.135,0.0,0.294,0.105,67.559,4,blues,3,1.3862943611198906,0.0,0,3,0
8611,3MJov5mT64K42o1Rffhblq,Dan Auerbach,Waiting on a Song,Never in My Wildest Dreams,64,176026,False,0.559,0.466,5,-6.769,1,0.0362,0.315,0.0039,0.0933,0.623,117.21,4,blues,31,3.4657359027997265,0.03225806451612903,1,31,0
8616,5XNpdKmlLJPUbwKQceX2tW,Stevie Ray Vaughan,Couldn't Stand The Weather (Legacy Edition),Little Wing,61,408480,False,0.475,0.383,1,-14.202,1,0.0375,0.362,0.749,0.0728,0.524,114.709,4,blues,56,4.04305126783455,0.14285714285714285,8,56,0
8661,5u6y4u5EgDv0peILf60H5t,Santana,Abraxas,Oye Como Va,67,256933,False,0.736,0.379,7,-13.208,1,0.0539,0.301,0.345,0.104,0.948,128.399,4,blues,51,3.9512437185814275,0.0,0,51,0
8668,4zoQ3EqopTIGmK2c2rPV5t,Jeff Beck,Blow By Blow,Cause We've Ended as Lovers,53,342066,False,0.549,0.294,0,-13.181,0,0.0337,0.144,0.798,0.108,0.145,115.294,4,blues,46,3.8501476017100584,0.0,0,46,0
8687,1yKah8BCP3Vgq2tPBOLKL0,John Mayall & The Bluesbreakers;Eric Clapton,Bluesbreakers,All Your Love - Stereo,57,212600,False,0.321,0.625,2,-5.219,0,0.0302,0.491,5.08e-05,0.345,0.777,107.338,4,blues,11,2.4849066497880004,0.09090909090909091,1,11,0
8702,7d6qX28ITEgBUhCJ86SeYq,Cage The Elephant,Unpeeled,Right Before My Eyes - Unpeeled,55,280213,False,0.494,0.185,2,-10.275,1,0.0305,0.829,0.0,0.113,0.272,123.97,4,blues,31,3.4657359027997265,0.0,0,31,0
8706,6vcdiwrCVXnTLASFdjEV8r,Cage The Elephant,Tell Me I'm Pretty,How Are You True,57,280946,False,0.493,0.461,11,-9.777,0,0.0336,0.391,0.000346,0.0985,0.288,140.034,4,blues,1,0.6931471805599453,0.0,0,1,0
8710,2xar08Fq5xra2KKZs5Bw9j,Ray Charles,"Ray Charles (aka: Hallelujah, I Love Her So)",I've Got a Woman,66,171466,False,0.556,0.61,9,-4.729,1,0.213,0.833,2.22e-06,0.258,0.665,199.373,4,blues,1,0.6931471805599453,0.0,0,1,0
8714,5r5Lj2MkgwQJz6TaBdL865,Cage The Elephant,Melophobia,Spiderhead,63,222813,False,0.543,0.946,2,-0.734,1,0.0454,0.00614,1.49e-05,0.106,0.547,117.962,4,blues,4,1.6094379124341003,0.0,0,4,0
8718,6FRwDxXsvSasw0y2eDArsz,Cream,Disraeli Gears,Sunshine Of Your Love,60,250000,False,0.684,0.481,2,-12.59,1,0.0384,0.475,6.57e-05,0.118,0.784,115.078,4,blues,7,2.0794415416798357,0.2857142857142857,2,7,0
8719,0nFZ2HQRnIxiwraCm2X6Uq,Stevie Ray Vaughan,Texas Flood (Legacy Edition),Mary Had a Little Lamb,60,166960,False,0.678,0.493,8,-13.782,1,0.0302,0.0882,0.153,0.264,0.914,122.627,4,blues,24,3.2188758248682006,0.0,0,24,0
8752,4G1rzFZNDcReeg9BOpNimT,David Gilmour,On An Island,Smile,46,243266,False,0.43,0.141,0,-16.376,1,0.0286,0.757,0.000499,0.127,0.143,93.577,3,blues,1,0.6931471805599453,0.0,0,1,0
8764,0h4jHdNzUrV9eGR2PT5R8c,Stevie Ray Vaughan,Texas Flood (Legacy Edition),Lenny,56,297373,False,0.513,0.171,8,-17.904,1,0.0422,0.775,0.458,0.139,0.321,118.461,4,blues,61,4.127134385045092,0.0,0,61,0
8769,6LbbHFEajG9e4m0G3L47c4,The Who,Tommy,Pinball Wizard,68,180943,False,0.543,0.715,2,-8.89,1,0.0356,0.0192,0.0,0.256,0.468,124.011,4,blues,27,3.332204510175204,0.0,0,27,0
8772,618hiI74zBL8UVgAvfmkLj,Eric Clapton;B.B. King,Riding with the King,Riding with the King,57,264240,False,0.462,0.796,9,-6.202,1,0.0322,0.384,0.0,0.296,0.824,204.028,4,blues,2,1.0986122886681098,0.0,0,2,0
8783,1ynmMEK1fkyiZ6Z6F3ThEt,The J. Geils Band,Freeze Frame,Centerfold,74,216533,False,0.653,0.677,0,-12.244,1,0.0396,0.249,0.0,0.403,0.888,114.37,4,blues,1,0.6931471805599453,1.0,1,1,1
8801,3MowdPlS0Vc83w0Mywdmjx,Bryce Fox,Heaven on Hold,Stomp Me Out,51,228386,False,0.295,0.738,10,-5.384,1,0.12,0.0101,0.000142,0.063,0.301,75.003,4,blues,1,0.6931471805599453,0.0,0,1,0
8814,3kwtAEYzWabYBdSIfjoNmL,Dan Auerbach,Keep It Hid,The Prowl,55,196386,False,0.37,0.755,8,-5.812,1,0.0552,0.204,0.0266,0.663,0.595,85.377,4,blues,1,0.6931471805599453,0.0,0,1,0
8818,0X0Lz7LwpiIWcdGqVWaxXD,Cage The Elephant,Tell Me I'm Pretty,Mess Around,60,173173,False,0.423,0.931,11,-5.225,0,0.0539,0.0119,0.00104,0.629,0.61,150.385,4,blues,4,1.6094379124341003,0.0,0,4,0
8851,4ehkZtzPTbjsRULRfQSWYu,Leon Bridges;John Mayer,Inside Friend (feat. John Mayer),Inside Friend (feat. John Mayer),58,175432,False,0.693,0.259,1,-7.918,1,0.0372,0.448,0.000135,0.0995,0.361,88.972,4,blues,1,0.6931471805599453,0.0,0,1,0
8852,5DSYSJvmhIWkPmfPfDct2m,Anderson East,Fifty Shades Darker (Original Motion Picture Soundtrack),What Would It Take,48,239440,False,0.609,0.471,9,-7.509,1,0.0262,0.26,0.23,0.121,0.33,109.295,3,blues,1,0.6931471805599453,0.0,0,1,0
8858,0iYBNrznkCwhN3xCmNVJpo,Greta Van Fleet,Anthem Of The Peaceful Army,You're The One,63,266933,False,0.553,0.807,2,-5.805,1,0.0428,0.0125,0.00222,0.302,0.575,151.916,4,blues,1,0.6931471805599453,0.0,0,1,0
8859,0YZ3J8xzGwLOg4yEgST1YK,Joe Cocker,With A Little Help From My Friends,With A Little Help From My Friends,67,312173,False,0.307,0.43,2,-11.333,1,0.0629,0.288,0.000994,0.0988,0.305,145.224,3,blues,1,0.6931471805599453,0.0,0,1,0
8863,52KT9rZ08EwZM80YJIbxFq,The Black Keys,Brothers (Deluxe Remastered Anniversary Edition),Sinister Kid,47,224381,False,0.744,0.871,9,-5.411,1,0.0968,0.0985,0.113,0.271,0.874,139.661,4,blues,12,2.5649493574615367,0.08333333333333333,1,12,0
8867,3RdQfyk7BBxxIx0zSnCBIw,The White Stripes,Elephant,The Hardest Button to Button,63,212888,False,0.694,0.515,4,-8.663,0,0.0736,0.00666,0.622,0.0884,0.566,128.246,4,blues,14,2.70805020110221,0.0,0,14,0
8913,5Yp3e8RcjYevBTZYJ7OD7s,Santana,Ultimate Santana,Europa (Earth's Cry Heaven's Smile),56,305946,False,0.296,0.669,0,-5.364,0,0.0452,0.03,0.831,0.154,0.679,74.692,4,blues,1,0.6931471805599453,0.0,0,1,0
8917,2YJgM8lj4u5YEZRSHSfL60,Derek & The Dominos,Layla And Other Assorted Love Songs (Remastered 2010),Bell Bottom Blues,59,301720,False,0.404,0.695,2,-6.162,1,0.034,0.587,0.0383,0.159,0.646,133.136,4,blues,13,2.6390573296152584,0.07692307692307693,1,13,0
8918,6zGDIDjfDkPyNxrEERO3XG,ZZ Top,Fandango! (Expanded 2006 Remaster),Tush - 2006 Remaster,69,137933,False,0.58,0.885,0,-5.154,0,0.0715,0.1,0.00157,0.146,0.788,145.405,4,blues,50,3.9318256327243257,0.02,1,50,0
8929,23IJ5wLRhEZ9DOuia5mPiZ,The Who,Who Are You,Who Are You,65,381626,True,0.651,0.648,9,-11.409,1,0.0501,0.262,0.0042,0.0655,0.49,156.372,4,blues,19,2.995732273553991,0.10526315789473684,2,19,0
8939,0P7DoyGrr4Wp9w5TotEtUC,The Band,Music From Big Pink (Remastered),The Weight - Remastered 2000,72,274493,False,0.63,0.551,9,-9.28,1,0.0549,0.373,5.75e-05,0.103,0.518,143.868,4,blues,28,3.367295829986474,0.03571428571428571,1,28,0
8972,29HaKOpeLSYvqdFyEQSRdj,"Crosby, Stills, Nash & Young",Deja Vu,Teach Your Children,64,173466,False,0.497,0.285,2,-14.537,1,0.0264,0.643,1.69e-05,0.389,0.667,154.707,4,blues,1,0.6931471805599453,0.0,0,1,0
9500,0XMl0fVTh3PyPlwyJTn33n,KVSH;Schillist;Ray X Ben,Be Someone,Be Someone,69,166005,True,0.711,0.722,2,-8.438,1,0.202,0.101,1.26e-05,0.628,0.398,120.058,4,brazil,3,1.3862943611198906,0.3333333333333333,1,3,0
10501,1EUeDFq2zNP784GPaRs9aH,The Chemical Brothers,Push The Button,The Boxer,44,247989,False,0.384,0.99,7,-3.826,1,0.0601,0.00474,0.036,0.363,0.663,193.93,4,breakbeat,1,0.6931471805599453,0.0,0,1,0
11010,46IZ0fSY2mpAiktS3KOqds,Adele,30,Easy On Me,82,224694,False,0.604,0.366,5,-7.519,1,0.0282,0.578,0.0,0.133,0.13,141.981,4,british,1,0.6931471805599453,1.0,1,1,1
11016,6dGnYIeXmHdcikdzNNDMm2,The Beatles,Abbey Road (Remastered),Here Comes The Sun - Remastered 2009,82,185733,False,0.557,0.54,9,-10.484,1,0.0347,0.0339,0.00248,0.179,0.394,129.171,4,british,102,4.634728988229636,0.0,0,102,0
11017,3BQHpFgAp4l80e1XslIjNI,The Beatles,Help! (Remastered),Yesterday - Remastered 2009,76,125666,False,0.332,0.179,5,-11.83,1,0.0326,0.879,0.0,0.0886,0.315,96.529,4,british,134,4.90527477843843,0.007462686567164179,1,134,0
11018,7iN1s7xHE4ifF5povM6A48,The Beatles,Let It Be (Remastered),Let It Be - Remastered 2009,77,243026,False,0.443,0.403,0,-8.339,1,0.0322,0.631,0.0,0.111,0.41,143.462,4,british,90,4.51085950651685,0.0,0,90,0
11054,6v0UJD4a2FtleHeSYVX02A,Adele,30,I Drink Wine,75,376169,False,0.437,0.565,10,-5.596,1,0.0466,0.697,0.0,0.119,0.306,115.389,4,british,1,0.6931471805599453,0.0,0,1,0
11055,2EqlS6tkEnglzr7tkKAAYD,The Beatles,Abbey Road (Remastered),Come Together - Remastered 2009,77,259946,False,0.533,0.376,9,-11.913,0,0.0393,0.0302,0.248,0.0926,0.187,165.007,4,british,137,4.927253685157205,0.0072992700729927005,1,137,0
11057,3KfbEIOC7YIv90FIfNSZpo,The Beatles,Rubber Soul (Remastered),In My Life - Remastered 2009,74,146333,False,0.688,0.435,9,-11.359,1,0.0323,0.449,0.0,0.113,0.435,103.239,4,british,113,4.736198448394496,0.0,0,113,0
11059,5jgFfDIR6FR0gvlA56Nakr,The Beatles,The Beatles (Remastered),Blackbird - Remastered 2009,74,138386,False,0.686,0.127,7,-14.361,1,0.0342,0.754,1.41e-05,0.0573,0.372,93.699,4,british,87,4.477336814478207,0.011494252873563218,1,87,0
11063,0aym2LBJBk9DAYuHHutrIl,The Beatles,1 (Remastered),Hey Jude - Remastered 2015,74,425653,False,0.386,0.607,10,-7.7,1,0.0261,0.0112,1.38e-05,0.088,0.532,147.207,4,british,1,0.6931471805599453,0.0,0,1,0
11064,63T7DJ1AFDD6Bn8VzG6JE8,The Rolling Stones,Aftermath,"Paint It, Black",80,202266,False,0.464,0.795,1,-9.267,1,0.0926,0.0493,0.00244,0.399,0.612,158.691,4,british,22,3.1354942159291497,0.045454545454545456,1,22,0
11065,1gFNm7cXfG1vSMcxPpSxec,The Beatles,The Beatles (Remastered),"Ob-La-Di, Ob-La-Da - Remastered 2009",71,188960,False,0.818,0.728,10,-8.331,1,0.0314,0.232,0.0642,0.251,0.975,113.059,4,british,39,3.6888794541139363,0.02564102564102564,1,39,0
11069,2PzU4IB8Dr6mxV3lHuaG34,The Rolling Stones,Out Of Our Heads,(I Can't Get No) Satisfaction - Mono Version,77,222813,False,0.723,0.863,2,-7.89,1,0.0338,0.0383,0.0317,0.128,0.931,136.302,4,british,4,1.6094379124341003,0.0,0,4,0
11070,6H3kDe7CGoWYBabAeVWGiD,The Rolling Stones,Let It Bleed,Gimme Shelter,77,270773,False,0.634,0.63,1,-8.277,0,0.031,0.447,0.039,0.17,0.489,118.628,4,british,1,0.6931471805599453,0.0,0,1,0
11071,7mjSHL2Eb0kAwiKbvNNyD9,Yusuf / Cat Stevens,Tea For The Tillerman (Remastered 2020),Wild World,77,200560,False,0.48,0.542,0,-8.51,1,0.0348,0.345,0.000609,0.113,0.567,152.853,4,british,20,3.044522437723423,0.0,0,20,0
11072,5ZBeML7Lf3FMEVviTyvi8l,The Beatles,Please Please Me (Remastered),Twist And Shout - Remastered 2009,75,155226,False,0.482,0.849,2,-9.198,1,0.0452,0.641,7.74e-06,0.0414,0.937,124.631,4,british,76,4.343805421853684,0.0,0,76,0
11074,1H7gMYGykdtwZOV6s1N0by,The Beatles,Rubber Soul (Remastered),Norwegian Wood (This Bird Has Flown) - Remastered 2009,70,124693,False,0.425,0.369,4,-11.876,1,0.0379,0.183,0.00126,0.112,0.65,176.625,3,british,73,4.30406509320417,0.0136986301369863,1,73,0
11102,7oOEFDLSQscl0uGulnIEmG,Michael Kiwanuka,Love & Hate,Love & Hate,65,427093,False,0.278,0.494,7,-7.853,0,0.029,0.157,0.000407,0.173,0.527,169.661,4,british,1,0.6931471805599453,0.0,0,1,0
11103,2nGFzvICaeEWjIrBrL2RAx,Corinne Bailey Rae,Corinne Bailey Rae,Put Your Records On,77,215360,False,0.739,0.511,9,-7.844,1,0.0362,0.167,1.34e-06,0.133,0.542,96.038,4,british,1,0.6931471805599453,0.0,0,1,0
11114,0pNeVovbiZHkulpGeOx1Gj,The Beatles,Abbey Road (Remastered),Something - Remastered 2009,72,182293,False,0.396,0.338,0,-10.872,1,0.0304,0.198,2.62e-06,0.138,0.377,133.522,4,british,102,4.634728988229636,0.029411764705882353,3,102,0
11118,3Am0IbOxmvlSXro7N5iSfZ,The Beatles,Magical Mystery Tour (Remastered),Strawberry Fields Forever - Remastered 2009,69,247320,False,0.39,0.502,10,-12.277,1,0.178,0.336,0.000138,0.0713,0.289,97.871,4,british,104,4.653960350157523,0.0,0,104,0
11119,476V2d6iA2tWXgQboKmTtA,Yusuf / Cat Stevens,Tea For The Tillerman (Remastered 2020),Father And Son,74,221120,False,0.495,0.326,7,-12.29,1,0.0365,0.541,8.85e-05,0.0996,0.371,136.243,4,british,16,2.833213344056216,0.125,2,16,0
11120,389QX9Q1eUOEZ19vtzzI9O,The Beatles,The Beatles (Remastered),While My Guitar Gently Weeps - Remastered 2009,70,285000,False,0.453,0.654,4,-8.855,0,0.0317,0.0205,0.00395,0.172,0.702,115.0,4,british,66,4.204692619390966,0.015151515151515152,1,66,0
11123,1GcVa4jFySlun4jLSuMhiq,The Rolling Stones,Goats Head Soup (Remastered 2009),Angie,72,272000,False,0.429,0.554,9,-6.128,0,0.0291,0.67,0.000152,0.105,0.407,136.302,4,british,33,3.5263605246161616,0.09090909090909091,3,33,0
11124,7DD7eSuYSC5xk2ArU62esN,The Beatles,Help! (Remastered),Help! - Remastered 2009,70,139560,False,0.534,0.725,6,-7.576,0,0.0332,0.188,0.0,0.0994,0.763,95.003,4,british,86,4.465908118654584,0.0,0,86,0
11128,5GjPQ0eI7AgmOnADn1EO6Q,The Beatles,Revolver (Remastered),Eleanor Rigby - Remastered 2009,69,126533,False,0.581,0.28,4,-9.091,0,0.0381,0.936,1.56e-05,0.305,0.813,137.831,4,british,102,4.634728988229636,0.0,0,102,0
11130,7HKez549fwJQDzx3zLjHKC,The Rolling Stones,Tattoo You (2009 Re-Mastered),Start Me Up - Remastered 2009,77,213066,False,0.631,0.932,5,-4.142,1,0.0354,0.0436,0.137,0.0918,0.971,122.429,4,british,64,4.174387269895637,0.03125,2,64,0
11159,65vdMBskhx3akkG9vQlSH1,The Beatles,A Hard Day's Night (Remastered),And I Love Her - Remastered 2009,68,149693,False,0.767,0.331,1,-10.777,0,0.0337,0.64,0.0,0.0681,0.636,113.312,4,british,50,3.9318256327243257,0.06,3,50,0
11166,4dkoqJrP0L8FXftrMZongF,The Beatles,Let It Be (Remastered),Across The Universe - Remastered 2009,66,228133,False,0.257,0.412,1,-11.788,1,0.0287,0.361,8.68e-05,0.0702,0.858,152.126,4,british,49,3.912023005428146,0.061224489795918366,3,49,0
11167,4joiWvli4qJVEW6qZV2i2J,The Beatles,With The Beatles (Remastered),All My Loving - Remastered 2009,68,127853,False,0.416,0.563,1,-8.724,0,0.0298,0.207,0.0,0.343,0.9,77.56,4,british,71,4.276666119016055,0.0,0,71,0
11168,25yQPHgC35WNnnOUqFhgVR,The Beatles,Sgt. Pepper's Lonely Hearts Club Band (Remastered),Lucy In The Sky With Diamonds - Remastered 2009,68,208466,False,0.311,0.325,2,-9.042,1,0.0283,0.0469,0.0,0.139,0.668,65.09,1,british,75,4.330733340286331,0.04,3,75,0
11169,5By7Pzgl6TMuVJG168VWzS,The Beatles,Rubber Soul (Remastered),Michelle - Remastered 2009,66,162373,False,0.578,0.29,5,-12.501,0,0.0341,0.652,0.0,0.105,0.666,117.403,4,british,44,3.8066624897703196,0.022727272727272728,1,44,0
11171,4qsVPnhbvEooD1bSNqvvh0,The Beatles,1 (Remastered),Let It Be - Remastered 2015,63,230440,False,0.445,0.436,0,-8.536,1,0.0332,0.58,2.63e-05,0.112,0.483,139.848,4,british,1,0.6931471805599453,0.0,0,1,0
11173,77oU2rjC5XbjQfNe3bD6so,The Rolling Stones,Some Girls,Beast Of Burden - Remastered 1994,73,265173,False,0.783,0.878,1,-3.864,0,0.0308,0.39,0.000778,0.0426,0.885,100.626,4,british,96,4.574710978503383,0.0,0,96,0
11175,2uhEKg8kIzpdvz4gyy6x8W,Ben Howard,Every Kingdom,Only Love,71,249173,False,0.545,0.485,8,-9.941,1,0.151,0.3,0.00137,0.119,0.341,80.401,4,british,44,3.8066624897703196,0.0,0,44,0
11177,3CAX47TnPqTujLIQTw8nwI,Ben Howard,Every Kingdom,Old Pine,68,328506,False,0.401,0.364,5,-10.836,1,0.033,0.45,0.0503,0.162,0.224,129.57,4,british,1,0.6931471805599453,0.0,0,1,0
11188,52dm9op3rbfAkc1LGXgipW,The Rolling Stones,Sticky Fingers (Remastered),Wild Horses - 2009 Mix,69,341773,False,0.432,0.389,7,-6.517,1,0.0255,0.687,0.0107,0.0788,0.158,139.506,4,british,76,4.343805421853684,0.039473684210526314,3,76,0
11190,1Ud6moTC0KyXMq1Oxfien0,The Rolling Stones,Beggars Banquet (50th Anniversary Edition),Sympathy For The Devil - 50th Anniversary Edition,74,378146,False,0.702,0.668,9,-9.237,1,0.214,0.518,0.0,0.0588,0.561,116.063,4,british,1,0.6931471805599453,0.0,0,1,0
11191,4KROoGIaPaR1pBHPnR3bwC,Nick Drake,Pink Moon,Pink Moon,70,124000,False,0.642,0.427,3,-8.471,1,0.0402,0.871,0.0904,0.124,0.404,82.344,4,british,9,2.302585092994046,0.0,0,9,0
11208,09x9v1o51dbqi5H0u7UGfp,The Beatles,The Beatles (Remastered),I Will - Remastered 2009,63,105933,False,0.631,0.387,5,-11.529,1,0.0262,0.742,0.000406,0.0822,0.832,103.11,4,british,105,4.663439094112067,0.01904761904761905,2,105,0
11216,2mxByJWOajjiVsLWjNXvDJ,The Beatles,Abbey Road (Remastered),Oh! Darling - Remastered 2009,67,207240,False,0.422,0.656,4,-8.412,1,0.0397,0.0126,0.0279,0.268,0.549,173.93,3,british,71,4.276666119016055,0.0,0,71,0
11223,2RnPATK99oGOZygnD2GTO6,The Beatles,Sgt. Pepper's Lonely Hearts Club Band (Remastered),With A Little Help From My Friends - Remastered 2009,66,164106,False,0.705,0.515,4,-9.343,1,0.0337,0.365,0.0,0.389,0.803,112.035,4,british,77,4.356708826689592,0.012987012987012988,1,77,0
11226,5J2CHimS7dWYMImCHkEFaJ,The Beatles,A Hard Day's Night (Remastered),A Hard Day's Night - Remastered 2009,67,154200,False,0.59,0.805,0,-6.481,1,0.0371,0.137,0.0,0.0996,0.797,138.514,4,british,63,4.1588830833596715,0.0,0,63,0
11227,6lFZbCc7pn6Lme1NP7qQqQ,The Rolling Stones,Let It Bleed,You Can't Always Get What You Want,68,448720,False,0.32,0.62,0,-9.686,1,0.0594,0.64,6.36e-05,0.253,0.472,86.327,4,british,2,1.0986122886681098,0.5,1,2,1
11229,3KiexfmhxHvG5IgAElmTkd,The Beatles,Please Please Me (Remastered),I Saw Her Standing There - Remastered 2009,67,173946,False,0.491,0.801,4,-9.835,1,0.0361,0.27,0.0,0.0665,0.971,160.109,4,british,59,4.0943445622221,0.03389830508474576,2,59,0
11232,3VbGCXWRiouAq8VyMYN2MI,The Beatles,Please Please Me (Remastered),Love Me Do - Remastered 2009,68,141693,False,0.52,0.829,0,-6.228,1,0.0806,0.386,6.2e-05,0.227,0.744,147.997,4,british,38,3.6635616461296463,0.07894736842105263,3,38,0
11239,5y8d8RHvxb0KiTa9Nq0xWp,Yusuf / Cat Stevens,Teaser And The Firecat (Remastered 2021),Morning Has Broken - Remastered 2021,69,199453,False,0.443,0.365,7,-11.829,1,0.0315,0.592,0.00484,0.0886,0.398,133.156,3,british,4,1.6094379124341003,0.5,2,4,1
11269,01SfTM5nfCou5gQL70r6gs,The Beatles,Abbey Road (Remastered),Golden Slumbers - Remastered 2009,64,91760,False,0.419,0.152,0,-12.126,1,0.0277,0.326,0.0034,0.113,0.239,80.608,4,british,80,4.394449154672439,0.0125,1,80,0
11272,1fSdAkbofT03q7ddO2jdss,The Kinks,Everybody's in Show-Biz (Super Deluxe),Supersonic Rocket Ship,28,211578,False,0.612,0.42,7,-15.645,1,0.0443,0.855,0.0166,0.1,0.874,150.125,4,british,5,1.791759469228055,0.0,0,5,0
11275,3mlMpmY8oZIBFc39D9zLbh,The Beatles,Let It Be (Remastered),The Long And Winding Road - Remastered 2009,64,218186,False,0.299,0.329,3,-10.096,1,0.0279,0.756,0.0105,0.0559,0.392,132.282,4,british,37,3.6375861597263857,0.0,0,37,0
11276,0hKRSZhUGEhKU6aNSPBACZ,The Beatles,Sgt. Pepper's Lonely Hearts Club Band (Remastered),A Day In The Life - Remastered 2009,64,337413,False,0.364,0.457,4,-14.162,0,0.0675,0.29,0.000106,0.922,0.175,163.219,4,british,99,4.605170185988092,0.030303030303030304,3,99,0
11282,2B4Y9u4ERAFiMo13XPJyGP,The Beatles,Revolver (Remastered),"Here, There And Everywhere - Remastered 2009",64,144880,False,0.29,0.247,7,-12.125,1,0.0383,0.921,0.00565,0.0917,0.36,165.361,4,british,49,3.912023005428146,0.04081632653061224,2,49,0
11287,1NrbnHlR2BFREcyWXHIHip,The Beatles,Sgt. Pepper's Lonely Hearts Club Band (Remastered),When I'm Sixty Four - Remastered 2009,63,157666,False,0.704,0.241,1,-13.258,1,0.0476,0.625,2.8e-05,0.0868,0.661,140.411,4,british,76,4.343805421853684,0.02631578947368421,2,76,0
11289,6ek9SiEj5a65WIs2EV7qiM,Dusty Springfield,Dusty In Memphis,Son Of A Preacher Man,73,148053,False,0.404,0.43,4,-12.327,1,0.224,0.538,0.0,0.0802,0.641,180.061,4,british,91,4.5217885770490405,0.02197802197802198,2,91,0
11292,5SUlhldQJtOhUr2GzH5RI7,The Beatles,Rubber Soul (Remastered),Nowhere Man - Remastered 2009,63,163693,False,0.534,0.624,4,-9.589,1,0.0462,0.00797,0.0,0.128,0.687,121.402,4,british,94,4.553876891600541,0.031914893617021274,3,94,0
11295,0j3p1p06deJ7f9xmJ9yG22,The Beatles,The Beatles (Remastered),Back In The U.S.S.R. - Remastered 2009,65,163453,False,0.48,0.969,9,-7.464,1,0.0854,0.069,0.00022,0.0608,0.494,142.489,4,british,59,4.0943445622221,0.05084745762711865,3,59,0
11299,68BTFws92cRztMS1oQ7Ewj,The Beatles,Magical Mystery Tour (Remastered),All You Need Is Love - Remastered 2009,65,230386,False,0.4,0.48,7,-7.768,1,0.0295,0.346,3.1e-05,0.155,0.653,103.436,4,british,109,4.700480365792417,0.01834862385321101,2,109,0
11303,2bcC9Xyi40wnI7Od5uch31,Paolo Nutini,Caustic Love,Iron Sky,64,373133,False,0.387,0.626,1,-7.134,0,0.0344,0.242,0.0012,0.11,0.316,139.724,4,british,1,0.6931471805599453,0.0,0,1,0
11320,4h5m56ExHLPUC9NGz7U1Qa,Paolo Nutini,Sunny Side Up,Candy,69,298693,False,0.612,0.601,7,-7.809,1,0.0421,0.373,0.0,0.156,0.368,125.164,4,british,1,0.6931471805599453,0.0,0,1,0
11335,0suLngfo7rJoetk7Ub6N8l,The Beatles,Abbey Road (Remastered),Octopus's Garden - Remastered 2009,63,170720,False,0.626,0.512,1,-9.15,0,0.0247,0.155,4.65e-05,0.215,0.73,92.225,4,british,62,4.143134726391533,0.03225806451612903,2,62,0
11349,4F1AgKpuFRMLEgtPETVwZk,The Beatles,Help! (Remastered),You've Got To Hide Your Love Away - Remastered 2009,65,129120,False,0.398,0.392,7,-9.05,1,0.0282,0.207,0.0,0.102,0.378,184.267,3,british,85,4.454347296253507,0.0,0,85,0
11358,1kDkaFlmkdEZiVUogaP9OZ,The Beatles,Revolver (Remastered),For No One - Remastered 2009,62,119813,False,0.483,0.351,1,-10.487,0,0.0278,0.783,0.0,0.115,0.713,81.208,4,british,105,4.663439094112067,0.009523809523809525,1,105,0
11361,6xM8oBy40nK1rOd8WmoOPx,Paolo Nutini,These Streets,Last Request,69,220413,False,0.605,0.704,5,-6.564,1,0.0476,0.241,0.0,0.137,0.4,80.925,4,british,11,2.4849066497880004,0.18181818181818182,2,11,0
11376,06ypiqmILMdVeaiErMFA91,The Beatles,Rubber Soul (Remastered),Drive My Car - Remastered 2009,65,148893,False,0.754,0.571,2,-8.547,1,0.0421,0.0173,0.0,0.3,0.82,122.463,4,british,42,3.7612001156935624,0.0,0,42,0
11390,7CZiDzGVjUssMSOXrDNYHL,The Beatles,Help! (Remastered),Ticket To Ride - Remastered 2009,65,189680,False,0.519,0.85,9,-6.777,1,0.0678,0.0457,0.0,0.233,0.749,123.419,4,british,71,4.276666119016055,0.0,0,71,0
11391,1h04XMpzGzmAudoI6VHBgA,The Beatles,Magical Mystery Tour (Remastered),Penny Lane - Remastered 2009,63,180893,False,0.651,0.488,9,-8.22,1,0.0316,0.212,0.026,0.136,0.49,113.038,4,british,81,4.406719247264253,0.0,0,81,0
11392,3EtIraJEHVSbBvLw5msioH,Nick Drake,Bryter Layter,Northern Sky,61,224013,False,0.53,0.264,5,-18.16,0,0.038,0.552,0.694,0.133,0.489,90.048,4,british,8,2.1972245773362196,0.125,1,8,0
11394,4MLBqAEzNN89o2M9h92Z26,The Beatles,Let It Be (Remastered),Get Back - Remastered 2009,66,189386,False,0.761,0.592,2,-9.836,1,0.0586,0.492,0.00626,0.61,0.332,123.095,4,british,66,4.204692619390966,0.0,0,66,0
11413,3Z25k4ZF6QENy2d9YatsM5,The Beatles,Abbey Road (Remastered),I Want You (She's So Heavy) - Remastered 2009,61,467320,False,0.37,0.515,2,-9.487,0,0.0321,0.0233,0.205,0.0966,0.42,115.732,4,british,42,3.7612001156935624,0.0,0,42,0
11421,0ESIjVxnDnCDaTPo6sStHm,The Beatles,With The Beatles (Remastered),Till There Was You - Remastered 2009,61,133506,False,0.727,0.338,5,-13.887,1,0.0454,0.79,0.0,0.105,0.646,122.421,4,british,90,4.51085950651685,0.044444444444444446,4,90,0
11423,4fUKE8EULjQdHF4zb0M8FO,The Beatles,Sgt. Pepper's Lonely Hearts Club Band (Remastered),Sgt. Pepper's Lonely Hearts Club Band - Remastered 2009,62,122893,False,0.451,0.673,7,-9.115,1,0.0734,0.0857,0.00225,0.797,0.583,95.513,4,british,85,4.454347296253507,0.03529411764705882,3,85,0
11428,6Pq9MmkDQYZiiCDpxnvrf6,The Beatles,Magical Mystery Tour (Remastered),I Am The Walrus - Remastered 2009,62,275866,False,0.401,0.556,2,-10.532,1,0.0513,0.0828,0.000359,0.589,0.654,85.206,4,british,84,4.442651256490317,0.011904761904761904,1,84,0
11431,45WX2cfbL8bCIqv3rOq1G3,The Beatles,Beatles For Sale (Remastered),I'll Follow The Sun - Remastered 2009,60,108853,False,0.689,0.313,0,-10.073,1,0.0366,0.789,0.0,0.144,0.625,133.754,4,british,97,4.584967478670572,0.010309278350515464,1,97,0
11432,1Dg4dFJr3HW7sbA7vPejre,The Beatles,Beatles For Sale (Remastered),Eight Days A Week - Remastered 2009,64,163600,False,0.652,0.583,9,-7.811,1,0.038,0.412,0.0,0.119,0.744,138.134,4,british,73,4.30406509320417,0.0273972602739726,2,73,0
11433,1hIQPCM3oWXrpnXmgTDaKG,The Rolling Stones,Sticky Fingers (Remastered),Can't You Hear Me Knocking - 2009 Mix,64,436000,False,0.545,0.757,0,-5.228,1,0.0396,0.408,0.045,0.16,0.714,152.217,4,british,85,4.454347296253507,0.011764705882352941,1,85,0
11434,4hq0S6wznq7SHDyMOFXL9i,The Rolling Stones,Exile On Main Street (2010 Re-Mastered),Tumbling Dice,64,226333,False,0.615,0.91,11,-4.248,1,0.0347,0.5,0.511,0.281,0.77,111.013,4,british,49,3.912023005428146,0.02040816326530612,1,49,0
11435,50xwQXPtfNZFKFeZ0XePWc,The Beatles,Revolver (Remastered),Yellow Submarine - Remastered 2009,61,158880,False,0.604,0.549,1,-9.873,1,0.0389,0.531,0.0,0.438,0.696,111.398,4,british,67,4.219507705176107,0.029850746268656716,2,67,0
11436,3SdingSsFcZDZAyvcJbgAw,The Beatles,A Hard Day's Night (Remastered),Can't Buy Me Love - Remastered 2009,65,131866,False,0.483,0.677,0,-5.91,1,0.0593,0.283,0.0,0.321,0.842,170.72,4,british,67,4.219507705176107,0.04477611940298507,3,67,0
11471,0vZ97gHhemKm6c64hTfJNA,The Beatles,Magical Mystery Tour (Remastered),"Hello, Goodbye - Remastered 2009",63,208840,False,0.479,0.733,0,-8.753,1,0.0256,0.306,2.4e-05,0.414,0.806,99.307,4,british,61,4.127134385045092,0.06557377049180328,4,61,0
11473,3W4IoNW4011i8qfCwN75Va,Kokoroko,KOKOROKO,Abusey Junction,60,424080,False,0.71,0.346,8,-11.872,0,0.0582,0.839,0.935,0.111,0.364,83.912,4,british,3,1.3862943611198906,0.0,0,3,0
11474,6tQvjqDIK9GXWIC6mejms8,The Beatles,Rubber Soul (Remastered),Girl - Remastered 2009,60,151720,False,0.699,0.294,5,-13.205,0,0.0294,0.587,0.0,0.117,0.893,96.615,4,british,55,4.02535169073515,0.05454545454545454,3,55,0
11480,265Anh9hGoozFigjUVLUeD,Paolo Nutini,These Streets,New Shoes,67,203653,False,0.748,0.735,8,-8.692,1,0.0903,0.47,1.09e-05,0.0851,0.854,150.04,4,british,1,0.6931471805599453,0.0,0,1,0
11484,24hLpDpezPW6MdE0Hc99vW,George Fenton,You've Got Mail (Original Motion Picture Score),If Only,57,66466,False,0.361,0.0972,7,-19.72,1,0.0358,0.993,0.972,0.0772,0.0702,63.395,4,british,1,0.6931471805599453,0.0,0,1,0
11487,6yLIqXX9edg1x0HZS7cZEv,The Hollies,Hollies,The Air That I Breathe - 2008 Remaster,66,257106,False,0.279,0.473,4,-8.375,0,0.0309,0.242,0.00164,0.158,0.246,167.792,4,british,16,2.833213344056216,0.0,0,16,0
11488,788U1Sqej9M6c4iikuDGxO,The Beatles,Help! (Remastered),I've Just Seen A Face - Remastered 2009,60,125040,False,0.647,0.56,9,-8.809,1,0.0387,0.723,0.0,0.118,0.913,120.418,3,british,70,4.2626798770413155,0.02857142857142857,2,70,0
11495,0hNVjU6JKydHts0SAjHCno,Nick Drake,Bryter Layter,One Of These Things First,60,290733,False,0.604,0.37,4,-18.45,1,0.0362,0.836,0.346,0.0954,0.666,90.339,3,british,3,1.3862943611198906,0.0,0,3,0
11496,4hupcimlg3UBbW1kAQ6vrT,The Rolling Stones,Between The Buttons,Ruby Tuesday,63,196493,False,0.524,0.553,0,-10.767,1,0.0292,0.831,0.0,0.174,0.517,104.578,4,british,2,1.0986122886681098,0.5,1,2,1
11498,61UuPxxYUvacEH6SHIK3sU,The Rolling Stones,Sticky Fingers (Remastered),Brown Sugar - 2009 Remaster,67,228666,False,0.633,0.934,0,-3.594,1,0.0344,0.219,0.00021,0.0592,0.963,128.606,4,british,66,4.204692619390966,0.030303030303030304,2,66,0
11507,22H2KFYM3RJXFIezRQeaeG,Nicholas Hooper,Harry Potter and the Half-Blood Prince (Original Motion Picture Soundtrack),Harry & Hermione,53,172653,False,0.317,0.0436,0,-29.086,1,0.0317,0.891,0.922,0.157,0.0396,89.651,3,british,1,0.6931471805599453,0.0,0,1,0
11516,1hgvykolO4kBIEozATmpyj,The Beatles,A Hard Day's Night (Remastered),If I Fell - Remastered 2009,61,139466,False,0.665,0.31,2,-8.928,1,0.0278,0.68,0.0,0.0877,0.568,108.211,4,british,63,4.1588830833596715,0.031746031746031744,2,63,0
11519,5fpEDGQX0Ah3utGnFYulQZ,Ben Howard,Every Kingdom,Keep Your Head Up,67,264546,False,0.508,0.596,4,-9.034,0,0.0334,0.439,9.84e-06,0.111,0.4,79.359,4,british,1,0.6931471805599453,0.0,0,1,0
11524,2ylCrFiBu98SC0vFfaCent,The Beatles,Revolver (Remastered),I'm Only Sleeping - Remastered 2009,59,180320,False,0.494,0.47,8,-9.599,0,0.0301,0.21,0.0,0.28,0.698,103.477,4,british,29,3.4011973816621555,0.0,0,29,0
11529,3Umg8CDhO8dOSj7yBTInYb,The Beatles,Sgt. Pepper's Lonely Hearts Club Band (Remastered),Within You Without You - Remastered 2009,53,304666,False,0.352,0.479,6,-9.965,1,0.0338,0.339,0.000353,0.486,0.354,126.166,4,british,36,3.6109179126442243,0.08333333333333333,3,36,0
11535,5eZrW59C3UgBhkqNlowEID,The Beatles,Abbey Road (Remastered),Carry That Weight - Remastered 2009,59,96466,False,0.543,0.458,0,-8.976,1,0.0274,0.226,0.00663,0.298,0.704,84.319,4,british,79,4.382026634673881,0.012658227848101266,1,79,0
11541,2S8xyNRJX1XQdo3qnTuovI,The Beatles,Abbey Road (Remastered),Maxwell's Silver Hammer - Remastered 2009,58,207920,False,0.764,0.426,2,-11.045,1,0.0405,0.629,0.000119,0.132,0.726,131.12,4,british,37,3.6375861597263857,0.02702702702702703,1,37,0
11542,3PjMtNzwhDHqxoKudm6GvF,The Beatles,Sgt. Pepper's Lonely Hearts Club Band (Remastered),She's Leaving Home - Remastered 2009,58,215160,False,0.381,0.214,4,-11.629,1,0.0337,0.944,0.0,0.106,0.393,127.581,3,british,86,4.465908118654584,0.011627906976744186,1,86,0
11564,1rxoyGj1QuPoVi8fOft1Kt,The Beatles,Abbey Road (Remastered),Because - Remastered 2009,58,165666,False,0.328,0.249,2,-11.777,1,0.0272,0.754,5.77e-06,0.134,0.162,81.257,4,british,76,4.343805421853684,0.013157894736842105,1,76,0
11593,4u9f8hqstB7iITDJNzKhQx,The Who,My Generation (Stereo Version),My Generation - Stereo Version,65,198706,False,0.412,0.782,2,-9.186,0,0.058,0.308,0.00822,0.0775,0.705,96.732,4,british,1,0.6931471805599453,1.0,1,1,1
11594,0JBvtprXP2Z0LP3jmzA7Xp,The Beatles,Magical Mystery Tour (Remastered),"Baby, You're A Rich Man - Remastered 2009",53,181306,False,0.619,0.625,7,-9.635,1,0.036,0.0119,1.05e-06,0.152,0.467,96.751,4,british,119,4.787491742782046,0.025210084033613446,3,119,0
11596,5NQYyej46WQkgCbnzGD21W,The Beatles,The Beatles (Remastered),Dear Prudence - Remastered 2009,59,235773,False,0.388,0.529,7,-10.533,1,0.0436,0.16,0.0681,0.108,0.332,150.721,4,british,96,4.574710978503383,0.0,0,96,0
11599,4d0d2llNcQIHmaCgYTrODQ,Yusuf / Cat Stevens,Teaser And The Firecat (Remastered 2021),Peace Train - Remastered 2021,65,253293,False,0.594,0.682,0,-8.858,1,0.0487,0.051,4.56e-05,0.0919,0.76,82.487,4,british,8,2.1972245773362196,0.25,2,8,0
11626,1hTUFqJuQAMjXVGwUPWDqi,The Beatles,1 (Remastered),We Can Work It Out - Remastered 2015,61,135693,False,0.378,0.677,2,-8.63,1,0.0298,0.0635,0.0,0.183,0.648,106.071,4,british,1,0.6931471805599453,0.0,0,1,0
11636,4BRkPBUxOYffM2QXVlq7aC,The Beatles,Revolver (Remastered),Taxman - Remastered 2009,58,158853,False,0.469,0.596,7,-8.348,1,0.0749,0.0101,0.0,0.321,0.783,133.586,4,british,63,4.1588830833596715,0.0,0,63,0
11640,6M665tf7ZKQzUFA5yOrUE4,Peter Sarstedt,The Lost Album,Where Do You Go To (My Lovely) - Re-Recorded,56,287720,False,0.558,0.444,2,-7.549,0,0.0345,0.286,6.56e-05,0.121,0.444,182.583,3,british,2,1.0986122886681098,0.0,0,2,0
11660,4H3KBBAe2Fcgv9lH6E10Oe,Patrick Doyle,Harry Potter And The Goblet Of Fire (Original Motion Picture Soundtrack),Harry in Winter,55,174440,False,0.175,0.248,11,-16.707,0,0.0423,0.559,0.966,0.189,0.0396,110.447,3,british,78,4.3694478524670215,0.02564102564102564,2,78,0
11669,0f2zcrhhHT59aIGQvRlTZ1,Michael Kiwanuka,Love & Hate,One More Night,61,233413,False,0.684,0.764,6,-5.342,0,0.0254,0.0129,0.000171,0.141,0.944,107.806,4,british,1,0.6931471805599453,0.0,0,1,0
11672,7Aobt67JnaF7qN8jCCKvHq,The Beatles,Please Please Me (Remastered),Do You Want To Know A Secret - Remastered 2009,60,117013,False,0.673,0.349,4,-12.414,1,0.0368,0.608,0.0,0.38,0.609,124.451,4,british,33,3.5263605246161616,0.030303030303030304,1,33,0
11677,3XC7Jd6SfrQYKZJ6inyRHK,The Animals,Most of the Animals,House of the Rising Sun,64,269906,False,0.316,0.484,9,-9.11,0,0.0308,0.000334,0.00445,0.0912,0.299,117.363,3,british,45,3.828641396489095,0.0,0,45,0
11679,1jOLTO379yIu9aMnCkpMQl,The Beatles,Abbey Road (Remastered),You Never Give Me Your Money - Remastered 2009,58,242973,False,0.335,0.416,0,-11.051,1,0.0348,0.345,0.136,0.116,0.223,174.464,3,british,102,4.634728988229636,0.0392156862745098,4,102,0
11682,71LsKf3xISiOlY1mj7FFPP,The Beatles,The Beatles (Remastered),Happiness Is A Warm Gun - Remastered 2009,58,164546,False,0.431,0.54,9,-9.6,0,0.0589,0.523,1.34e-06,0.169,0.44,139.288,4,british,78,4.3694478524670215,0.0,0,78,0
11685,5E3BVY66TEDexFutOO5GeS,The Beatles,Rubber Soul (Remastered),I'm Looking Through You - Remastered 2009,58,146386,False,0.667,0.498,1,-11.027,1,0.0364,0.00772,0.0,0.0481,0.774,85.843,4,british,70,4.2626798770413155,0.0,0,70,0
11686,5p3nvmoaAY03qGmBQApn0w,Yusuf / Cat Stevens,Teaser And The Firecat (Remastered 2021),Moonshadow - Remastered 2021,61,168120,False,0.636,0.373,2,-9.062,1,0.0289,0.56,2.94e-06,0.0864,0.548,130.618,4,british,3,1.3862943611198906,0.0,0,3,0
11701,0jGVEPscW8KmqktoHqv2Pa,Simply Red,Sunrise European Single,Sunrise,57,200173,False,0.788,0.728,5,-5.123,0,0.0295,0.00325,0.23,0.0979,0.936,105.983,4,british,4,1.6094379124341003,0.0,0,4,0
11715,6PN51jW5TJ4XOFMO41lc6h,Paolo Nutini,Caustic Love,Better Man,56,329046,False,0.556,0.434,7,-9.548,1,0.0363,0.407,0.00545,0.104,0.505,147.507,4,british,1,0.6931471805599453,0.0,0,1,0
11717,5FnpXVgDOk2sLT58qM22Of,The Beatles,The Beatles (Remastered),Julia - Remastered 2009,54,176666,False,0.512,0.0953,2,-16.082,1,0.0304,0.828,0.000268,0.117,0.193,134.706,4,british,46,3.8501476017100584,0.021739130434782608,1,46,0
11726,3gwRWIbr5ycEVLIAXrWaw7,The Beatles,Let It Be (Remastered),I've Got A Feeling - Remastered 2009,57,217560,False,0.44,0.609,2,-8.824,1,0.0358,0.0715,0.0,0.582,0.364,165.156,4,british,65,4.189654742026425,0.0,0,65,0
11727,00oZhqZIQfL9P5CjOP6JsO,The Beatles,Revolver (Remastered),Tomorrow Never Knows - Remastered 2009,57,179546,False,0.38,0.829,5,-6.105,1,0.0405,8.4e-05,0.00208,0.342,0.0534,125.887,4,british,76,4.343805421853684,0.039473684210526314,3,76,0
11735,6EHuOufBeL6vk3TvVJB5qo,The Beatles,Please Please Me (Remastered),Please Please Me - Remastered 2009,58,120853,False,0.527,0.48,4,-9.61,1,0.028,0.334,0.0,0.0702,0.706,139.388,4,british,62,4.143134726391533,0.03225806451612903,2,62,0
11738,7eiNxeOC8dvYAJWgTOu6xn,Yusuf / Cat Stevens,Buddha And The Chocolate Box,Oh Very Young,59,156773,False,0.728,0.413,9,-11.188,1,0.0372,0.696,0.000398,0.0861,0.655,111.038,4,british,7,2.0794415416798357,0.0,0,7,0
11739,6vUssnJuFxgw1EFG717Kd5,The Zombies,Odessey & Oracle_ 30th Anniversary Edition,This Will Be Our Year [Mono],45,129160,False,0.4,0.516,9,-9.317,1,0.0316,0.779,2.38e-05,0.204,0.522,145.544,3,british,2,1.0986122886681098,0.0,0,2,0
11763,1euKWJfJSfPhgSendPrcXb,The Beatles,1 (Remastered),From Me To You - Mono / Remastered,58,116160,False,0.581,0.821,0,-4.387,1,0.0318,0.507,0.0,0.108,0.968,136.145,4,british,1,0.6931471805599453,0.0,0,1,0
11771,0CaBBQsaAiRHhiLmzi7ZRp,The Beatles,Let It Be (Remastered),Two Of Us - Remastered 2009,58,216813,False,0.726,0.702,7,-10.757,1,0.032,0.0974,3.46e-05,0.239,0.931,109.114,4,british,78,4.3694478524670215,0.038461538461538464,3,78,0
11784,3tGhRLgcCP6SIZU3tbGl7l,The Beatles,Revolver (Remastered),Got To Get You Into My Life - Remastered 2009,59,149240,False,0.521,0.524,0,-6.136,1,0.0302,0.42,9.27e-06,0.0838,0.711,136.679,4,british,71,4.276666119016055,0.014084507042253521,1,71,0
11785,5aHHf6jrqDRb1fcBmue2kn,The Beatles,Abbey Road (Remastered),The End - Remastered 2009,56,141613,False,0.647,0.487,11,-10.119,0,0.0689,0.00101,0.285,0.138,0.222,123.444,1,british,79,4.382026634673881,0.02531645569620253,2,79,0
11787,2jtUGFsqanQ82zqDlhiKIp,The Beatles,Abbey Road (Remastered),She Came In Through The Bathroom Window - Remastered 2009,57,118626,False,0.53,0.72,2,-8.793,1,0.0338,0.00376,3.38e-05,0.314,0.69,80.652,4,british,96,4.574710978503383,0.010416666666666666,1,96,0
11791,4KRgqwb4kvBuTz1utbYxfb,The Beatles,Revolver (Remastered),And Your Bird Can Sing - Remastered 2009,57,120493,False,0.555,0.65,4,-6.936,1,0.0282,0.0067,0.0491,0.236,0.966,132.59,4,british,74,4.31748811353631,0.013513513513513514,1,74,0
11797,4LLBKnNCrSRrSjSTuiwjE9,The Beatles,Rubber Soul (Remastered),You Won't See Me - Remastered 2009,55,199960,False,0.488,0.539,9,-8.752,1,0.0304,0.136,0.0,0.0538,0.473,115.941,4,british,63,4.1588830833596715,0.031746031746031744,2,63,0
11811,2baEFuU0gQon0hgVRioI1o,The Beatles,Please Please Me (Remastered),Anna (Go To Him) - Remastered 2009,57,177133,False,0.608,0.565,2,-11.06,1,0.0336,0.635,0.0,0.0601,0.835,109.286,4,british,39,3.6888794541139363,0.02564102564102564,1,39,0
11820,2X9H5BokS1u5O46YpNYNsZ,The Beatles,The Beatles (Remastered),I'm So Tired - Remastered 2009,55,123493,False,0.433,0.483,9,-9.422,1,0.175,0.656,2.64e-05,0.539,0.717,68.492,4,british,103,4.6443908991413725,0.009708737864077669,1,103,0
11821,4JOyMhad5dD81uGYLGgKrS,The Beatles,Abbey Road (Remastered),Mean Mr Mustard - Remastered 2009,55,66533,False,0.676,0.596,4,-9.107,1,0.0272,0.0699,1.96e-05,0.351,0.97,100.687,4,british,40,3.713572066704308,0.05,2,40,0
11829,5WEmDvDiRpE7p3y8SMMAPJ,William Walton;The Cambridge Singers;Aurora Orchestra;John Rutter,This is the Day: Music on Royal Occasions,Henry V: Henry V: Touch her soft lips and part,61,93840,False,0.146,0.019,0,-31.365,1,0.0476,0.92,0.878,0.0864,0.0492,81.526,3,british,1,0.6931471805599453,0.0,0,1,0
11834,2VmB1rF9FtfKUmFHDVnq8Q,The Beatles,Please Please Me (Remastered),Baby It's You - Remastered 2009,55,160520,False,0.608,0.494,4,-12.211,0,0.0345,0.778,0.0,0.0926,0.879,112.421,4,british,39,3.6888794541139363,0.02564102564102564,1,39,0
11835,3pU1CUgPiFfxPCpscwIwQR,The Beatles,A Hard Day's Night (Remastered),I Should Have Known Better - Remastered 2009,58,163080,False,0.682,0.444,7,-7.689,1,0.0289,0.257,0.0,0.115,0.91,130.704,4,british,86,4.465908118654584,0.011627906976744186,1,86,0
11838,6rHh8urosEFRI67xVa6fzU,The Beatles,Magical Mystery Tour (Remastered),The Fool On The Hill - Remastered 2009,57,179106,False,0.356,0.26,4,-10.577,0,0.0314,0.913,2.1e-06,0.105,0.49,144.184,4,british,34,3.5553480614894135,0.029411764705882353,1,34,0
11846,340t55txxJWQmTFK7wARZh,Yusuf / Cat Stevens,Tea For The Tillerman (Super Deluxe),"If You Want To Sing Out, Sing Out",61,165133,False,0.687,0.284,0,-13.452,1,0.0355,0.791,0.0145,0.158,0.851,132.242,4,british,15,2.772588722239781,0.0,0,15,0
11856,2FnHMItLWhhPIxXeRC1lCe,Nicholas Hooper,Harry Potter and the Half-Blood Prince (Original Motion Picture Soundtrack),In Noctem,49,120773,False,0.283,0.0575,0,-29.881,0,0.0442,0.982,0.952,0.115,0.0362,63.853,3,british,1,0.6931471805599453,0.0,0,1,0
11860,5RySo0AAUR0reTHSCvb6HC,Ben Howard,I Forget Where We Were,Small Things,54,343786,False,0.393,0.595,7,-9.825,0,0.0405,0.79,0.297,0.115,0.165,135.797,4,british,1,0.6931471805599453,0.0,0,1,0
11865,2GY8VKvfP3ZtKSk1byDYb1,Nicholas Hooper,Harry Potter And The Order Of The Phoenix (Original Motion Picture Soundtrack),Dumbledore's Army,52,160253,False,0.337,0.119,7,-21.437,1,0.0382,0.793,0.794,0.161,0.209,80.265,4,british,65,4.189654742026425,0.03076923076923077,2,65,0
11867,4nwKdZID1ht0lDBJ5h2p87,The Beatles,Abbey Road (Remastered),Sun King - Remastered 2009,56,146266,False,0.483,0.177,2,-17.629,1,0.0277,0.284,0.499,0.116,0.192,74.994,4,british,90,4.51085950651685,0.022222222222222223,2,90,0
11871,1FTCA6wQwulQFokDddKE68,The Beatles,Abbey Road (Remastered),Polythene Pam - Remastered 2009,55,72640,False,0.474,0.939,11,-8.884,0,0.199,0.00472,0.674,0.19,0.499,166.829,4,british,90,4.51085950651685,0.022222222222222223,2,90,0
11879,2VsX1BoWSGiuVXGiFSUr6h,The Beatles,Let It Be (Remastered),Maggie Mae - Remastered 2009,50,40040,False,0.516,0.515,2,-12.035,0,0.215,0.379,0.0,0.103,0.524,169.039,4,british,66,4.204692619390966,0.030303030303030304,2,66,0
11881,0gd50I2gKioJ59C827EdAY,The Beatles,A Hard Day's Night (Remastered),I'm Happy Just To Dance With You - Remastered 2009,55,116373,False,0.658,0.537,6,-7.535,0,0.0307,0.138,0.0,0.0572,0.887,132.115,4,british,65,4.189654742026425,0.03076923076923077,2,65,0
11886,1raiIrqaqRAqZmQWZlLuBd,The Beatles,1 (Remastered),Lady Madonna - Remastered 2015,58,136826,False,0.65,0.777,2,-4.984,1,0.0294,0.141,0.343,0.215,0.574,109.608,4,british,1,0.6931471805599453,0.0,0,1,0
11891,7HTH1ppjkkOe7RLoBDKXYJ,The Beatles,Revolver (Remastered),Good Day Sunshine - Remastered 2009,58,129293,False,0.77,0.496,11,-8.45,1,0.0468,0.719,0.0,0.123,0.571,117.331,3,british,68,4.23410650459726,0.014705882352941176,1,68,0
11892,3idqWaBn3mRdsIodCU6uBi,The Beatles,With The Beatles (Remastered),Roll Over Beethoven - Remastered 2009,55,165466,False,0.351,0.749,2,-9.435,1,0.0628,0.289,0.0,0.0952,0.967,160.673,4,british,64,4.174387269895637,0.015625,1,64,0
11927,4RdJFhfLQcezwN5LsXl4qP,The Beatles,Revolver (Remastered),Love You To - Remastered 2009,52,179826,False,0.391,0.593,5,-8.999,1,0.0413,0.7,0.000249,0.0829,0.707,123.986,4,british,40,3.713572066704308,0.025,1,40,0
11930,2BMqay80iBzZTa608Y1eG1,The Beatles,Let It Be (Remastered),I Me Mine - Remastered 2009,54,145586,False,0.291,0.638,9,-7.854,0,0.0554,0.179,0.0,0.101,0.525,185.235,3,british,39,3.6888794541139363,0.07692307692307693,3,39,0
11934,1hJrWWK74fKL7eeV3CFOvF,The Rolling Stones,Exile On Main Street (2010 Re-Mastered),Sweet Virginia,57,266560,False,0.477,0.74,9,-5.397,1,0.0446,0.502,1.31e-06,0.263,0.56,107.384,4,british,123,4.820281565605037,0.008130081300813009,1,123,0
11942,3oJtUnnt5uYPtzulIbLw3D,The Rolling Stones,Sticky Fingers (Remastered),Dead Flowers - 2009 Mix,59,244533,False,0.54,0.862,2,-4.599,1,0.0284,0.33,1.7e-05,0.156,0.931,130.34,4,british,79,4.382026634673881,0.0379746835443038,3,79,0
11943,1drLQNS9D5z9lBP4DbtO2R,Nick Drake,Five Leaves Left,Saturday Sun,57,245013,False,0.546,0.121,0,-20.259,1,0.0343,0.966,0.011,0.101,0.144,127.122,3,british,2,1.0986122886681098,0.0,0,2,0
11947,78NogwkqVC4GBQMxOwOQrC,Paolo Nutini,Last Night In The Bittersweet,Through The Echoes,65,221245,False,0.73,0.487,7,-7.679,1,0.0399,0.285,3.49e-05,0.135,0.314,104.933,4,british,14,2.70805020110221,0.07142857142857142,1,14,0
11970,6DV5mwk2kZw6GiDR2XUsjP,Rachel Portman,ask the river,much loved,57,262413,False,0.152,0.0195,4,-24.946,1,0.0395,0.99,0.944,0.0676,0.0906,143.978,3,british,1,0.6931471805599453,0.0,0,1,0
11974,2lRDMjTOqv4a9mrIrgZYmX,Nicholas Hooper,Harry Potter And The Order Of The Phoenix (Original Motion Picture Soundtrack),Fireworks,49,105880,False,0.492,0.501,2,-13.694,1,0.0489,0.28,0.893,0.121,0.0726,99.964,4,british,1,0.6931471805599453,0.0,0,1,0
11983,4ltC6PrqkTtpcRNi5lvS4z,The Beatles,Beatles For Sale (Remastered),No Reply - Remastered 2009,54,136066,False,0.718,0.593,0,-9.976,1,0.0377,0.67,0.0,0.172,0.869,124.251,4,british,93,4.543294782270004,0.021505376344086023,2,93,0
11984,3LtOmWpTXLhilL5odoKysR,The Beatles,Sgt. Pepper's Lonely Hearts Club Band (Remastered),Getting Better - Remastered 2009,54,168120,False,0.632,0.471,0,-7.887,1,0.0348,0.313,5.08e-06,0.0712,0.764,121.672,4,british,71,4.276666119016055,0.04225352112676056,3,71,0
11998,1KueOLeUZpaNRK2InckxVT,Richard Thompson,Rumor And Sigh,1952 Vincent Black Lightning,58,283493,False,0.488,0.209,10,-19.549,1,0.0369,0.374,5.05e-06,0.103,0.362,120.63,4,british,1,0.6931471805599453,0.0,0,1,0
14481,2k8NYRbbS7LoZf7KJJUOTF,Tatiana,Feliz Navidad,Rodolfo el Reno,34,182773,False,0.627,0.762,11,-8.224,1,0.037,0.0195,0.0,0.308,0.898,82.447,4,children,1,0.6931471805599453,0.0,0,1,0
15013,3JvKfv6T31zO0ini8iNItO,Tom Odell,Long Way Down (Deluxe),Another Love,93,244360,True,0.445,0.537,4,-8.532,0,0.04,0.695,1.65e-05,0.0944,0.131,122.769,4,chill,1,0.6931471805599453,0.0,0,1,0
15254,6RMltEudPPFoJuUoshxRBB,Christian Kuria,Toroka,Toroka,67,202075,False,0.641,0.438,5,-7.029,1,0.132,0.905,0.000134,0.108,0.343,67.529,4,chill,1,0.6931471805599453,0.0,0,1,0
15357,4Nw7kywWurWS6ceinn1cHK,Jenevieve,Division,Baby Powder,68,176760,False,0.799,0.452,1,-7.641,0,0.0466,0.238,0.000133,0.0878,0.732,78.461,3,chill,1,0.6931471805599453,0.0,0,1,0
15545,4jXvLe7ERO8yIYETDZGU0m,Finlep,Farewell Summer,Brookline,56,191869,False,0.511,0.11,2,-20.248,1,0.0769,0.987,0.947,0.11,0.13,95.946,4,chill,2,1.0986122886681098,0.0,0,2,0
15661,0iTpQYzJnYgh7kIxyq8A2O,Grizzly Bear,Veckatimest,Two Weeks,71,243160,False,0.537,0.712,5,-5.597,1,0.0286,0.289,0.00568,0.08,0.704,159.871,4,chill,2,1.0986122886681098,0.0,0,2,0
15694,7EaZOfcQgKj53K2FPKWpIk,Valerio Castilla,Savoca,Guarisci il mio Cuore,55,189250,False,0.498,0.0749,4,-22.481,0,0.0473,0.982,0.925,0.111,0.263,106.329,4,chill,2,1.0986122886681098,0.0,0,2,0
15794,2lwi35A2ym3FAmSlvOGnQp,Unknown Mortal Orchestra,II,So Good At Being in Trouble,67,230146,False,0.829,0.435,0,-10.136,1,0.0515,0.0363,0.881,0.119,0.594,103.817,4,chill,1,0.6931471805599453,0.0,0,1,0
15833,2P6Opus7hGyXkC6Pd7k1Gk,Finlep,Hitchhiking,Hitchhiking,51,178445,False,0.512,0.0529,3,-19.642,1,0.0819,0.994,0.968,0.11,0.261,145.243,3,chill,1,0.6931471805599453,0.0,0,1,0
15962,2koESjC2WBc6qmfg0dmTRt,eery,Her,Her,58,123219,False,0.665,0.394,11,-11.567,0,0.103,0.813,0.0414,0.185,0.499,82.067,4,chill,1,0.6931471805599453,0.0,0,1,0
16418,17i5jLpzndlQhbS4SrTd0B,Johann Sebastian Bach;Yo-Yo Ma,"Bach: Cello Suites Nos. 1, 5 & 6","Cello Suite No. 1 in G Major, BWV 1007: I. Prélude",69,152280,False,0.275,0.157,7,-18.752,1,0.0636,0.89,0.842,0.186,0.304,73.289,4,classical,2,1.0986122886681098,0.0,0,2,0
16421,6MQAB3vorg90FA3tQpbYXK,Ludwig van Beethoven;Nelly Kokinos,Beethoven Greatest Hits,"Für Elise, WoO 59",63,188466,False,0.303,0.108,9,-27.433,0,0.0473,0.994,0.877,0.0805,0.18,126.931,3,classical,1,0.6931471805599453,0.0,0,1,0
16526,5u5aVJKjSMJr4zesMPz7bL,Claude Debussy;Martin Jones,Debussy: Clair De Lune and Other Piano Favourites,"Clair de Lune, L. 32",68,268000,False,0.335,0.00532,1,-31.646,1,0.0376,0.994,0.912,0.0621,0.0397,65.832,4,classical,1,0.6931471805599453,0.0,0,1,0
16529,1VNvsvEsUpuUCbHpVop1vo,Frédéric Chopin;Daniel Barenboim,Chopin: Nocturnes,"Nocturne No. 2 in E-Flat Major, Op. 9 No. 2",67,273666,False,0.442,0.00919,3,-32.452,1,0.047,0.984,0.936,0.0873,0.0929,79.314,4,classical,2,1.0986122886681098,0.0,0,2,0
16632,0jOnZhF75V68VsBObWx2XO,Camille Saint-Saëns;Yo-Yo Ma;Kathryn Stott,Songs from the Arc of Life,"The Carnival of the Animals, R. 125: XIII. The Swan (Arr. for Cello and Piano)",70,174266,False,0.169,0.0161,9,-31.034,0,0.0442,0.986,0.86,0.0805,0.0573,128.143,3,classical,1,0.6931471805599453,0.0,0,1,0
17000,2vXKRlJBXyOcvZYTdNeckS,Gesaffelstein;The Weeknd,Hyperion,Lost in the Fire (feat. The Weeknd),85,202093,True,0.658,0.671,2,-12.21,1,0.0363,0.0933,0.000927,0.115,0.166,100.966,4,club,1,0.6931471805599453,0.0,0,1,0
17041,7qekEQyGFRim7qNhxzkaLo,Glee Cast;Darren Criss,Glee: The Music presents The Warblers,Somewhere Only We Know (feat. Darren Criss),65,184653,False,0.494,0.556,7,-6.348,1,0.0257,0.433,0.0,0.0969,0.325,85.986,4,club,1,0.6931471805599453,0.0,0,1,0
18003,0rRboI6IRuGx56Dq3UdYY4,Afroman,The Good Times,Because I Got High,69,197760,True,0.802,0.341,7,-8.56,1,0.488,0.169,0.0,0.0783,0.849,166.01,4,comedy,24,3.2188758248682006,0.041666666666666664,1,24,0
18015,1ACZpHI5vZ5Ea4xGlkdGWM,Afroman,The Good Times,Crazy Rap (Colt 45 & 2 Zig Zags),74,328666,True,0.927,0.367,9,-7.797,1,0.382,0.325,0.0,0.132,0.576,99.053,4,comedy,9,2.302585092994046,0.3333333333333333,3,9,0
18351,28IvFkxf9TBHdCIe3n1JWm,Afroman,The Good Times,Because I Got High - Extended Version,53,310466,True,0.788,0.336,7,-8.56,1,0.561,0.108,0.0,0.321,0.796,166.018,4,comedy,1,0.6931471805599453,0.0,0,1,0
19100,40riOy7x9W7GXjyGp4pjAv,Eagles,Hotel California (2013 Remaster),Hotel California - 2013 Remaster,84,391376,False,0.579,0.508,2,-9.484,1,0.027,0.00574,0.000494,0.0575,0.609,147.125,4,country,53,3.9889840465642745,0.018867924528301886,1,53,0
19200,2LawezPeJhN4AWuSB0GtAU,Creedence Clearwater Revival,Pendulum (Expanded Edition),Have You Ever Seen The Rain,84,160133,False,0.741,0.697,0,-7.028,1,0.0277,0.0664,2.28e-05,0.133,0.774,116.109,4,country,22,3.1354942159291497,0.0,0,22,0
19300,1WzAeadSKJhqykZFbJNmQv,Josh Turner,Your Man,Your Man,73,211893,False,0.744,0.637,6,-4.483,1,0.0241,0.337,0.000222,0.0696,0.785,100.511,4,country,16,2.833213344056216,0.0,0,16,0
19301,7GAaTpSoTWUTbP2Yxlt4Hd,Lady A,Need You Now,Need You Now,74,236440,False,0.581,0.717,4,-4.433,1,0.0318,0.0298,0.000186,0.243,0.316,107.884,4,country,32,3.4965075614664802,0.15625,5,32,0
19400,6OcCk1dbAb7XNHsC098oEM,Kelsea Ballerini;LANY,I Quit Drinking,I Quit Drinking,73,171200,False,0.607,0.418,1,-6.997,1,0.0363,0.394,0.0,0.182,0.386,95.002,4,country,1,0.6931471805599453,0.0,0,1,0
19456,4BP3uh0hFLFRb5cjsgLqDh,Creedence Clearwater Revival,Willy And The Poor Boys (Expanded Edition),Fortunate Son,82,140773,False,0.64,0.663,0,-7.516,1,0.0374,0.201,0.00806,0.152,0.663,132.77,4,country,58,4.07753744390572,0.017241379310344827,1,58,0
19461,28cnXtME493VX9NOw9cIUh,Johnny Cash,American IV: The Man Comes Around,Hurt,74,216533,False,0.534,0.392,9,-7.636,0,0.0267,0.649,0.000227,0.0948,0.163,90.379,4,country,40,3.713572066704308,0.05,2,40,0
19502,6HSXNV0b4M4cLJ7ljgVVeh,Bob Dylan,Pat Garrett & Billy The Kid (Soundtrack From The Motion Picture),Knockin' On Heaven's Door,73,149880,False,0.513,0.396,7,-13.061,1,0.0299,0.251,0.177,0.11,0.229,140.208,4,country,3,1.3862943611198906,0.0,0,3,0
19503,2Fs18NaCDuluPG1DHGw1XG,Rascal Flatts,Me And My Gang,Life is a Highway,75,276320,False,0.582,0.952,5,-3.848,1,0.0731,0.00324,0.0,0.223,0.655,103.027,4,country,1,0.6931471805599453,0.0,0,1,0
19551,3fqwjXwUGN6vbzIwvyFMhx,Chris Stapleton,Traveller,Tennessee Whiskey,81,293293,False,0.392,0.37,9,-10.888,1,0.0298,0.205,0.0096,0.0821,0.512,48.718,4,country,19,2.995732273553991,0.10526315789473684,2,19,0
19552,18GiV1BaXzPVYpp9rmOg0E,Bob Dylan,The Freewheelin' Bob Dylan,Blowin' in the Wind,68,165426,False,0.38,0.0993,2,-20.567,1,0.0509,0.914,2.32e-05,0.0605,0.44,174.874,4,country,108,4.6913478822291435,0.018518518518518517,2,108,0
19608,5KqldkCunQ2rWxruMEtGh0,Kenny Rogers,The Gambler,The Gambler,75,214880,False,0.671,0.501,4,-13.119,1,0.0594,0.342,0.0,0.194,0.86,87.04,4,country,31,3.4657359027997265,0.0,0,31,0
19651,6apPqjW8ezpKEicAkkBlvO,Dolly Parton;Kenny Rogers,Pure & Simple,Islands in the Stream,64,250053,False,0.611,0.524,8,-8.256,1,0.035,0.68,0.0,0.0753,0.73,203.787,4,country,1,0.6931471805599453,0.0,0,1,0
19666,4yugZvBYaoREkJKtbG08Qr,Eagles,Eagles (2013 Remaster),Take It Easy - 2013 Remaster,77,211577,False,0.575,0.67,7,-10.39,1,0.0318,0.343,4.95e-06,0.129,0.74,139.191,4,country,20,3.044522437723423,0.0,0,20,0
19672,20OFwXhEXf12DzwXmaV7fj,Creedence Clearwater Revival,Green River (Expanded Edition),Bad Moon Rising,80,141600,False,0.508,0.774,2,-5.973,1,0.0321,0.0586,4.87e-06,0.063,0.942,178.946,4,country,66,4.204692619390966,0.0,0,66,0
19702,0BCy325UZyR9z0t0uxwn2N,Florida Georgia Line,Dig Your Roots,H.O.L.Y.,71,194186,False,0.523,0.666,7,-4.081,0,0.0327,0.401,0.0,0.0728,0.564,78.077,4,country,1,0.6931471805599453,0.0,0,1,0
19708,1QEEqeFIZktqIpPI4jSVSF,Boston,Boston,More Than a Feeling,79,285133,False,0.377,0.681,7,-8.039,1,0.0298,0.00088,0.0023,0.0504,0.285,108.789,4,country,27,3.332204510175204,0.0,0,27,0
19751,4w3tQBXhn5345eUXDGBWZG,Dolly Parton,9 To 5 And Odd Jobs,9 to 5,77,162466,False,0.554,0.783,6,-5.852,1,0.0457,0.416,1.54e-06,0.631,0.813,105.39,4,country,61,4.127134385045092,0.01639344262295082,1,61,0
19754,3xdjjKMcMOFgo1eQrfbogM,Darius Rucker,True Believers,Wagon Wheel,78,298373,False,0.537,0.66,9,-7.174,1,0.0296,0.455,0.0,0.135,0.574,148.096,4,country,1,0.6931471805599453,0.0,0,1,0
19815,0JkIre0YxNmKGMU5V7ZiDx,Kenny Rogers,Kenny,Coward Of The County,64,258733,False,0.652,0.433,7,-12.843,1,0.0588,0.134,7.37e-06,0.146,0.675,91.471,4,country,26,3.295836866004329,0.0,0,26,0
19817,3AhXZa8sUQht0UEdBJgpGc,Bob Dylan,Highway 61 Revisited,Like a Rolling Stone,70,369600,False,0.482,0.721,0,-6.839,1,0.0321,0.731,0.0,0.189,0.557,95.263,4,country,84,4.442651256490317,0.03571428571428571,3,84,0
19919,3RkQ3UwOyPqpIiIvGVewuU,Bob Dylan,Bringing It All Back Home,Mr. Tambourine Man,64,330533,False,0.39,0.31,5,-14.545,1,0.0676,0.794,0.0,0.379,0.584,177.515,4,country,59,4.0943445622221,0.05084745762711865,3,59,0
19920,5fdhThPDe6jQQDqCyWrdAn,Dolly Parton,Jolene (Expanded Edition),Jolene,70,161533,False,0.674,0.537,1,-10.971,0,0.0363,0.566,0.0,0.131,0.809,110.578,4,country,2,1.0986122886681098,0.0,0,2,0
19960,0pdfN7nOHMYmKykzu1cyfm,Shania Twain,The Woman In Me,Any Man Of Mine,73,246760,False,0.592,0.725,8,-8.698,1,0.0412,0.207,0.0,0.148,0.784,78.235,4,country,1,0.6931471805599453,0.0,0,1,0
20004,7BKLCZ1jbUBVqRi2FVlTVw,The Chainsmokers;Halsey,Closer,Closer,84,244960,False,0.748,0.524,8,-5.599,1,0.0338,0.414,0.0,0.111,0.661,95.01,4,dance,40,3.713572066704308,0.025,1,40,0
20013,6Uj1ctrBOjOas8xZXGqKk4,Doja Cat,Planet Her,Woman,88,172626,True,0.824,0.764,5,-4.175,0,0.0854,0.0888,0.00294,0.117,0.881,107.998,4,dance,1,0.6931471805599453,0.0,0,1,0
20018,06KyNuuMOX1ROXRhj787tj,Charlie Puth;Selena Gomez,Nine Track Mind,We Don't Talk Anymore (feat. Selena Gomez),82,217706,False,0.728,0.563,1,-8.053,0,0.134,0.621,0.0,0.179,0.352,100.017,4,dance,1,0.6931471805599453,0.0,0,1,0
20020,39LLxExYz6ewLAcYrzQQyP,Dua Lipa,Future Nostalgia,Levitating,84,203807,False,0.695,0.884,6,-2.278,0,0.0753,0.0561,0.0,0.213,0.914,103.014,4,dance,2,1.0986122886681098,0.0,0,2,0
20026,0ct6r3EGTcMLPtrXHDvVjc,Avicii,The Days / Nights,The Nights,86,176658,False,0.527,0.835,6,-5.298,1,0.0433,0.0166,0.0,0.249,0.654,125.983,4,dance,2,1.0986122886681098,0.0,0,2,0
20059,6RUKPb4LETWmmr3iAEQktW,The Chainsmokers;Coldplay,Memories...Do Not Open,Something Just Like This,85,247160,False,0.617,0.635,11,-6.769,0,0.0317,0.0498,1.44e-05,0.164,0.446,103.019,4,dance,1,0.6931471805599453,1.0,1,1,1
20064,285HeuLxsngjFn4GGegGNm,David Guetta;Afrojack;Bebe Rexha;Nicki Minaj,Listen,"Hey Mama (feat. Nicki Minaj, Bebe Rexha & Afrojack)",75,192560,False,0.596,0.73,9,-4.091,1,0.151,0.24,0.0,0.325,0.525,85.979,4,dance,4,1.6094379124341003,0.5,2,4,1
20070,6v3KW9xbzN5yKLt9YKDYA2,Shawn Mendes;Camila Cabello,Shawn Mendes (Deluxe),Señorita,80,190799,False,0.759,0.548,9,-6.049,0,0.029,0.0392,0.0,0.0828,0.749,116.967,4,dance,1,0.6931471805599453,0.0,0,1,0
20100,0k4d5YPDr1r7FX77VdqWez,Doja Cat;The Weeknd,Planet Her,You Right,84,186173,True,0.828,0.621,8,-6.414,1,0.0565,0.0164,0.00233,0.0845,0.436,128.986,4,dance,1,0.6931471805599453,0.0,0,1,0
20103,6lanRgr6wXibZr8KgzXxBl,Christina Perri,A Thousand Years,A Thousand Years,81,285120,False,0.421,0.407,10,-7.445,1,0.0267,0.309,0.000961,0.11,0.161,139.028,3,dance,1,0.6931471805599453,0.0,0,1,0
20113,1i1fxkWeaMmKEB4T7zqbzK,The Chainsmokers;Daya,Don't Let Me Down,Don't Let Me Down,80,208373,False,0.532,0.869,11,-5.094,1,0.172,0.157,0.00508,0.136,0.422,159.803,4,dance,1,0.6931471805599453,0.0,0,1,0
20154,4qu63nuBpdn0qHUHuObEj1,Marshmello;Jonas Brothers,Leave Before You Love Me,Leave Before You Love Me (with Jonas Brothers),85,154983,False,0.721,0.738,7,-4.77,1,0.0403,0.00226,4.41e-06,0.118,0.637,119.976,4,dance,2,1.0986122886681098,0.0,0,2,0
20160,3zkWCteF82vJwv0hRLba76,Shawn Mendes,Handwritten,Stitches,80,206880,False,0.746,0.754,1,-6.684,1,0.0676,0.0152,0.0,0.0486,0.746,149.882,4,dance,6,1.9459101490553132,0.6666666666666666,4,6,1
20252,3eR23VReFzcdmS7TYCrhCe,Kygo;Selena Gomez,It Ain't Me (with Selena Gomez),It Ain't Me (with Selena Gomez),77,220780,False,0.64,0.533,0,-6.596,1,0.0706,0.119,0.0,0.0864,0.515,99.968,4,dance,1,0.6931471805599453,0.0,0,1,0
20307,2ekn2ttSfGqwhhate0LSR0,Dua Lipa,Dua Lipa (Deluxe),New Rules,81,209320,False,0.762,0.7,9,-6.021,0,0.0694,0.00261,1.56e-05,0.153,0.608,116.073,4,dance,2,1.0986122886681098,0.0,0,2,0
20351,22vgEDb5hykfaTwLuskFGD,Jonas Brothers,Happiness Begins,Sucker,81,181026,False,0.842,0.734,1,-5.065,0,0.0588,0.0427,0.0,0.106,0.952,137.958,4,dance,1,0.6931471805599453,0.0,0,1,0
20352,0qvzXomUDJVaUboy2wMfiS,Niall Horan,Flicker (Deluxe),This Town,80,232852,False,0.677,0.401,9,-8.467,1,0.0308,0.712,0.0,0.116,0.195,111.825,4,dance,1,0.6931471805599453,0.0,0,1,0
20353,76cy1WJvNGJTj78UqeA5zr,Dua Lipa,Dua Lipa (Deluxe),IDGAF,80,217946,True,0.836,0.544,7,-5.975,1,0.0943,0.0403,0.0,0.0824,0.51,97.028,4,dance,20,3.044522437723423,0.15,3,20,0
20359,5WtfUKzXircvW8l5aaVZWT,Julia Michaels;Niall Horan,Inner Monologue Part 1,What A Time (feat. Niall Horan),82,173306,False,0.516,0.467,0,-6.184,1,0.0302,0.662,0.0,0.0853,0.386,132.861,4,dance,1,0.6931471805599453,0.0,0,1,0
20400,6XHVuErjQ4XNm6nDPVCxVX,Chris Brown;Drake,Indigo,No Guidance (feat. Drake),80,260640,True,0.696,0.454,1,-6.756,0,0.153,0.123,0.0,0.155,0.136,92.928,4,dance,1,0.6931471805599453,0.0,0,1,0
20405,0PDUDa38GO8lMxLCRc4lL1,ZAYN,Mind Of Mine (Deluxe Edition),PILLOWTALK,78,202746,True,0.584,0.7,11,-4.275,1,0.0456,0.117,0.0,0.0939,0.438,124.944,4,dance,3,1.3862943611198906,0.0,0,3,0
20413,2kQuhkFX7uSVepCD3h29g5,Akon;Eminem,Konvicted,Smack That,81,212360,True,0.939,0.742,5,-5.171,0,0.0467,0.321,0.0,0.107,0.924,118.978,4,dance,2,1.0986122886681098,0.0,0,2,0
20451,0azC730Exh71aQlOt9Zj3y,Calvin Harris;Rihanna,This Is What You Came For,This Is What You Came For,81,222160,False,0.631,0.927,9,-2.787,0,0.0332,0.199,0.119,0.148,0.465,123.962,4,dance,2,1.0986122886681098,0.0,0,2,0
20453,3DmW6y7wTEYHJZlLo1r6XJ,Becky G,Shower,Shower,78,206166,False,0.699,0.529,2,-7.548,1,0.0487,0.0317,3.59e-05,0.285,0.121,119.987,4,dance,1,0.6931471805599453,1.0,1,1,1
20550,2rizacJSyD9S1IQUxUxnsK,The Chainsmokers;Phoebe Ryan,All We Know,All We Know,70,194080,False,0.662,0.586,0,-8.821,1,0.0307,0.097,0.00272,0.115,0.296,90.0,4,dance,1,0.6931471805599453,0.0,0,1,0
20554,2P4OICZRVAQcYAV2JReRfj,Avicii,Stories,Waiting For Love,81,230613,False,0.579,0.736,6,-3.863,0,0.0527,0.31,0.0,0.198,0.613,127.999,4,dance,1,0.6931471805599453,0.0,0,1,0
20605,41Fflg7qHiVOD6dEPvsCzO,Fifth Harmony;Kid Ink,Reflection (Deluxe),Worth It (feat. Kid Ink),74,224573,False,0.884,0.765,8,-3.865,1,0.0882,0.063,7.04e-06,0.118,0.594,99.987,4,dance,7,2.0794415416798357,1.0,7,7,1
20700,60ynsPSSKe6O3sfwRnIBRf,Doja Cat,Hot Pink,Streets,83,226986,True,0.749,0.463,11,-8.433,1,0.0842,0.21,0.0382,0.338,0.189,90.035,4,dance,1,0.6931471805599453,0.0,0,1,0
20702,0KKkJNfGyhkQ5aFogxQAPU,Bruno Mars,24K Magic,That's What I Like,83,206693,False,0.853,0.56,1,-4.961,1,0.0406,0.013,0.0,0.0944,0.86,134.066,4,dance,1,0.6931471805599453,0.0,0,1,0
20705,47BBI51FKFwOMlIiX6m8ya,Backstreet Boys,Millennium,I Want It That Way,81,213306,False,0.689,0.694,6,-5.83,0,0.027,0.257,0.0,0.148,0.482,99.039,4,dance,25,3.258096538021482,0.16,4,25,0
20707,3PfIrDoz19wz7qK7tYeu62,Dua Lipa,Future Nostalgia,Don't Start Now,81,183290,False,0.793,0.793,11,-4.521,0,0.083,0.0123,0.0,0.0951,0.679,123.95,4,dance,2,1.0986122886681098,0.0,0,2,0
20708,0TDLuuLlV54CkRRUOahJb4,David Guetta;Sia,Nothing but the Beat (Ultimate Edition),Titanium (feat. Sia),80,245040,False,0.604,0.787,0,-3.674,0,0.103,0.0679,0.15,0.127,0.301,126.062,4,dance,1,0.6931471805599453,0.0,0,1,0
20712,7uoFMmxln0GPXQ0AcCBXRq,Sia,Everyday Is Christmas (Deluxe Edition),Snowman,78,165906,False,0.716,0.512,1,-6.257,1,0.0331,0.483,0.0,0.0928,0.326,104.957,3,dance,1,0.6931471805599453,0.0,0,1,0
20716,32OlwWuMpZ6b0aN2RZOeMS,Mark Ronson;Bruno Mars,Uptown Special,Uptown Funk (feat. Bruno Mars),83,269666,True,0.856,0.609,0,-7.223,1,0.0824,0.00801,8.15e-05,0.0344,0.928,114.988,4,dance,7,2.0794415416798357,0.7142857142857143,5,7,1
20717,0k2GOhqsrxDTAbFFSdNJjT,Sean Paul,The Trinity,Temperature,79,218573,False,0.951,0.6,0,-4.675,0,0.0685,0.106,0.0,0.0712,0.822,125.04,4,dance,1,0.6931471805599453,0.0,0,1,0
20754,6l0Ky2PycJV1Bz88kFeVGL,Hailee Steinfeld;BloodPop®,Fifty Shades Freed (Original Motion Picture Soundtrack),Capital Letters,70,219373,False,0.661,0.814,0,-5.529,1,0.0759,0.0337,8.27e-06,0.0518,0.459,99.963,4,dance,1,0.6931471805599453,0.0,0,1,0
20757,1oew3nFNY3vMacJAsvry0S,Rixton,Let The Road,Me And My Broken Heart,79,193733,False,0.545,0.783,5,-4.261,0,0.0345,0.00489,0.0,0.132,0.551,174.084,4,dance,1,0.6931471805599453,1.0,1,1,1
20760,017PF4Q3l4DBUiWoXk4OWT,Dua Lipa,Future Nostalgia,Break My Heart,78,221820,False,0.73,0.729,4,-3.434,0,0.0884,0.167,1.39e-06,0.349,0.467,113.011,4,dance,2,1.0986122886681098,0.0,0,2,0
20817,6Pgkp4qUoTmJIPn7ReaGxL,Avicii;Sandro Cavazza,AVĪCI (01),Without You (feat. Sandro Cavazza),78,181672,True,0.662,0.858,2,-4.844,1,0.0428,0.00163,0.0,0.0456,0.295,133.993,4,dance,3,1.3862943611198906,0.0,0,3,0
20853,58q2HKrzhC3ozto2nDdN4z,Cardi B;Bad Bunny;J Balvin,Invasion of Privacy,I Like It,79,253390,True,0.816,0.726,5,-3.998,0,0.129,0.099,0.0,0.372,0.65,136.048,4,dance,1,0.6931471805599453,0.0,0,1,0
20855,6WrI0LAC5M1Rw2MnX2ZvEg,Dua Lipa,Don't Start Now,Don't Start Now,80,183290,False,0.794,0.793,11,-4.521,0,0.0842,0.0125,0.0,0.0952,0.677,123.941,4,dance,1,0.6931471805599453,0.0,0,1,0
20856,079Ey5uxL04AKPQgVQwx5h,Selena Gomez;Rauw Alejandro,Revelación - EP,Baila Conmigo (with Rauw Alejandro),75,186087,False,0.823,0.544,5,-7.132,1,0.0715,0.0215,0.00315,0.0966,0.664,149.903,4,dance,3,1.3862943611198906,0.0,0,3,0
20900,5J4ZkQpzMUFojo1CtAZYpn,Ariana Grande;The Weeknd,My Everything (Deluxe),Love Me Harder,78,236133,False,0.472,0.714,1,-4.389,0,0.0334,0.00937,0.0,0.0764,0.24,98.992,4,dance,2,1.0986122886681098,0.5,1,2,1
20902,66hayvUbTotekKU3H4ta1f,Jack Ü;Skrillex;Diplo;Justin Bieber,Skrillex and Diplo present Jack Ü,Where Are Ü Now (with Justin Bieber),74,250285,False,0.432,0.781,4,-4.038,0,0.0567,0.041,4.21e-06,0.0789,0.197,139.432,4,dance,3,1.3862943611198906,1.0,3,3,1
20903,1dNIEtp7AY3oDAKCGg2XkH,The Chainsmokers;Coldplay,Something Just Like This,Something Just Like This,75,247626,False,0.607,0.649,11,-6.695,0,0.0362,0.0306,2.46e-05,0.174,0.505,102.996,4,dance,1,0.6931471805599453,0.0,0,1,0
20907,7795WJLVKJoAyVoOtCWqXN,Sam Smith,In The Lonely Hour,I'm Not The Only One,88,239316,False,0.677,0.485,5,-5.795,1,0.0361,0.529,2.04e-05,0.0766,0.493,82.001,4,dance,40,3.713572066704308,0.075,3,40,0
20908,1T575AhHueYinKSDflEsGK,Julia Michaels,Fifty Shades Freed (Original Motion Picture Soundtrack),Heaven,69,191786,False,0.552,0.371,7,-9.104,0,0.0359,0.857,0.0,0.0838,0.245,199.843,3,dance,2,1.0986122886681098,0.0,0,2,0
20909,2VxeLyX666F8uXCJ0dZF8B,Lady Gaga;Bradley Cooper,A Star Is Born Soundtrack,Shallow,84,215733,False,0.572,0.385,7,-6.362,1,0.0308,0.371,0.0,0.231,0.323,95.799,4,dance,2,1.0986122886681098,0.0,0,2,0
20910,3w3y8KPTfNeOKPiqUTakBh,Bruno Mars,Unorthodox Jukebox,Locked out of Heaven,87,233478,False,0.726,0.698,5,-4.165,1,0.0431,0.049,0.0,0.309,0.867,143.994,4,dance,36,3.6109179126442243,0.027777777777777776,1,36,0
20915,4kV4N9D1iKVxx1KLvtTpjS,Ariana Grande,"thank u, next","break up with your girlfriend, i'm bored",78,190440,True,0.726,0.554,5,-5.29,0,0.0917,0.0421,0.0,0.106,0.335,169.999,4,dance,2,1.0986122886681098,0.0,0,2,0
21163,0Rj2yNpEvXOl8yn9UOuIRs,Charly Black;Daddy Yankee,Gyal You A Party Animal (Remix),Gyal You A Party Animal - Remix,68,224320,False,0.729,0.894,0,-4.054,1,0.0798,0.0612,0.0,0.36,0.757,101.053,4,dancehall,2,1.0986122886681098,0.0,0,2,0
21303,1xx7iMgSyLnbDUi170lVbb,Omah Lay;Disclosure;Justin Bieber,Attention (with Justin Bieber) [Disclosure Remix],Attention (with Justin Bieber) - Disclosure Remix,56,256644,False,0.633,0.891,8,-6.25,1,0.124,0.0375,0.0293,0.22,0.172,124.043,4,dancehall,3,1.3862943611198906,0.3333333333333333,1,3,0
23000,6UqRGwjwYL0stXbaodTxwo,Tez Cadey,Seve (Radio Edit),Seve - Radio Edit,69,210853,False,0.74,0.831,5,-7.321,1,0.0456,0.444,0.00304,0.0769,0.448,121.034,4,deep-house,3,1.3862943611198906,0.0,0,3,0
23004,5tf1VVWniHgryyumXyJM7w,Robin Schulz;Francesco Yates,Sugar,Sugar (feat. Francesco Yates),76,219043,False,0.636,0.815,5,-5.098,0,0.0581,0.0185,0.0,0.163,0.636,123.063,4,deep-house,2,1.0986122886681098,0.0,0,2,0
23051,61UQzeiIluhpzpMdY4ag3q,Route 94;Jess Glynne,My Love (feat. Jess Glynne),My Love (feat. Jess Glynne),73,259934,False,0.814,0.622,8,-7.573,1,0.0492,0.000132,0.72,0.0658,0.726,119.976,4,deep-house,1,0.6931471805599453,0.0,0,1,0
23066,1a8tAQAzHIPQ00OPBXGWPz,Claptone;JAW,No Eyes,No Eyes - Radio Edit,62,204992,False,0.93,0.483,3,-9.925,1,0.0411,0.0289,0.00244,0.103,0.57,120.022,4,deep-house,2,1.0986122886681098,0.0,0,2,0
23163,4grVkAtmqIipynBu8D9v6G,Purple Disco Machine;Sophie and the Giants,Hypnotized,Hypnotized,58,195704,False,0.689,0.813,11,-5.084,0,0.0998,0.0969,0.000232,0.11,0.704,108.065,4,deep-house,5,1.791759469228055,0.0,0,5,0
23260,1Ht4NJdY8adMsW540P5vG0,Nora En Pure,Come With Me,Come With Me - Radio Mix,64,173625,False,0.677,0.758,6,-6.523,0,0.027,0.00307,0.736,0.22,0.308,119.999,4,deep-house,1,0.6931471805599453,0.0,0,1,0
23315,3XTWrhdYlqXlWgbnS7FfRi,Purple Disco Machine,Soulmatic,Body Funk,58,256598,False,0.837,0.88,7,-6.301,1,0.0441,0.00233,0.352,0.0447,0.742,121.996,4,deep-house,2,1.0986122886681098,0.0,0,2,0
23325,68Q6c22JNyLUlZYX4dE2tn,Claptone;Nathan Nicholson,Charmer,Heartbeat,65,329537,False,0.811,0.647,10,-7.916,0,0.0406,0.0174,0.349,0.0829,0.708,120.01,4,deep-house,3,1.3862943611198906,0.0,0,3,0
23335,24CU3VcY0KpF4frH20OY4x,Deep Chills,Parrot Cay,Parrot Cay,57,160343,False,0.628,0.708,2,-8.379,1,0.0305,0.155,0.739,0.229,0.122,122.022,4,deep-house,1,0.6931471805599453,0.0,0,1,0
23371,0OfZ9imMwFU03zc2wl8pBt,filous;James Hersey,Dawn EP,How Hard I Try,57,198000,False,0.743,0.564,5,-8.761,1,0.045,0.299,0.000693,0.109,0.505,120.012,4,deep-house,1,0.6931471805599453,0.0,0,1,0
23393,0JqY1VDNn7p92rsvUGs6m1,Black Coffee;Diplo;Elderbrook,Subconsciously,Never Gonna Forget (with Diplo feat. Elderbrook),54,199768,False,0.694,0.675,11,-9.89,0,0.0284,0.0382,0.00838,0.0858,0.455,119.96,4,deep-house,1,0.6931471805599453,0.0,0,1,0
23406,79iXIJKvBF0kI8aKZq78PB,GAMPER & DADONI;Conor Byrne,Island in the Sun,Island in the Sun,59,236446,False,0.805,0.615,5,-8.109,0,0.123,0.289,0.524,0.11,0.429,123.95,4,deep-house,3,1.3862943611198906,0.0,0,3,0
23419,06Hdbxh6NCy6TIhjdXTchB,Robin Schulz;Ilsey,Headlights (feat. Ilsey),Headlights (feat. Ilsey),57,209208,False,0.597,0.685,11,-6.371,1,0.0367,0.0245,0.000335,0.182,0.369,122.002,4,deep-house,2,1.0986122886681098,0.5,1,2,1
23502,3NFuE3uDOr6QUw9UZ9HzKo,Robin Schulz;Francesco Yates,Sugar (feat. Francesco Yates),Sugar (feat. Francesco Yates),55,219043,False,0.636,0.815,5,-5.098,0,0.0581,0.0185,0.0,0.163,0.636,123.063,4,deep-house,8,2.1972245773362196,0.5,4,8,1
23550,5WgW9bG91h4zRUnBr97d6c,Rampa;Adam Port;&ME,You Are Safe,Muyè,52,469995,False,0.775,0.474,7,-15.341,1,0.0636,0.00963,0.943,0.108,0.0376,120.01,4,deep-house,1,0.6931471805599453,1.0,1,1,1
23621,3kZqrLzuoE54EfHPwappr6,Purple Disco Machine;Joe Killington;Duane Harden,Soulmatic,Devil in Me,52,199115,False,0.816,0.674,9,-6.296,1,0.0422,0.0341,0.0,0.33,0.619,119.956,4,deep-house,4,1.6094379124341003,0.0,0,4,0
23722,3RiRFyvasDtAv8n0AQUKFG,WEISS;Purple Disco Machine,Feel My Needs (Purple Disco Machine Remix),Feel My Needs - Purple Disco Machine Remix,60,230163,False,0.707,0.896,3,-5.157,0,0.0538,0.0127,0.859,0.0182,0.903,122.011,4,deep-house,3,1.3862943611198906,0.0,0,3,0
23880,1fhsKLqU0D8y4nOkufigCz,Alex Schulz,Pictures,Pictures,51,174540,False,0.759,0.669,3,-6.611,1,0.104,0.0421,2.76e-06,0.187,0.383,123.059,4,deep-house,1,0.6931471805599453,0.0,0,1,0
23973,3Zg6kO3S4FQ0jMfTIgHzyl,GAMPER & DADONI;De Hofnar,Oxas,Oxas,54,301174,False,0.756,0.591,2,-8.749,0,0.03,0.0276,0.391,0.0947,0.481,125.003,4,deep-house,3,1.3862943611198906,0.0,0,3,0
23987,3YcAw0Uc94mb7n8DHMFWRa,Max Manie,Sunday EP,"Sunday - KlangTherapeuten ""Looking For Summer"" Remix",56,368000,False,0.655,0.54,3,-10.11,1,0.031,0.0178,0.86,0.0899,0.375,124.041,4,deep-house,1,0.6931471805599453,0.0,0,1,0
23990,1rDOlWSjn7HnwjEqowZoBj,Deep Chills,Waikiki,Waikiki - Original Mix,51,377519,False,0.749,0.455,8,-10.011,0,0.0498,0.0151,0.906,0.7,0.191,121.001,4,deep-house,2,1.0986122886681098,0.0,0,2,0
25051,2FRnf9qhLbvw8fu4IBXx78,Wham!,LAST CHRISTMAS,Last Christmas,74,262960,False,0.735,0.478,2,-12.472,1,0.0293,0.189,2.48e-06,0.355,0.947,107.682,4,disco,1,0.6931471805599453,0.0,0,1,0
25100,3koCCeSaVUyrRo3N2gHrd8,"Earth, Wind & Fire",Raise!,Let's Groove,79,339320,False,0.869,0.648,11,-8.698,0,0.0633,0.121,2.17e-05,0.126,0.9,125.035,4,disco,2,1.0986122886681098,0.0,0,2,0
25102,7wuJGgpTNzbUyn26IOY6rj,Bonnie Tyler,The Very Best of Bonnie Tyler,Total Eclipse of the Heart,77,267360,False,0.431,0.723,8,-5.887,1,0.0568,0.145,0.0,0.374,0.19,130.141,4,disco,1,0.6931471805599453,0.0,0,1,0
25103,2JoZzpdeP2G6Csfdq5aLXP,Bee Gees,Greatest,How Deep Is Your Love,74,245200,False,0.633,0.357,5,-9.366,0,0.0264,0.105,0.0,0.133,0.674,104.938,4,disco,6,1.9459101490553132,0.0,0,6,0
25104,6JNJERZGJwDVgkmbohBw7u,Laura Branigan,Self Control,Self Control,73,246440,False,0.814,0.686,6,-12.172,0,0.0342,0.219,0.00382,0.155,0.778,106.679,4,disco,1,0.6931471805599453,0.0,0,1,0
25160,273uCXd7NPrInaiNqtkOrA,Baltimora,Living In The Background,Tarzan Boy,72,378946,False,0.684,0.573,5,-12.3,1,0.0261,0.318,0.028,0.306,0.716,107.363,4,disco,1,0.6931471805599453,0.0,0,1,0
25204,1JQ6Xm1JrvHfvAqhl5pwaA,Commodores,Commodores,Easy,75,256426,False,0.589,0.384,10,-15.075,0,0.0332,0.112,2.8e-05,0.0596,0.354,132.909,4,disco,1,0.6931471805599453,0.0,0,1,0
25206,6ztstiyZL6FXzh4aG46ZPD,"Earth, Wind & Fire;The Emotions",I Am,Boogie Wonderland,76,288293,False,0.802,0.756,2,-10.791,0,0.0349,0.0843,0.00765,0.0521,0.963,131.715,4,disco,1,0.6931471805599453,0.0,0,1,0
25253,0L3XCv9i9IHs8cJEVhsJ3J,Bee Gees;SG Lewis,More Than A Woman (SG's Paradise Edit),More Than A Woman - SG's Paradise Edit,69,357936,False,0.679,0.762,10,-4.253,0,0.0316,0.00469,0.23,0.0446,0.511,105.407,4,disco,3,1.3862943611198906,0.0,0,3,0
25265,714hERk9U1W8FMYkoC83CO,Hot Chocolate,Hot Chocolate,You Sexy Thing,72,244920,False,0.791,0.733,5,-5.465,1,0.0633,0.523,0.0016,0.167,0.962,105.853,4,disco,121,4.804021044733257,0.03305785123966942,4,121,0
25361,35U4PXL3W3XIkAjEUdhr36,Poolside,Pacific Standard Time,Harvest Moon,64,368783,False,0.782,0.622,2,-5.832,1,0.0411,0.288,0.53,0.58,0.921,106.022,4,disco,5,1.791759469228055,0.0,0,5,0
25387,2xiOdusRnZezQok1RgLNeS,Bee Gees,Children Of The World,"You Should Be Dancing - Edit / From ""Saturday Night Fever"" Soundtrack",69,256493,False,0.681,0.716,0,-10.911,1,0.0333,0.0182,0.17,0.337,0.963,123.009,4,disco,1,0.6931471805599453,0.0,0,1,0
25403,0awG4a7t5UrmZZ4PZVNav3,Oliver Cheatham,Disco Essentials,Get Down Saturday Night,63,241906,False,0.865,0.611,11,-11.571,0,0.0573,0.226,0.082,0.0572,0.963,116.545,4,disco,1,0.6931471805599453,0.0,0,1,0
25461,65kKvpTuhJAVxyFPlKuOAd,The Real Thing,Real Thing,You to Me Are Everything,22,208840,False,0.595,0.921,0,-7.329,1,0.0987,0.179,0.0,0.812,0.937,102.35,4,disco,2,1.0986122886681098,0.0,0,2,0
25611,12QphPukpWDR9w1iimddfP,Polo & Pan,Ani Kuni,Ani Kuni,60,276386,False,0.661,0.623,0,-6.157,1,0.0292,0.198,0.602,0.0753,0.0491,121.002,4,disco,3,1.3862943611198906,0.0,0,3,0
25652,2GuIRSthEpYN5MO6PGD7Vx,Polo & Pan,Dorothy,Dorothy,59,316372,False,0.803,0.427,8,-10.819,1,0.0509,0.0245,0.405,0.0953,0.439,118.008,4,disco,2,1.0986122886681098,0.0,0,2,0
25903,3sTSo8X7UCDTVUVMJ63LJO,Eric Carmen,Dirty Dancing: Anniversary Edition,Hungry Eyes,56,247320,False,0.719,0.634,5,-7.331,1,0.0255,0.0186,0.0,0.108,0.591,110.597,4,disco,1,0.6931471805599453,0.0,0,1,0
25908,0RnCUYXa7jhgTXtiMXF2PQ,Sylvester,Step II,You Make Me Feel (Mighty Real),62,400115,False,0.629,0.851,5,-11.182,0,0.0294,0.0309,0.303,0.0947,0.961,130.7,4,disco,1,0.6931471805599453,0.0,0,1,0
25909,5WwRKYnVy9dekqXAGPbAvU,Sister Sledge,We Are Family (1995 Remaster),He's the Greatest Dancer - 1995 Remaster,62,375400,False,0.7,0.816,7,-9.711,0,0.044,0.00115,0.00123,0.0901,0.838,113.244,4,disco,3,1.3862943611198906,0.0,0,3,0
28018,70YPzqSEwJvAIQ6nMs1cjY,ILLENIUM;X Ambassadors,ASCEND,In Your Arms (with X Ambassadors),63,220730,False,0.404,0.806,2,-4.75,1,0.0496,0.198,0.0,0.114,0.112,148.036,4,dub,1,0.6931471805599453,0.0,0,1,0
30300,6f3Slt0GbA2bPZlz0aIFXN,Tiësto,The Business,The Business,82,164000,False,0.798,0.62,8,-7.079,0,0.232,0.414,0.0192,0.112,0.235,120.031,4,edm,1,0.6931471805599453,0.0,0,1,0
30305,0bI7K9Becu2dtXK1Q3cZNB,Tiësto;KAROL G,Don't Be Shy,Don't Be Shy,84,140500,True,0.77,0.787,11,-3.748,0,0.0583,0.198,0.0,0.262,0.513,119.986,4,edm,4,1.6094379124341003,0.0,0,4,0
30354,3H7ihDc1dqLriiWXwsc2po,Topic;A7S,Breaking Me,Breaking Me,78,166793,False,0.789,0.72,8,-5.652,0,0.218,0.223,0.0,0.129,0.664,122.031,4,edm,1,0.6931471805599453,0.0,0,1,0
30357,6osaMSJh9NguagEDQcZaKx,DJ Snake;J Balvin;Tyga,Carte Blanche,Loco Contigo (feat. J. Balvin & Tyga),74,185194,False,0.694,0.758,11,-2.986,1,0.218,0.278,1.34e-06,0.102,0.371,192.091,4,edm,1,0.6931471805599453,0.0,0,1,0
30363,6kPJZM97LwdG9QIsT7khp6,Clean Bandit;Demi Lovato,Solo (feat. Demi Lovato),Solo (feat. Demi Lovato),71,222653,False,0.737,0.636,11,-4.546,0,0.0437,0.0441,6.66e-05,0.35,0.565,105.005,4,edm,1,0.6931471805599453,0.0,0,1,0
30405,1I8tHoNBFTuoJAlh4hfVVE,Kygo;Conrad Sewell,Cloud Nine,Firestone,77,271640,False,0.704,0.634,11,-7.374,0,0.0428,0.393,3.17e-05,0.0952,0.411,113.927,4,edm,2,1.0986122886681098,0.0,0,2,0
30414,1sgDyuLooyvEML4oHspNza,Kygo;OneRepublic,Golden Hour,Lose Somebody,74,199549,False,0.58,0.586,1,-6.883,1,0.0357,0.344,0.0,0.0755,0.507,147.988,4,edm,1,0.6931471805599453,0.0,0,1,0
30450,127uq83uGFapbddqiMUKky,David Guetta;Akon,One More Love,Sexy Bitch (feat. Akon),77,195853,True,0.813,0.627,11,-5.018,0,0.0486,0.0771,0.000616,0.131,0.801,130.011,4,edm,1,0.6931471805599453,0.0,0,1,0
30507,21RzyxY3EFaxVy6K4RqaU9,Loud Luxury;Brando,Body,Body,75,163216,False,0.752,0.764,1,-4.399,1,0.038,0.0476,9.44e-05,0.0543,0.582,121.958,4,edm,1,0.6931471805599453,0.0,0,1,0
30508,2ISSQPb9LHHiV6ng2NXosL,Zedd;Jon Bellion,True Colors,Beautiful Now,70,218293,False,0.628,0.833,11,-4.126,0,0.0282,0.0079,1.48e-05,0.074,0.56,128.003,4,edm,2,1.0986122886681098,0.5,1,2,1
30527,5UqCQaDshqbIk3pkhy4Pjg,Avicii,Levels,Levels - Radio Edit,79,199906,False,0.584,0.889,1,-5.941,0,0.0343,0.0462,0.828,0.309,0.464,126.04,4,edm,3,1.3862943611198906,0.0,0,3,0
30552,46lFttIf5hnUZMGvjK0Wxo,Galantis,Pharmacy,Runaway (U & I),75,227073,False,0.506,0.805,1,-4.119,1,0.0469,0.00711,0.00193,0.0856,0.383,126.008,4,edm,3,1.3862943611198906,1.0,3,3,1
30562,6cx06DFPPHchuUAcTxznu9,Joel Corry;MNEK,Head & Heart (feat. MNEK),Head & Heart (feat. MNEK),80,166028,False,0.734,0.874,8,-3.158,1,0.0662,0.168,1.14e-05,0.0489,0.905,122.953,4,edm,2,1.0986122886681098,0.0,0,2,0
30650,3dD9yyYTQ73SZvyOygyKva,Whethan;Dua Lipa,Fifty Shades Freed (Original Motion Picture Soundtrack),High (& Dua Lipa),67,196706,True,0.708,0.552,10,-5.552,0,0.21,0.0922,0.0,0.0541,0.686,147.834,4,edm,2,1.0986122886681098,0.0,0,2,0
30658,2Gl0FzuLxflY6nPifJp5Dr,Kygo;Ellie Goulding,First Time,First Time,65,193511,False,0.633,0.592,0,-7.245,0,0.112,0.197,0.0,0.099,0.679,90.066,4,edm,1,0.6931471805599453,0.0,0,1,0
30676,14sOS5L36385FJ3OL8hew4,Kygo;Sandro Cavazza,Happy Now,Happy Now,69,211362,False,0.693,0.575,9,-6.998,1,0.0801,0.374,0.0,0.252,0.492,117.999,4,edm,1,0.6931471805599453,0.0,0,1,0
30680,3zU9rdflI65tK4dkkNSp77,Alesso;Tove Lo,Forever,Heroes (we could be),72,210013,False,0.503,0.748,5,-4.124,1,0.0619,0.0305,0.0,0.343,0.356,125.896,4,edm,2,1.0986122886681098,0.5,1,2,1
30703,1DFD5Fotzgn6yYXkYsKiGs,MEDUZA;Goodboys,Piece Of Your Heart,Piece Of Your Heart,77,152913,False,0.677,0.744,10,-6.806,0,0.0295,0.0404,0.00016,0.074,0.631,124.08,4,edm,1,0.6931471805599453,0.0,0,1,0
30708,5masKPHeAOVNgxdLebIcK7,Kygo;Parson James,Cloud Nine,Stole the Show,75,223186,False,0.64,0.635,8,-7.565,0,0.226,0.271,0.0,0.319,0.475,100.034,4,edm,2,1.0986122886681098,0.0,0,2,0
30721,0kHyKhJMukHEPfeh8s7rdM,Kygo;Imagine Dragons,Born To Be Yours,Born To Be Yours,70,193320,False,0.688,0.688,3,-5.84,1,0.0357,0.3,0.0,0.0982,0.451,114.011,4,edm,1,0.6931471805599453,0.0,0,1,0
30750,4aSfgWmRa9KsISD4Jmx7QB,Kygo;Sasha Alex Sloan,Stargazing - EP,This Town (feat. Sasha Alex Sloan),61,202280,False,0.736,0.449,10,-7.956,0,0.0633,0.506,6.63e-05,0.117,0.487,147.971,4,edm,1,0.6931471805599453,0.0,0,1,0
30818,3UN6cIn3VIyg0z1LCuFSum,David Guetta;Usher,Nothing but the Beat (Ultimate Edition),Without You (feat. Usher),70,208133,False,0.608,0.614,2,-3.727,1,0.0285,0.227,4.06e-06,0.157,0.402,127.884,4,edm,1,0.6931471805599453,0.0,0,1,0
30851,5aUSEPNd3m5xliFK4pn5mU,Zedd;Kehlani,Good Thing (with Kehlani),Good Thing (with Kehlani),68,210901,True,0.693,0.564,1,-3.857,0,0.0378,0.399,0.0,0.0409,0.574,185.913,3,edm,6,1.9459101490553132,0.0,0,6,0
30864,4sJqSKPc5fZ5OZ8JiVI44N,Kygo;OneRepublic,Kids in Love,Stranger Things (feat. OneRepublic),62,221440,False,0.604,0.661,0,-5.914,1,0.0375,0.234,0.0,0.0951,0.506,107.016,4,edm,1,0.6931471805599453,0.0,0,1,0
30919,2V4bv1fNWfTcyRJKmej6Sj,Mike Posner;Gigamesh,31 Minutes to Takeoff,Cooler Than Me - Single Mix,76,213293,False,0.768,0.82,7,-4.63,0,0.0474,0.179,0.0,0.689,0.625,129.965,4,edm,1,0.6931471805599453,0.0,0,1,0
30933,6oJ6le65B3SEqPwMRNXWjY,Kygo;Whitney Houston,Higher Love,Higher Love,76,228267,False,0.693,0.678,8,-7.159,1,0.0324,0.0151,5.71e-06,0.101,0.404,103.952,4,edm,1,0.6931471805599453,0.0,0,1,0
31018,2Fxmhks0bxGSBdJ92vM42m,Billie Eilish,"WHEN WE ALL FALL ASLEEP, WHERE DO WE GO?",bad guy,84,194087,False,0.701,0.425,7,-10.965,1,0.375,0.328,0.13,0.1,0.562,135.128,4,electro,19,2.995732273553991,0.0,0,19,0
31050,3ZCTVFBt2Brf31RLEnCkWJ,Billie Eilish,everything i wanted,everything i wanted,86,245425,False,0.704,0.225,6,-14.454,0,0.0994,0.902,0.657,0.106,0.243,120.006,4,electro,1,0.6931471805599453,0.0,0,1,0
31067,5ajjAnNRh8bxFvaVHzpPjh,Madison Beer,Reckless,Reckless,80,203384,False,0.386,0.426,3,-6.642,1,0.0363,0.807,0.0,0.14,0.261,180.104,3,electro,27,3.332204510175204,0.037037037037037035,1,27,0
31158,2VlLbhGLVJgdOW7kKdWWFc,Billie Eilish,Six Feet Under,Six Feet Under,75,189613,False,0.576,0.307,11,-12.732,0,0.0428,0.807,0.000355,0.0792,0.157,67.513,4,electro,1,0.6931471805599453,0.0,0,1,0
31164,3mRLHiSHYtC8Hk7bzZdUs1,Bishop Briggs,Church Of Scars,River,75,216133,False,0.733,0.477,2,-6.737,0,0.0687,0.302,2.97e-06,0.0579,0.545,62.507,4,electro,2,1.0986122886681098,0.0,0,2,0
31355,3XF5xLJHOQQRbWya6hBp7d,Billie Eilish,"WHEN WE ALL FALL ASLEEP, WHERE DO WE GO?",you should see me in a crown,77,180952,False,0.678,0.533,4,-10.485,1,0.186,0.462,0.219,0.139,0.323,150.455,4,electro,1,0.6931471805599453,0.0,0,1,0
31401,6YUTL4dYpB9xZO5qExPf05,Calvin Harris,Motion,Summer,82,222533,False,0.596,0.856,4,-3.556,0,0.0346,0.0211,0.0178,0.141,0.743,127.949,4,electro,1,0.6931471805599453,0.0,0,1,0
31508,20R4HfKloPKgXDqU7UKk3x,Billie Eilish,Happier Than Ever,Therefore I Am,73,173539,False,0.879,0.365,2,-7.781,1,0.0924,0.227,0.135,0.0583,0.663,94.016,4,electro,2,1.0986122886681098,0.0,0,2,0
31514,3uc8AGNL0KbvISIrjnfRvN,Lauv;LANY,~how i'm feeling~,Mean It,71,232853,False,0.746,0.45,7,-8.543,1,0.0873,0.0407,0.0,0.172,0.336,95.998,4,electro,37,3.6375861597263857,0.0,0,37,0
31552,22mek4IiqubGD9ctzxc69s,Calvin Harris;Disciples,How Deep is Your Love (feat. Disciples),How Deep is Your Love (feat. Disciples),77,212640,False,0.738,0.868,11,-4.373,0,0.0731,0.0392,0.00169,0.388,0.336,122.003,4,electro,6,1.9459101490553132,0.6666666666666666,4,6,1
31560,38GBNKZUhfBkk3oNlWzRYd,Billie Eilish,Happier Than Ever,NDA,77,195776,True,0.765,0.373,8,-9.921,1,0.0713,0.341,0.525,0.112,0.554,85.016,4,electro,1,0.6931471805599453,0.0,0,1,0
31563,6IRdLKIyS4p7XNiP8r6rsx,Billie Eilish,"WHEN WE ALL FALL ASLEEP, WHERE DO WE GO?",all the good girls go to hell,76,168839,False,0.726,0.444,8,-8.922,0,0.372,0.283,0.143,0.177,0.569,185.044,4,electro,1,0.6931471805599453,0.0,0,1,0
31600,58AGoOGbwsQMhBbH0eFLRR,Calvin Harris;The Weeknd,Over Now (with The Weeknd),Over Now (with The Weeknd),71,210795,True,0.612,0.884,4,-4.113,0,0.0454,0.0759,0.00132,0.247,0.679,178.043,4,electro,4,1.6094379124341003,0.0,0,4,0
31603,3Fj47GNK2kUF0uaEDgXLaD,Billie Eilish,"WHEN WE ALL FALL ASLEEP, WHERE DO WE GO?",wish you were gay,77,221543,False,0.853,0.351,7,-10.198,1,0.241,0.39,9.38e-06,0.752,0.282,118.028,4,electro,1,0.6931471805599453,0.0,0,1,0
31669,042Sl6Mn83JHyLEqdK7uI0,Billie Eilish,Happier Than Ever,Your Power,77,245896,False,0.632,0.284,9,-14.025,0,0.0801,0.932,0.000476,0.233,0.208,129.642,4,electro,1,0.6931471805599453,0.0,0,1,0
31702,1gihuPhrLraKYrJMAEONyc,Calvin Harris,18 Months,Feel So Close - Radio Edit,80,206413,False,0.707,0.924,7,-2.842,1,0.031,0.000972,0.00703,0.204,0.919,127.937,4,electro,1,0.6931471805599453,0.0,0,1,0
31708,5lfWrciYtohtIMVDVZd0Rf,Calvin Harris;Justin Timberlake;Halsey;Pharrell Williams,"Stay With Me (with Justin Timberlake, Halsey, & Pharrell)","Stay With Me (with Justin Timberlake, Halsey, & Pharrell)",80,229282,False,0.81,0.733,9,-6.338,1,0.0444,0.276,6.73e-06,0.288,0.9,125.975,4,electro,4,1.6094379124341003,0.0,0,4,0
31757,4191RXFPa7Ge9XkA4cWlna,Billie Eilish,Happier Than Ever,Lost Cause,73,212496,True,0.526,0.334,10,-8.491,0,0.251,0.702,0.00782,0.0586,0.522,74.966,4,electro,3,1.3862943611198906,0.0,0,3,0
31774,2KnuaZYoGzDoHiBTNYOTXG,Billie Eilish,Happier Than Ever,Billie Bossa Nova,76,196730,False,0.895,0.389,7,-11.036,0,0.11,0.222,0.0346,0.105,0.549,110.023,4,electro,4,1.6094379124341003,0.0,0,4,0
31807,07nH4ifBxUB4lZcsf44Brn,Calvin Harris;John Newman,Motion,Blame (feat. John Newman),76,212960,False,0.414,0.857,0,-4.078,0,0.0808,0.0287,0.00574,0.343,0.348,128.024,4,electro,2,1.0986122886681098,0.5,1,2,1
31819,7bcy34fBT2ap1L4bfPsl9q,Billie Eilish,Happier Than Ever,I Didn't Change My Number,75,158463,True,0.849,0.48,9,-5.835,1,0.226,0.612,0.269,0.295,0.677,142.021,4,electro,17,2.8903717578961645,0.11764705882352941,2,17,0
31865,4t2OeILB07eMGTXSUbMPEu,Billie Eilish,Happier Than Ever,Oxytocin,72,210232,False,0.757,0.598,11,-7.777,1,0.058,0.0904,0.551,0.15,0.18,124.951,4,electro,5,1.791759469228055,0.0,0,5,0
31922,05SBRd4fXgn8FX7bf8BCAE,Calvin Harris;Ellie Goulding,18 Months,I Need Your Love (feat. Ellie Goulding),71,234506,False,0.695,0.869,8,-5.066,1,0.0483,0.41,0.0,0.237,0.58,124.989,4,electro,1,0.6931471805599453,1.0,1,1,1
31955,2XMTqoHHSH0lvuXrvIEdco,FRENSHIP;Emily Warren,Truce - EP,Capsize,67,237706,False,0.683,0.708,5,-6.244,0,0.0305,0.0398,0.155,0.686,0.355,92.991,4,electro,1,0.6931471805599453,0.0,0,1,0
32053,57kR5SniQIbsbVoIjjOUDa,DJ Snake;AlunaGeorge,You Know You Like It,You Know You Like It,70,247266,False,0.407,0.725,5,-5.346,0,0.188,0.0141,2.46e-06,0.306,0.247,196.093,4,electronic,3,1.3862943611198906,0.6666666666666666,2,3,1
32100,3S7A85bAWOd6ltk6r2ANOI,DJ Snake,U Are My High,U Are My High,71,180480,False,0.503,0.783,0,-4.761,0,0.0385,0.0221,0.00223,0.14,0.213,125.122,4,electronic,1,0.6931471805599453,0.0,0,1,0
32142,024nqC9O76nvAuIWtQGdQy,Peter Cat Recording Co.,Bismillah,Memory Box,55,483840,False,0.609,0.415,7,-11.986,1,0.0435,0.227,0.0672,0.136,0.442,127.972,4,electronic,1,0.6931471805599453,0.0,0,1,0
32150,3XHrTm6WE2BOHafLwTT3GR,Blue Foundation,Life Of A Ghost,Eyes on Fire,67,302826,False,0.544,0.383,3,-10.143,0,0.0334,0.67,0.00204,0.125,0.367,145.025,4,electronic,1,0.6931471805599453,0.0,0,1,0
32381,5mc6EyF1OIEOhAkD0Gg9Lc,Nine Inch Nails,The Downward Spiral (Deluxe Edition),Closer,66,373306,True,0.546,0.724,10,-8.639,0,0.0427,0.000273,0.667,0.133,0.586,89.991,4,electronic,2,1.0986122886681098,0.5,1,2,1
32467,2SCLswvRP8hAYdIKsrLV6h,Stavroz,The Ginning,The Finishing,58,482983,False,0.773,0.377,9,-12.653,1,0.0455,0.655,0.829,0.122,0.0363,119.975,4,electronic,1,0.6931471805599453,0.0,0,1,0
32707,1jy7SkRcmBCTcv4ZMtwz29,Jamie xx;Romy,In Colour,Loud Places,63,283066,False,0.646,0.63,8,-10.748,0,0.0435,0.00462,0.27,0.122,0.164,109.018,4,electronic,1,0.6931471805599453,0.0,0,1,0
32718,7azVJ6AgvPLOum1tppactO,Vigiland,UFO,UFO - Radio Edit,61,144389,False,0.839,0.808,5,-7.005,1,0.114,0.107,0.747,0.186,0.181,128.068,4,electronic,1,0.6931471805599453,1.0,1,1,1
32953,6m3ZWIXhjoV76syT1j2oE9,Dillon Francis;Kygo;James Hersey,This Mixtape is Fire.,Coming Over (feat. James Hersey),55,178333,False,0.631,0.661,5,-5.5,0,0.0999,0.227,1.43e-06,0.166,0.698,174.031,4,electronic,1,0.6931471805599453,0.0,0,1,0
33023,04aAxqtGp5pv12UXAg4pkq,Fall Out Boy,American Beauty/American Psycho,Centuries,80,228360,False,0.393,0.858,4,-2.868,0,0.0729,0.00359,0.0,0.102,0.56,176.042,4,emo,1,0.6931471805599453,0.0,0,1,0
33064,1yjY7rpaAQvKwpdUliHx0d,Paramore,Paramore,Still into You,80,216013,False,0.602,0.923,5,-3.763,1,0.044,0.0098,0.0,0.0561,0.765,136.01,4,emo,1,0.6931471805599453,0.0,0,1,0
33086,7j31rVgGX9Q2blT92VBEA0,My Chemical Romance,The Black Parade,Teenagers,81,161920,False,0.463,0.857,4,-3.063,1,0.0632,0.0506,0.0,0.184,0.856,111.647,4,emo,91,4.5217885770490405,0.0,0,91,0
33088,5wQnmLuC1W7ATsArWACrgW,My Chemical Romance,The Black Parade,Welcome to the Black Parade,79,311106,False,0.217,0.905,2,-4.103,1,0.0752,0.000289,0.00011,0.222,0.236,96.95,4,emo,67,4.219507705176107,0.0,0,67,0
33123,3Zwu2K0Qa5sT6teCCHPShP,Fall Out Boy,Infinity On High,Thnks fr th Mmrs,79,203506,False,0.459,0.891,10,-5.057,0,0.0623,0.00511,0.0,0.106,0.588,154.837,4,emo,18,2.9444389791664403,0.05555555555555555,1,18,0
33133,4RAOI1etsgbh5NP3T5R8rN,My Chemical Romance,The Black Parade,I Don't Love You,73,238680,False,0.289,0.796,0,-4.22,1,0.0494,0.00837,2.61e-05,0.202,0.33,169.835,4,emo,5,1.791759469228055,0.0,0,5,0
33140,2TfSHkHiFO4gRztVIkggkE,Fall Out Boy,From Under The Cork Tree,"Sugar, We're Goin Down",78,229093,False,0.494,0.842,7,-4.784,1,0.0843,0.00579,0.0,0.122,0.574,162.011,4,emo,31,3.4657359027997265,0.03225806451612903,1,31,0
33184,7lRlq939cDG4SzWOF4VAnd,My Chemical Romance,Three Cheers for Sweet Revenge,I'm Not Okay (I Promise),77,186480,True,0.21,0.94,9,-3.427,1,0.123,0.00602,0.0,0.269,0.255,179.722,4,emo,1,0.6931471805599453,0.0,0,1,0
33232,5dTHtzHFPyi8TlTtzoz1J9,My Chemical Romance,Three Cheers for Sweet Revenge,Helena,76,204733,False,0.356,0.96,4,-3.487,1,0.104,0.0142,0.0,0.209,0.0857,125.921,4,emo,1,0.6931471805599453,0.0,0,1,0
33235,0GgN4MhR5GKn5IcKN0e0rG,My Chemical Romance,The Black Parade,Cancer,69,142973,False,0.457,0.515,4,-4.31,1,0.0261,0.358,0.0,0.278,0.222,74.984,4,emo,3,1.3862943611198906,0.0,0,3,0
33236,2d6m2F4I7wCuAKtSsdhh83,My Chemical Romance,The Black Parade,Famous Last Words,73,299226,False,0.467,0.883,2,-3.679,0,0.106,0.000321,0.000152,0.125,0.309,122.252,4,emo,38,3.6635616461296463,0.05263157894736842,2,38,0
33279,7vb1HJXTK7hR3ug25xtiuY,My Chemical Romance,May Death Never Stop You,Na Na Na (Na Na Na Na Na Na Na Na Na),46,206226,True,0.385,0.98,8,-2.764,0,0.0683,0.00021,0.0034,0.369,0.61,165.932,4,emo,19,2.995732273553991,0.05263157894736842,1,19,0
33335,6T7MAQCekVb3UnCykjX3BP,My Chemical Romance,The Black Parade,Disenchanted,65,295000,False,0.343,0.692,2,-3.926,1,0.0355,0.00218,0.0,0.112,0.153,174.07,4,emo,5,1.791759469228055,0.0,0,5,0
33378,0uukw2CgEIApv4IWAjXrBC,My Chemical Romance,The Black Parade,Dead!,70,195520,True,0.481,0.973,7,-1.945,1,0.0542,0.0037,0.000877,0.325,0.362,99.331,4,emo,2,1.0986122886681098,0.0,0,2,0
33382,0Zh3tKIphLOvQux4dA6PFZ,My Chemical Romance,The Black Parade,Mama,69,279026,True,0.236,0.799,4,-5.167,0,0.0939,0.0136,0.0,0.0948,0.303,208.951,4,emo,3,1.3862943611198906,0.0,0,3,0
33488,2kMjk14RmYyYhhSbipoa9U,My Chemical Romance,The Black Parade,The Sharpest Lives,66,200880,False,0.513,0.937,1,-3.427,0,0.0532,0.000111,0.000102,0.083,0.543,155.015,4,emo,6,1.9459101490553132,0.0,0,6,0
33741,6s2yqZbiPNPL1B2IeCMsUA,My Chemical Romance,The Black Parade,The End.,62,112920,False,0.292,0.548,2,-4.977,1,0.0363,0.0827,0.0,0.414,0.207,175.053,3,emo,3,1.3862943611198906,0.0,0,3,0
33747,0rUNZQuYQvOz6A6zwyT6tM,My Chemical Romance,The Black Parade,This Is How I Disappear,64,239053,False,0.242,0.983,2,-2.679,1,0.106,5.08e-05,4.43e-05,0.303,0.301,163.366,4,emo,2,1.0986122886681098,0.0,0,2,0
33844,7j2Bmzpnf6RwEWEQ2sv8Ho,My Chemical Romance,The Black Parade,House of Wolves,64,184000,True,0.445,0.977,0,-2.674,1,0.0995,0.000347,0.0235,0.126,0.239,105.825,4,emo,3,1.3862943611198906,0.0,0,3,0
33995,2h0O3uXZW6ClktlgHWGpjy,"Slaughter Beach, Dog",Birdie,Acolyte,63,316468,False,0.79,0.476,9,-10.674,1,0.0338,0.782,0.0942,0.113,0.774,123.977,4,emo,2,1.0986122886681098,0.0,0,2,0
34011,0jZO7p0nBUi9VHedWUBS9l,Lord Huron;Phoebe Bridgers,13 Reasons Why (Season 2),The Night We Met (feat. Phoebe Bridgers),68,208173,False,0.424,0.437,2,-8.588,1,0.0355,0.962,0.336,0.664,0.131,174.127,3,folk,3,1.3862943611198906,0.0,0,3,0
34021,5NORWMFC27ywGSZxi8uquP,The Lumineers,Cleopatra,Ophelia,79,160097,False,0.664,0.573,5,-6.519,1,0.0277,0.613,0.000363,0.0857,0.566,76.023,4,folk,40,3.713572066704308,0.0,0,40,0
34027,7yq4Qj7cqayVTp3FF9CWbm,Vance Joy,Dream Your Life Away,Riptide,82,204280,False,0.484,0.731,1,-6.694,1,0.0379,0.431,0.0,0.151,0.51,101.654,4,folk,28,3.367295829986474,0.07142857142857142,2,28,0
34062,44uOreAESeRIBaxkuCW4wN,The Lumineers,Cleopatra,Sleep On The Floor,70,211851,False,0.389,0.431,7,-8.061,1,0.0344,0.249,0.0,0.13,0.275,142.14,4,folk,30,3.4339872044851463,0.03333333333333333,1,30,0
34176,5bzf1xrbqr1ttjAJuRz2xY,The Lumineers,Cleopatra,Cleopatra,68,201413,False,0.536,0.775,8,-6.765,1,0.0394,0.228,0.000143,0.0947,0.485,151.393,4,folk,76,4.343805421853684,0.013157894736842105,1,76,0
34200,7hN5TKSdRb56uytwIpcUES,Hugo,Old Tyme Religion,99 Problems,62,137426,False,0.529,0.557,9,-7.762,1,0.0738,0.0357,3.93e-05,0.0734,0.592,162.599,4,folk,63,4.1588830833596715,0.0,0,63,0
34204,1Mk9ou2m6hsEZJYuNRJFpO,Matt Hartke,London's Song,London's Song,65,178573,False,0.562,0.266,4,-14.852,1,0.0409,0.928,0.000626,0.0983,0.493,88.968,4,folk,1,0.6931471805599453,0.0,0,1,0
34205,1JO1xLtVc8mWhIoE3YaCL0,The Turtles,Happy Together,Happy Together,76,176293,False,0.584,0.367,6,-9.638,0,0.0328,0.55,1.38e-05,0.0818,0.588,120.175,4,folk,1,0.6931471805599453,0.0,0,1,0
34212,5zA8vzDGqPl2AzZkEYQGKh,Billy Joel,An Innocent Man,Uptown Girl,79,197706,False,0.701,0.944,4,-2.986,1,0.0455,0.0755,0.0,0.601,0.792,128.993,4,folk,22,3.1354942159291497,0.0,0,22,0
34275,2ihCaVdNZmnHZWt0fvAM7B,Of Monsters and Men,My Head Is An Animal,Little Talks,80,266600,False,0.457,0.757,1,-5.177,1,0.032,0.0206,0.0,0.146,0.417,102.961,4,folk,3,1.3862943611198906,0.3333333333333333,1,3,0
34310,2M9ro2krNb7nr7HSprkEgo,Tracy Chapman,Tracy Chapman,Fast Car,78,296800,False,0.711,0.292,4,-15.523,0,0.037,0.313,0.0,0.131,0.194,103.951,4,folk,2,1.0986122886681098,0.0,0,2,0
34326,3B3eOgLJSqPEA0RfboIQVM,Bon Iver,"For Emma, Forever Ago",Skinny Love,73,238520,False,0.592,0.263,4,-14.029,0,0.0568,0.845,5.68e-06,0.127,0.109,76.366,4,folk,7,2.0794415416798357,0.2857142857142857,2,7,0
34330,1fDsrQ23eTAVFElUMaf38X,Don McLean,American Pie,American Pie,76,516893,False,0.531,0.481,4,-11.709,0,0.06,0.699,0.0,0.0842,0.491,138.45,4,folk,1,0.6931471805599453,0.0,0,1,0
34332,62AuGbAkt8Ox2IrFFb8GKV,Neil Diamond,Sweet Caroline,Sweet Caroline,78,203573,False,0.529,0.127,11,-16.066,1,0.0274,0.611,0.000109,0.237,0.578,63.05,4,folk,24,3.2188758248682006,0.0,0,24,0
34365,0VNzEY1G4GLqcNx5qaaTl6,Don McLean,American Pie,Vincent,69,243493,False,0.419,0.085,7,-19.387,1,0.0362,0.908,5.33e-06,0.34,0.458,91.509,3,folk,2,1.0986122886681098,0.0,0,2,0
34382,70C4NyhjD5OZUMzvWZ3njJ,Billy Joel,Piano Man (Legacy Edition),Piano Man,77,339000,False,0.331,0.55,0,-6.483,1,0.0272,0.605,3.96e-06,0.192,0.429,177.734,3,folk,21,3.091042453358316,0.0,0,21,0
34386,3Kj2EWpIBnvETsYq4cq0IH,Gregory Alan Isakov,This Empty Northern Hemisphere,Big Black Car,72,217466,False,0.6,0.186,3,-15.926,1,0.0317,0.909,0.00102,0.104,0.468,110.044,4,folk,4,1.6094379124341003,0.0,0,4,0
34388,5y788ya4NvwhBznoDIcXwK,Simon & Garfunkel,"Wednesday Morning, 3 A.M.",The Sound of Silence - Acoustic Version,73,185413,False,0.525,0.216,6,-13.551,1,0.0301,0.837,0.0,0.107,0.328,106.761,4,folk,22,3.1354942159291497,0.045454545454545456,1,22,0
34419,3JvrhDOgAt6p7K8mDyZwRd,Vance Joy,Dream Your Life Away (Special Edition),Riptide,80,204280,False,0.484,0.731,1,-6.694,1,0.0379,0.431,0.0,0.151,0.51,101.654,4,folk,2,1.0986122886681098,0.0,0,2,0
34436,1vqtj4c5aNPKkLS2LXkd4E,Gregory Alan Isakov,This Empty Northern Hemisphere,"If I Go, I'm Goin",64,267160,False,0.509,0.0648,3,-17.293,1,0.0339,0.778,0.0282,0.11,0.192,113.742,4,folk,3,1.3862943611198906,0.0,0,3,0
34478,4MTmAFWHpvB9kPMSRgLFRp,The Lumineers,BRIGHTSIDE,WHERE WE ARE,63,172800,False,0.573,0.507,11,-8.084,1,0.0342,0.759,1.37e-06,0.377,0.363,123.183,4,folk,5,1.791759469228055,0.0,0,5,0
34511,5L79aNYCTKiZq7vaOElXYj,Phillip Phillips,The World From The Side Of The Moon (Deluxe),"Gone, Gone, Gone",68,209693,False,0.664,0.642,6,-5.961,1,0.038,0.129,0.0,0.114,0.501,118.002,4,folk,34,3.5553480614894135,0.0,0,34,0
34530,4s6LhHAV5SEsOV0lC2tjvJ,The Mamas & The Papas,If You Can Believe Your Eyes & Ears,California Dreamin' - Single Version,78,162373,False,0.552,0.608,1,-9.786,0,0.0345,0.352,0.0,0.0533,0.637,112.367,4,folk,4,1.6094379124341003,0.25,1,4,0
34567,6Fha6tXHkL3r9m9nNqQG8p,Vance Joy,Dream Your Life Away,Georgia,62,230506,False,0.388,0.66,11,-7.372,1,0.0308,0.312,0.000307,0.0943,0.401,143.554,4,folk,45,3.828641396489095,0.0,0,45,0
34569,6Zz5CiVpQk2Fz2nV8m3YQm,The Lumineers,Cleopatra,Angela,60,201785,False,0.668,0.563,4,-8.23,1,0.0305,0.649,0.000347,0.11,0.289,130.366,4,folk,34,3.5553480614894135,0.08823529411764706,3,34,0
34580,4yyg2J2uXOjCtCyT64984C,Lord Huron,Lonesome Dreams,Ends of the Earth,69,284146,False,0.555,0.584,4,-8.667,1,0.0301,0.274,0.0228,0.254,0.41,120.965,4,folk,1,0.6931471805599453,0.0,0,1,0
34585,7BVwi9cIzSc6tpyxsp47vJ,Vance Joy,Dream Your Life Away,Mess Is Mine,64,223640,False,0.595,0.723,7,-8.256,1,0.0349,0.047,0.0286,0.0995,0.272,108.043,1,folk,29,3.4011973816621555,0.034482758620689655,1,29,0
34587,0qdQUeKVyevrbKhAo0ibxS,George Harrison,All Things Must Pass (Remastered 2014),My Sweet Lord - Remastered 2014,75,281226,False,0.537,0.701,1,-8.913,0,0.0335,0.0972,0.0,0.0832,0.583,120.919,4,folk,5,1.791759469228055,0.0,0,5,0
34593,5RgFlk1fcClZd0Y4SGYhqH,Billy Joel,The Stranger (Legacy Edition),She's Always a Woman,73,201373,False,0.292,0.324,3,-11.996,1,0.0346,0.797,0.000473,0.12,0.384,176.631,3,folk,2,1.0986122886681098,0.0,0,2,0
34596,0iOZM63lendWRTTeKhZBSC,Simon & Garfunkel,Bookends,"Mrs. Robinson - From ""The Graduate"" Soundtrack",75,244026,False,0.606,0.457,6,-14.035,0,0.0497,0.713,2.53e-05,0.0747,0.813,92.033,4,folk,1,0.6931471805599453,0.0,0,1,0
34600,1ZEOIhSn6BKErV59bIgn76,The Mamas & The Papas,All The Leaves Are Brown The Golden Era Collection,California Dreamin',69,160373,False,0.548,0.728,1,-6.631,0,0.0367,0.424,0.0,0.0525,0.649,112.332,4,folk,1,0.6931471805599453,1.0,1,1,1
34626,4fN0dQGDaV4Hg7Gd7mBOE0,The Head And The Heart,The Head and the Heart,Rivers and Roads,57,284000,False,0.5,0.197,0,-8.93,1,0.0354,0.717,3.22e-05,0.0755,0.177,131.243,3,folk,6,1.9459101490553132,0.16666666666666666,1,6,0
34630,2KrN3MCNztKcSleZgHEj83,Mumford & Sons,Sigh No More,Little Lion Man,68,245173,True,0.517,0.492,5,-8.05,1,0.0272,0.0275,3.19e-05,0.0873,0.455,138.585,4,folk,1,0.6931471805599453,0.0,0,1,0
34634,3yrSvpt2l1xhsV9Em88Pul,Van Morrison,Blowin' Your Mind!,Brown Eyed Girl,80,183306,False,0.491,0.583,7,-10.964,1,0.0376,0.185,0.0,0.406,0.908,150.566,4,folk,45,3.828641396489095,0.022222222222222223,1,45,0
34681,5tVA6TkbaAH9QMITTQRrNv,Tom Petty,Full Moon Fever,Free Fallin',77,256000,False,0.623,0.449,5,-13.333,1,0.0253,0.212,0.0,0.0613,0.572,84.383,4,folk,2,1.0986122886681098,0.5,1,2,1
34682,11X4Gw3T4hoktVruLgTnm1,José González,Veneer,Heartbeats,66,160240,False,0.554,0.15,3,-16.746,1,0.0338,0.974,0.735,0.0698,0.314,87.956,4,folk,1,0.6931471805599453,0.0,0,1,0
34688,76TZCvJ8GitQ2FA1q5dKu0,Simon & Garfunkel,Bridge Over Troubled Water,The Boxer,71,308520,False,0.439,0.488,11,-14.464,1,0.0615,0.702,0.000339,0.16,0.629,93.017,4,folk,100,4.61512051684126,0.04,4,100,0
34722,3Vby4nGmtbDo7HDJamOWkT,Stealers Wheel,Stealers Wheel,Stuck In The Middle With You,78,208946,False,0.82,0.575,7,-9.144,1,0.0408,0.0936,0.000135,0.109,0.964,123.765,4,folk,1,0.6931471805599453,0.0,0,1,0
34767,0ZNYGrmcehorhh9JOeg5Iv,José González,Stay Alive (From The Secret Life Of Walter Mitty),Stay Alive,67,266906,False,0.714,0.306,6,-12.111,1,0.0388,0.726,0.168,0.0924,0.314,129.984,4,folk,3,1.3862943611198906,0.0,0,3,0
34772,11VwZwNF29HrqwalYUMitb,The Velvet Underground,The Velvet Underground (45th Anniversary),Pale Blue Eyes,65,339533,False,0.637,0.107,5,-18.759,1,0.0349,0.911,0.00146,0.103,0.296,82.879,4,folk,34,3.5553480614894135,0.0,0,34,0
34817,3Y7fpFZbHLpAvWJJYGehz0,Xavier Rudd,Spirit Bird,Follow The Sun,71,256266,False,0.611,0.394,0,-10.757,1,0.0416,0.534,4.68e-05,0.108,0.202,123.941,4,folk,14,2.70805020110221,0.0,0,14,0
34826,27hhIs2fp6w06N5zx4Eaa5,The Mamas & The Papas,The Papas & The Mamas,Dream A Little Dream Of Me,72,194426,False,0.413,0.313,7,-13.138,1,0.0519,0.791,1.5e-06,0.0727,0.349,92.515,4,folk,1,0.6931471805599453,0.0,0,1,0
34828,0djZ2ndRfAL69WYNra5jRC,Simon & Garfunkel,Sounds Of Silence,April Come She Will,66,109386,False,0.489,0.186,9,-16.237,1,0.029,0.863,0.000152,0.2,0.349,102.245,4,folk,2,1.0986122886681098,0.0,0,2,0
34830,5PRRthP9SLfbXB359MfIWv,Mumford & Sons,Babel (Deluxe Version),I Will Wait,71,276720,False,0.486,0.769,1,-5.14,1,0.0341,0.0119,0.00832,0.197,0.393,131.286,4,folk,4,1.6094379124341003,0.5,2,4,1
34877,2F79HavLHwJlfvvJOkkIQD,Mumford & Sons,Sigh No More,The Cave,62,215626,False,0.592,0.499,4,-9.463,1,0.0375,0.0536,4.52e-05,0.113,0.346,141.937,4,folk,2,1.0986122886681098,0.0,0,2,0
34928,6liNJDyWJjyHAgDnAX95bw,Vance Joy,Dream Your Life Away (Special Edition),Fire and the Flood,66,249382,False,0.596,0.827,5,-4.402,1,0.0372,0.0242,0.0,0.0958,0.329,115.034,4,folk,1,0.6931471805599453,0.0,0,1,0
34934,52vA3CYKZqZVdQnzRrdZt6,Bob Dylan,The Times They Are A-Changin',The Times They Are A-Changin',67,192053,False,0.389,0.396,7,-7.999,1,0.0332,0.887,0.0,0.0828,0.585,171.86,3,folk,78,4.3694478524670215,0.0641025641025641,5,78,0
34969,3ieLey98V9mIIh3W9gBlPF,George Ezra,Wanted on Voyage (Expanded Edition),Barcelona,67,188960,False,0.629,0.572,5,-9.332,1,0.0307,0.32,0.000853,0.109,0.182,93.997,4,folk,6,1.9459101490553132,0.16666666666666666,1,6,0
36000,6GyFP1nfCDB8lbD2bG0Hq9,M83,"Hurry up, We're Dreaming",Midnight City,76,243960,False,0.507,0.729,11,-5.399,0,0.0393,0.0182,1.4e-06,0.0658,0.272,105.013,4,french,26,3.295836866004329,0.038461538461538464,1,26,0
36172,0uVyZywUNOp6S0dU5r8TS8,Lilly Wood and The Prick;Robin Schulz,Prayer,Prayer in C - Robin Schulz Radio Edit,67,189399,False,0.76,0.886,9,-5.356,0,0.0258,0.0219,7.43e-06,0.623,0.78,123.002,4,french,1,0.6931471805599453,0.0,0,1,0
36236,1G3QPQkoXvpChjNUhd6Tfs,Jean-Philippe Rameau;Víkingur Ólafsson,"Rameau, Ólafsson: The Arts and the Hours",The Arts and the Hours,64,285442,False,0.415,0.026,1,-36.7,1,0.0496,0.995,0.938,0.107,0.268,136.191,4,french,1,0.6931471805599453,0.0,0,1,0
36355,2I4AhSWdVku2SQsJXiIci6,Bleu Toucan,Origami,Hanoï café,60,194082,False,0.565,0.755,2,-7.402,0,0.0406,0.258,0.00976,0.219,0.499,172.01,4,french,4,1.6094379124341003,0.25,1,4,0
36448,671FtednpnMTgU26wryBl6,Jacques Offenbach;Nemanja Radulović;Camille Thomas;Double Sens,Offenbach - Great Recordings,"Les Contes d'Hoffmann / Act III: Barcarolle (Arr. for Violin, Cello, Piano and String Ensemble by Aleksandar Sedlar)",34,201960,False,0.11,0.0299,2,-22.969,1,0.0426,0.97,0.778,0.102,0.0543,167.214,4,french,1,0.6931471805599453,0.0,0,1,0
36511,775OxWq9wfVzmVDS0n3zff,Alexandre Desplat,"Harry Potter and the Deathly Hallows, Pt. 2 (Original Motion Picture Soundtrack)",Statues,55,144200,False,0.321,0.241,1,-20.495,1,0.0373,0.442,0.888,0.105,0.0795,128.98,4,french,38,3.6635616461296463,0.02631578947368421,1,38,0
36575,6Zw0NBdfr1VlVJjDRFwUe1,Moriarty,Gee Whiz But This Is a Lonesome Town,Jimmy,63,264826,False,0.748,0.305,10,-9.166,0,0.034,0.901,3.11e-06,0.103,0.263,126.149,4,french,1,0.6931471805599453,0.0,0,1,0
36661,6vi4I2vZkN5mDePmVSSVTq,M83,"Hurry up, We're Dreaming",Reunion,49,235386,False,0.427,0.823,7,-4.997,1,0.0466,6e-05,0.000129,0.127,0.311,124.024,4,french,1,0.6931471805599453,0.0,0,1,0
36772,4oviAMVnj3noW22hfvgFQS,Léo Delibes;Razumovsky Symphony Orchestra;Andrew Mogrelia,Delibes: Sylvia (Complete Ballet) / Saint-Saens: Henry Viii,Sylvia: Act III: Divertissement: Variation - Valse,58,75106,False,0.346,0.0578,3,-22.644,1,0.0352,0.932,0.928,0.211,0.422,97.259,3,french,5,1.791759469228055,0.0,0,5,0
36850,1yMbUKRRiISrp66LUHRpSr,Pyramid,We Are Your Friends (Music From The Original Motion Picture),Cole’s Memories - Original Mix,51,351213,False,0.573,0.522,8,-11.369,1,0.0388,0.00452,0.792,0.0932,0.0517,125.987,4,french,3,1.3862943611198906,0.0,0,3,0
36951,79ZQoLroAAQYHM9sJ1kbGh,Two Another,Keeping Me Under,Keeping Me Under,62,218926,False,0.794,0.549,2,-7.791,1,0.0874,0.135,0.000108,0.115,0.58,108.015,4,french,2,1.0986122886681098,0.0,0,2,0
37050,503OTo2dSqe7qk76rgsbep,Dr. Dre;Snoop Dogg,2001,Still D.R.E.,84,270586,True,0.816,0.775,11,-3.323,1,0.234,0.16,0.00031,0.0543,0.527,93.431,4,funk,4,1.6094379124341003,0.25,1,4,0
37151,5HQVUIKwCEXpe7JIHyY734,Snoop Dogg;Wiz Khalifa;Bruno Mars,"Young, Wild & Free (feat. Bruno Mars)","Young, Wild & Free (feat. Bruno Mars)",78,207333,True,0.715,0.655,0,-6.425,1,0.137,0.0525,0.0,0.115,0.531,95.078,4,funk,1,0.6931471805599453,0.0,0,1,0
37200,2qOm7ukLyHUXWyR4ZWLwxA,Ice Cube,The Predator,It Was A Good Day,82,260000,True,0.798,0.744,7,-5.328,0,0.136,0.33,0.000106,0.292,0.794,82.356,4,funk,2,1.0986122886681098,0.0,0,2,0
37213,2NBQmPrOEEjA8VbeWOQGxO,Snoop Dogg;Pharrell Williams,R&G (Rhythm & Gangsta): The Masterpiece,Drop It Like It's Hot,77,266066,True,0.888,0.632,1,-3.872,1,0.219,0.19,0.0,0.101,0.662,91.979,4,funk,2,1.0986122886681098,0.0,0,2,0
37218,3ia3dJETSOllPsv3LJkE35,2Pac;Roger;Dr. Dre,Greatest Hits,California Love - Original Version,79,284906,True,0.763,0.85,7,-3.052,1,0.0417,0.0304,1.21e-06,0.371,0.761,91.519,4,funk,8,2.1972245773362196,0.0,0,8,0
37220,7iXF2W9vKmDoGAhlHdpyIa,Dr. Dre;Eminem,2001,Forgot About Dre,80,222293,True,0.924,0.74,8,-1.299,1,0.0774,0.0827,0.0,0.163,0.621,133.974,4,funk,2,1.0986122886681098,0.0,0,2,0
37351,3Ga6eKrUFf12ouh9Yw3v2D,Anitta;J Balvin,Downtown,Downtown,72,193456,False,0.775,0.679,4,-4.985,0,0.135,0.18,7.26e-05,0.068,0.619,166.008,4,funk,1,0.6931471805599453,0.0,0,1,0
37401,7tqhbajSfrz2F7E1Z75ASX,Marvin Gaye;Tammi Terrell,United,Ain't No Mountain High Enough,82,151666,False,0.663,0.6,7,-10.87,1,0.032,0.43,0.0,0.184,0.8,129.991,4,funk,2,1.0986122886681098,0.0,0,2,0
37402,745H5CctFr12Mo7cqa1BMH,The Temptations,The Temptations Sing Smokey,My Girl,79,165000,False,0.572,0.418,0,-10.738,1,0.0349,0.635,0.0,0.0961,0.694,104.566,4,funk,2,1.0986122886681098,0.0,0,2,0
37557,0bRXwKfigvpKZUurwqAlEh,Bill Withers,Menagerie,Lovely Day,76,254560,False,0.692,0.651,9,-8.267,1,0.0324,0.292,0.00241,0.105,0.706,97.923,4,funk,4,1.6094379124341003,0.0,0,4,0
38000,5XeFesFbtLpXzIVDNQP22n,Arctic Monkeys,AM,I Wanna Be Yours,92,183956,False,0.464,0.417,0,-9.345,0,0.0256,0.136,0.022,0.0974,0.479,67.528,4,garage,27,3.332204510175204,0.07407407407407407,2,27,0
38001,5FVd6KXrgO9B3JPmC8OPst,Arctic Monkeys,AM,Do I Wanna Know?,88,272394,False,0.548,0.532,5,-7.596,1,0.0323,0.186,0.000263,0.217,0.405,85.03,4,garage,34,3.5553480614894135,0.029411764705882353,1,34,0
38003,0BxE4FqsDD1Ot4YuBXwAPp,Arctic Monkeys,Favourite Worst Nightmare,505,88,253586,False,0.526,0.866,0,-5.822,1,0.0568,0.00287,7.78e-05,0.0945,0.248,140.266,4,garage,1,0.6931471805599453,0.0,0,1,0
38004,086myS9r57YsLbJpU0TgK9,Arctic Monkeys,AM,Why'd You Only Call Me When You're High?,88,161123,False,0.691,0.631,2,-6.478,1,0.0368,0.0483,1.13e-05,0.104,0.8,92.004,4,garage,32,3.4965075614664802,0.0625,2,32,0
38006,2AT8iROs4FQueDv2c8q2KE,Arctic Monkeys,AM,R U Mine?,83,201726,False,0.288,0.758,6,-5.692,0,0.0371,0.00616,0.0,0.303,0.619,97.094,4,garage,23,3.1780538303479458,0.0,0,23,0
38008,5TTGoX70AFrTvuEtqHK37S,Arctic Monkeys,AM,No. 1 Party Anthem,71,243131,False,0.505,0.698,0,-5.563,1,0.0297,0.33,0.0887,0.0966,0.599,115.013,4,garage,50,3.9318256327243257,0.04,2,50,0
38009,2LGdO5MtFdyphi2EihANZG,Arctic Monkeys,AM,Knee Socks,76,257563,False,0.665,0.542,11,-8.323,0,0.033,0.123,0.00291,0.342,0.587,97.975,4,garage,19,2.995732273553991,0.0,0,19,0
38010,0NdTUS4UiNYCNn5FgVqKQY,Arctic Monkeys,AM,Snap Out Of It,80,193030,False,0.728,0.638,5,-6.455,0,0.0336,0.249,0.0,0.116,0.872,130.014,4,garage,21,3.091042453358316,0.0,0,21,0
38012,7nzsY8vlnKdvGOEE0rjAXZ,Arctic Monkeys,AM,Arabella,78,207356,False,0.579,0.558,2,-6.986,1,0.0895,0.0202,1.26e-06,0.212,0.506,179.949,4,garage,15,2.772588722239781,0.06666666666666667,1,15,0
38014,2x8evxqUlF0eRabbW2JBJd,Arctic Monkeys,Favourite Worst Nightmare,Fluorescent Adolescent,79,183893,False,0.654,0.828,1,-5.377,0,0.0281,0.00146,0.000144,0.122,0.79,112.056,4,garage,67,4.219507705176107,0.029850746268656716,2,67,0
38016,2fyIS6GXMgUcSv4oejx63f,Arctic Monkeys,"Whatever People Say I Am, That's What I'm Not",Mardy Bum,74,175440,False,0.634,0.599,2,-5.447,1,0.0365,0.0288,0.0,0.197,0.312,112.215,4,garage,61,4.127134385045092,0.01639344262295082,1,61,0
38018,2zzLRQ78kKfPTx8FJQCdC2,Arctic Monkeys,"Whatever People Say I Am, That's What I'm Not",When The Sun Goes Down,76,202133,True,0.348,0.875,11,-4.758,0,0.199,0.0341,0.0,0.117,0.407,169.152,4,garage,36,3.6109179126442243,0.05555555555555555,2,36,0
38025,3DQVgcqaP3iSMbaKsd57l5,Arctic Monkeys,"Whatever People Say I Am, That's What I'm Not",I Bet You Look Good On The Dancefloor,75,173680,False,0.535,0.948,6,-4.19,0,0.0356,0.00225,0.0,0.376,0.778,103.183,4,garage,44,3.8066624897703196,0.13636363636363635,6,44,0
38026,0C6dSPCqwKqwos6s1CrDrh,Arctic Monkeys,The Car,The Car,0,198554,False,0.428,0.365,4,-11.889,0,0.0276,0.78,0.0033,0.113,0.236,94.033,3,garage,1,0.6931471805599453,0.0,0,1,0
38027,5fClRRa7P9nPIpstj50veV,Arctic Monkeys,The Car,Mr Schwartz,0,210012,False,0.569,0.335,11,-13.637,0,0.0322,0.802,0.018,0.0834,0.388,127.587,4,garage,1,0.6931471805599453,0.0,0,1,0
38028,0z5x3VmmQ7cyTeOP7VAf3T,Arctic Monkeys,The Car,Perfect Sense,0,167379,False,0.52,0.478,4,-10.862,1,0.0276,0.61,0.00122,0.105,0.545,82.932,4,garage,1,0.6931471805599453,0.0,0,1,0
38029,42GuKw49pPxNAkIhWGwgFs,Arctic Monkeys,The Car,Body Paint,0,290584,False,0.556,0.315,7,-11.651,0,0.0625,0.568,0.0,0.0774,0.256,143.327,4,garage,1,0.6931471805599453,0.0,0,1,0
38030,5hljqZrl0h7RcIhUnOPuve,Arctic Monkeys,The Car,Sculptures Of Anything Goes,0,239151,False,0.591,0.309,4,-11.087,0,0.0287,0.704,0.0122,0.102,0.257,71.573,4,garage,1,0.6931471805599453,0.0,0,1,0
38031,5ygEUpyZy5qtZ1423zymBW,Arctic Monkeys,The Car,Hello You,0,244932,False,0.394,0.452,4,-9.923,0,0.0321,0.276,0.00998,0.193,0.653,169.298,4,garage,1,0.6931471805599453,0.0,0,1,0
38033,1zx6GSqLYI2ynzAHnPRKBR,Arctic Monkeys,The Car,There’d Better Be A Mirrorball,0,265798,False,0.521,0.365,3,-10.914,1,0.0317,0.626,0.012,0.185,0.324,143.789,4,garage,1,0.6931471805599453,0.0,0,1,0
38034,4KPi4VNvPOfKqIp1sx19Xf,Arctic Monkeys,The Car,Big Ideas,0,237984,False,0.548,0.328,9,-9.973,0,0.0296,0.663,0.00365,0.0972,0.343,67.023,3,garage,1,0.6931471805599453,0.0,0,1,0
38037,1UwUhKmFxGKs59xiWO60Sx,Arctic Monkeys,The Car,I Ain’t Quite Where I Think I Am,0,191173,False,0.544,0.337,10,-9.846,1,0.0653,0.357,6.34e-05,0.085,0.667,192.685,4,garage,1,0.6931471805599453,0.0,0,1,0
38057,6wNUBZNWFxdUGof6vkaykE,Arctic Monkeys,AM,One For The Road,70,206051,False,0.415,0.668,0,-6.849,1,0.036,0.212,0.0615,0.27,0.842,180.048,4,garage,20,3.044522437723423,0.0,0,20,0
38060,4atMrAadB7dS8xn9vfk9PQ,Arctic Monkeys,AM,Fireside,69,181049,False,0.538,0.953,9,-5.611,0,0.056,0.0234,0.00126,0.113,0.74,100.033,4,garage,23,3.1780538303479458,0.13043478260869565,3,23,0
38062,4Ai0ANRDYwx6mCD4Uty1WS,Arctic Monkeys,Suck It and See,Piledriver Waltz,63,203880,False,0.443,0.865,4,-4.547,1,0.0391,0.00724,0.000116,0.468,0.474,110.008,4,garage,27,3.332204510175204,0.0,0,27,0
38065,0S6CXA5LpRDX6b4akgrOot,Arctic Monkeys,Suck It and See,Love is a Laserquest,65,191426,False,0.349,0.662,11,-6.873,1,0.0402,0.00197,0.908,0.136,0.554,169.926,4,garage,64,4.174387269895637,0.0625,4,64,0
38068,1aOxOpH4AkGAd8OMrKjyNY,The Strokes,The New Abnormal,Why Are Sundays So Depressing,68,275666,False,0.579,0.714,0,-4.455,1,0.0347,0.00258,0.0269,0.111,0.299,109.971,4,garage,75,4.330733340286331,0.02666666666666667,2,75,0
38071,2vQQfWTanvD99OeHLAoyhW,Arctic Monkeys,"Whatever People Say I Am, That's What I'm Not",From The Ritz To The Rubble,69,193426,False,0.216,0.882,11,-5.176,0,0.0439,0.00147,0.0,0.308,0.656,189.286,4,garage,41,3.7376696182833684,0.024390243902439025,1,41,0
38073,56NkIxSZZiMpFP5ZNSxtnT,The Strokes,Is This It,Someday,70,183573,False,0.542,0.531,9,-7.481,1,0.0301,0.0033,1.51e-06,0.338,0.671,105.97,4,garage,50,3.9318256327243257,0.0,0,50,0
38075,0LxeKwg9t7HOnyfv4bTALT,Arctic Monkeys,Suck It and See,Suck It and See,64,225986,False,0.339,0.932,4,-5.017,1,0.057,0.00105,0.114,0.255,0.586,128.291,4,garage,33,3.5263605246161616,0.0,0,33,0
38079,75n7mraeMycQOl2sDGYaTe,Arctic Monkeys,AM,Mad Sounds,66,215011,False,0.532,0.462,10,-10.71,1,0.03,0.279,0.196,0.101,0.485,80.001,4,garage,41,3.7376696182833684,0.024390243902439025,1,41,0
38080,5KGbRvZyVyKP2AEJMHErB4,Arctic Monkeys,Favourite Worst Nightmare,Old Yellow Bricks,69,193226,False,0.66,0.837,0,-4.315,1,0.0682,0.000147,6.62e-06,0.0788,0.757,135.158,4,garage,37,3.6375861597263857,0.0,0,37,0
38082,1j9rezdE3YeC7yktZXC1em,Arctic Monkeys,AM,I Want It All,67,185406,False,0.499,0.81,5,-5.579,1,0.0347,0.000637,0.0748,0.0625,0.288,131.052,4,garage,20,3.044522437723423,0.05,1,20,0
38084,4fPBB44eDH71YohayI4eKV,The Strokes,First Impressions Of Earth,You Only Live Once,72,189226,False,0.63,0.908,11,-2.42,1,0.0326,0.0238,0.592,0.116,0.968,120.522,4,garage,11,2.4849066497880004,0.0,0,11,0
38085,5bsnLiT00hG37qd8p2jdVl,Arctic Monkeys,Humbug,Cornerstone,68,197973,False,0.287,0.721,9,-5.81,1,0.0387,0.00764,0.0,0.328,0.763,169.252,4,garage,24,3.2188758248682006,0.0,0,24,0
38089,0eDQj41kzBhMKQIkTt6OJR,Arctic Monkeys,"Whatever People Say I Am, That's What I'm Not",A Certain Romance,67,331200,False,0.455,0.881,11,-5.587,1,0.0401,0.000566,6.06e-05,0.11,0.201,137.949,4,garage,63,4.1588830833596715,0.031746031746031744,2,63,0
38090,5kxVyCgEUND7E2QKG7JmoF,Arctic Monkeys,Favourite Worst Nightmare,Teddy Picker,72,165000,False,0.637,0.963,9,-5.116,1,0.0882,0.000286,0.000889,0.0449,0.823,150.1,4,garage,38,3.6635616461296463,0.05263157894736842,2,38,0
38103,6IRzBP4gVoV4D2zHmocoWy,The Strokes,The New Abnormal,Eternal Summer,62,375320,False,0.617,0.78,7,-4.466,0,0.0376,0.0141,0.0112,0.0833,0.326,93.951,4,garage,57,4.060443010546419,0.0,0,57,0
38114,2pAD0PKMUMtxlMvz33tYzB,The Strokes,Is This It,Is This It,61,151333,False,0.664,0.679,5,-8.293,1,0.03,0.149,4.84e-05,0.347,0.804,96.002,4,garage,43,3.784189633918261,0.0,0,43,0
38115,55N8cxpE1QDoeaaNqUnoZ2,The Strokes,The New Abnormal,Bad Decisions,64,293360,False,0.374,0.922,0,-3.4,1,0.056,0.0135,0.204,0.28,0.393,153.217,4,garage,69,4.248495242049359,0.0,0,69,0
38120,5RrHzXKmwVd5BCq4UzyJPd,Arctic Monkeys,Favourite Worst Nightmare,D is for Dangerous,63,138106,False,0.555,0.925,1,-4.689,1,0.0362,1.09e-05,0.000161,0.0659,0.77,145.061,4,garage,35,3.58351893845611,0.02857142857142857,1,35,0
38126,7EUcOIbJSePmXGvAe7G79C,Arctic Monkeys,Suck It and See,Black Treacle,60,217440,False,0.343,0.89,7,-5.759,1,0.0655,0.000821,0.0,0.0912,0.525,100.061,4,garage,62,4.143134726391533,0.0,0,62,0
38129,5xw2cHVLw1rlDPp3cL9Zuv,Arctic Monkeys,Suck It and See,She's Thunderstorms,61,234920,False,0.505,0.898,7,-4.906,1,0.0329,0.000518,0.00236,0.173,0.731,118.929,4,garage,34,3.5553480614894135,0.0,0,34,0
38131,2mDYYGaGd9uXKkK2YhDA3i,The Strokes,The New Abnormal,Brooklyn Bridge To Chorus,64,235946,False,0.628,0.571,0,-3.897,1,0.0628,0.00602,9.21e-05,0.0833,0.467,119.899,4,garage,69,4.248495242049359,0.0,0,69,0
38132,6u0x5ad9ewHvs3z6u9Oe3c,The Strokes,Angles,Under Cover of Darkness,68,235546,False,0.35,0.775,11,-3.364,1,0.054,0.00433,0.283,0.0676,0.588,199.866,4,garage,44,3.8066624897703196,0.0,0,44,0
38134,20j7B6mL9gnNvG3ic6Vwh5,The Hives,Veni Vidi Vicious,Hate To Say I Told You So,69,200693,False,0.459,0.931,5,-5.024,1,0.0612,0.00126,0.00881,0.412,0.419,135.826,4,garage,2,1.0986122886681098,0.0,0,2,0
38173,6mVD1SfTvlFAPVi7txFL5H,The Strokes,Angles,Machu Picchu,64,209626,False,0.695,0.817,1,-5.294,1,0.0659,0.0132,0.097,0.0601,0.874,105.014,4,garage,37,3.6375861597263857,0.0,0,37,0
38174,3PhbzvTllkq1rkULafc6ns,Arctic Monkeys,Tranquility Base Hotel & Casino,The Ultracheese,55,217720,False,0.476,0.555,9,-6.551,1,0.0404,0.624,3.98e-05,0.126,0.426,131.497,3,garage,5,1.791759469228055,0.0,0,5,0
38180,7lu6YLrlB1MU7HW8DJSuPa,The Strokes,The New Abnormal,At The Door,60,310373,False,0.456,0.323,10,-6.764,1,0.0318,0.858,0.00913,0.146,0.363,116.903,4,garage,59,4.0943445622221,0.0,0,59,0
38181,2LMloFiV7DHpBhITOaBSam,The Strokes,Is This It,Hard To Explain,63,224426,False,0.406,0.682,7,-6.281,1,0.0584,0.000413,0.849,0.0999,0.623,82.495,4,garage,80,4.394449154672439,0.0,0,80,0
38188,6Yu1OL8I0D4vjOzYdsXYGK,The Strokes,Room On Fire,12:51,65,153133,False,0.451,0.889,4,-3.838,1,0.0379,0.312,0.8,0.558,0.592,145.056,4,garage,26,3.295836866004329,0.0,0,26,0
38190,7bfocP7GYoLOutUYpTI8tx,The Strokes,Comedown Machine,Welcome To Japan,63,230826,False,0.705,0.666,2,-7.23,0,0.0303,0.00233,0.0149,0.174,0.646,124.032,4,garage,1,0.6931471805599453,0.0,0,1,0
38210,4wMR4fRKMTyUJG6VAsmccv,Arctic Monkeys,"Whatever People Say I Am, That's What I'm Not",Riot Van,61,134933,False,0.593,0.333,9,-14.342,1,0.046,0.358,0.0,0.245,0.258,103.537,4,garage,45,3.828641396489095,0.06666666666666667,3,45,0
38213,4QkvD53COA5qLA7rQ1Pa7D,The Human Beinz,Nobody But Me,Nobody But Me,60,140440,False,0.568,0.75,2,-8.913,1,0.0466,0.0731,0.0,0.121,0.407,75.82,4,garage,7,2.0794415416798357,0.14285714285714285,1,7,0
38221,5ncofiedz9Ej6YkvvXMKVn,The Strokes,The New Abnormal,Not The Same Anymore,59,337333,False,0.353,0.613,9,-5.9,1,0.031,0.384,0.0123,0.103,0.282,177.375,4,garage,65,4.189654742026425,0.0,0,65,0
38225,4KC2Z9dL4jL61Ys35N6srg,The Strokes,Is This It,Barely Legal,57,234733,True,0.427,0.886,0,-6.304,1,0.037,0.004,0.0532,0.0909,0.857,157.609,4,garage,49,3.912023005428146,0.0,0,49,0
38232,1EsgUWQsxGBwnu3NATDjiU,The Strokes,Is This It,The Modern Age,57,208306,False,0.53,0.89,2,-6.042,1,0.0328,0.0124,0.759,0.143,0.868,145.958,4,garage,89,4.499809670330265,0.011235955056179775,1,89,0
38234,5eyTC5GZzpzlN7YRO9AoPf,Arctic Monkeys,"Whatever People Say I Am, That's What I'm Not",The View From The Afternoon,63,222946,False,0.387,0.922,9,-5.192,0,0.0674,0.00487,0.0,0.187,0.417,146.478,4,garage,47,3.871201010907891,0.02127659574468085,1,47,0
38246,3q3lxI83Wr6wI2VprOigYr,Shannon & The Clams,Onion,I Never Wanted Love,32,219306,False,0.571,0.811,6,-5.978,0,0.0389,0.108,0.524,0.191,0.887,112.259,4,garage,2,1.0986122886681098,0.0,0,2,0
38268,1bXLpqe49cqEpj88uPR4pu,Arctic Monkeys,Suck It and See,Reckless Serenade,54,162746,False,0.585,0.694,2,-6.632,1,0.0392,0.00037,0.0144,0.0724,0.785,127.966,4,garage,54,4.007333185232471,0.037037037037037035,2,54,0
38269,2fgQ8COnxtEvaTcNbEtsUf,Arctic Monkeys,Suck It and See,That's Where You're Wrong,55,256800,False,0.481,0.883,4,-5.554,1,0.0638,0.000679,0.558,0.145,0.46,135.937,4,garage,35,3.58351893845611,0.02857142857142857,1,35,0
38270,4ileLT7ldd2uX8bMemWqbm,The Strokes,Angles,Life Is Simple in the Moonlight,59,255240,False,0.515,0.696,6,-5.857,0,0.0313,0.0126,0.000345,0.0916,0.513,134.893,4,garage,2,1.0986122886681098,0.0,0,2,0
38276,78Gzxi27GuNHTfkn2BylG4,The Strokes,Room On Fire,What Ever Happened?,62,169506,False,0.547,0.596,11,-6.044,1,0.0339,8.02e-05,0.739,0.273,0.584,116.17,4,garage,16,2.833213344056216,0.0625,1,16,0
38317,6Slvi85s1hIaeykjvDe1xk,Arctic Monkeys,"Whatever People Say I Am, That's What I'm Not",Perhaps Vampires Is A Bit Strong But…,58,268626,False,0.371,0.914,11,-4.917,0,0.081,0.000293,8.75e-05,0.0852,0.394,134.982,4,garage,47,3.871201010907891,0.0425531914893617,2,47,0
38320,3mYCd23hPxJW5okSvMoy3x,The Strokes,First Impressions Of Earth,Heart In a Cage,63,206173,False,0.418,0.857,8,-5.133,1,0.0404,2.73e-06,0.805,0.368,0.12,140.02,4,garage,1,0.6931471805599453,0.0,0,1,0
38357,7G8hUONVhvJnkD3Ak8mNF1,The Strokes,Is This It,Soma,54,153933,False,0.501,0.715,0,-7.382,1,0.0301,0.0774,0.00603,0.0653,0.502,148.971,4,garage,47,3.871201010907891,0.02127659574468085,1,47,0
38375,0pdp3VrR4WQaswf0GyT0Y0,Arctic Monkeys,Humbug,Dangerous Animals,55,210666,False,0.34,0.922,3,-5.189,1,0.18,0.0129,2.39e-06,0.226,0.532,125.363,4,garage,32,3.4965075614664802,0.09375,3,32,0
38383,5GKVcvTgnFYtfh25qKQtRg,The Strokes,Comedown Machine,One Way Trigger,59,242293,False,0.516,0.942,2,-4.113,1,0.036,0.000182,0.464,0.116,0.964,95.996,4,garage,2,1.0986122886681098,0.0,0,2,0
38405,2NVjII4zi5d4c9F7ivNYsh,Dan Auerbach,Cars 3 (Original Motion Picture Soundtrack),Run That Race,51,164293,False,0.527,0.956,11,-3.581,0,0.0777,0.0217,0.000836,0.154,0.816,137.063,4,garage,1,0.6931471805599453,0.0,0,1,0
38408,37ZgsOy8t4vMnGtMExr6ah,The Strokes,Future Present Past,Threat of Joy,57,264724,True,0.59,0.704,0,-7.058,1,0.0284,0.223,0.0825,0.103,0.691,137.968,4,garage,1,0.6931471805599453,0.0,0,1,0
38429,4KspXoCVJXGY1VrvEe1Hdm,The Libertines,Don't Look Back into the Sun,Don't Look Back into the Sun,64,180266,False,0.211,0.849,0,-3.994,0,0.116,0.00605,0.000436,0.263,0.59,175.616,4,garage,26,3.295836866004329,0.11538461538461539,3,26,0
38459,4pXyK9GW7fuT645U0DLYYF,The Strokes,Is This It,"Alone, Together",52,188800,False,0.511,0.855,7,-5.752,1,0.0307,0.00782,0.89,0.0694,0.962,142.985,4,garage,43,3.784189633918261,0.0,0,43,0
38467,3kKb3U3a8jmUJQB9ypE1Jl,The Strokes,Room On Fire,Under Control,58,187306,False,0.406,0.72,1,-4.647,1,0.0291,0.354,0.795,0.0541,0.641,91.336,4,garage,13,2.6390573296152584,0.07692307692307693,1,13,0
38469,7eX5SypK35V8Y9d9pS6rWy,The Strokes,Room On Fire,I Can't Win,57,162040,False,0.472,0.746,11,-4.816,1,0.0321,0.00581,0.663,0.0999,0.403,97.44,4,garage,16,2.833213344056216,0.0625,1,16,0
38512,37cb7mzkQKksGm0noGDXeh,The Strokes,Is This It,Trying Your Luck,53,202960,False,0.502,0.691,9,-9.453,0,0.0311,0.00911,0.0149,0.133,0.629,143.926,4,garage,40,3.713572066704308,0.0,0,40,0
38513,5eR6OS3joTAHJToyzehKfu,Royal Blood,Trouble’s Coming,Trouble’s Coming,57,228400,False,0.775,0.688,1,-5.038,0,0.0384,0.0533,0.0,0.321,0.805,112.009,4,garage,1,0.6931471805599453,0.0,0,1,0
38514,37OBhWRMPAvFdxGaNrDg16,Wolfmother,Wolfmother,Vagabond,41,234146,False,0.463,0.749,2,-6.631,1,0.0834,0.255,0.24,0.341,0.326,100.799,4,garage,1,0.6931471805599453,0.0,0,1,0
38527,5BvuyYHjA98IxU0nQUGzZr,The Black Keys,The Big Come Up,Heavy Soul,62,128893,False,0.432,0.617,0,-3.125,0,0.049,0.53,0.00553,0.122,0.873,98.326,4,garage,13,2.6390573296152584,0.07692307692307693,1,13,0
38562,3Hx7RXqCS7Kzjy2ot2q1Gk,The Black Keys,Turn Blue,Fever,62,246306,False,0.609,0.674,9,-6.506,0,0.0355,0.00378,0.000302,0.129,0.743,127.541,4,garage,33,3.5263605246161616,0.12121212121212122,4,33,0
38571,3cU9b4vb5yzyM12RXJ1k3s,The Libertines,The Libertines,Music When The Lights Go Out,57,182386,False,0.419,0.693,0,-6.077,1,0.0345,0.419,4.96e-06,0.162,0.488,111.088,4,garage,2,1.0986122886681098,0.0,0,2,0
38608,25YlltWXRb9k7KbrEBRuhJ,The Black Keys,"""Let's Rock""",Lo/Hi,61,177768,False,0.606,0.679,2,-7.445,1,0.0321,0.0151,0.000433,0.0962,0.707,122.016,4,garage,5,1.791759469228055,0.0,0,5,0
38618,0J2OnBNKwt0KICDyDFPUvl,The Strokes,Is This It,Take It Or Leave It,53,196133,False,0.429,0.924,2,-6.131,0,0.0406,0.000542,0.353,0.104,0.484,154.104,4,garage,42,3.7612001156935624,0.07142857142857142,3,42,0
38636,0dy6iXYIF0piirySAzCBwF,The Strokes,Room On Fire,The End Has No End,56,185560,False,0.531,0.66,1,-3.725,1,0.0335,0.000833,0.855,0.226,0.533,136.027,4,garage,15,2.772588722239781,0.13333333333333333,2,15,0
38675,7xuu4ByQkm8qhnwJQk994r,The Strokes,Is This It,New York City Cops,52,210746,False,0.522,0.853,0,-7.66,1,0.0362,0.071,2.82e-05,0.343,0.455,107.943,4,garage,49,3.912023005428146,0.02040816326530612,1,49,0
38733,3T76zPJz3tWL27FrjJe2ot,Jack White,Lazaretto,Lazaretto,58,219400,False,0.381,0.838,6,-6.562,0,0.0709,0.0046,3.77e-05,0.101,0.581,118.214,4,garage,1,0.6931471805599453,0.0,0,1,0
38767,08l9WKDuRyGeStQ9ojTlFh,The Strokes,Room On Fire,Meet Me in the Bathroom,53,176160,False,0.427,0.941,7,-3.973,1,0.0336,6.7e-05,0.89,0.0772,0.587,139.956,4,garage,10,2.3978952727983707,0.1,1,10,0
38781,5lJUXSjRjevVy7I3P87wuK,The Black Keys,Magic Potion,Your Touch,62,162586,False,0.532,0.768,4,-8.698,0,0.0551,0.8,2.01e-05,0.377,0.698,116.026,4,garage,2,1.0986122886681098,0.0,0,2,0
38816,672N8DGGTOLCOgWe0koX5g,The Stooges,The Stooges,I Wanna Be Your Dog,59,188560,False,0.527,0.871,4,-8.708,1,0.0354,0.0229,0.155,0.419,0.107,120.722,4,garage,1,0.6931471805599453,0.0,0,1,0
38827,6PtIXICwmoxCgLjw2zApDs,Ron Gallo,HEAVY META,"Young Lady, You're Scaring Me",59,220538,False,0.371,0.921,9,-5.533,1,0.0784,0.0113,2.7e-05,0.43,0.508,109.675,4,garage,53,3.9889840465642745,0.0,0,53,0
38866,6lnnaGN20kl0jEYJSxCgU9,The Strokes,Room On Fire,You Talk Way Too Much,53,186266,False,0.304,0.971,4,-3.226,1,0.0351,0.0594,0.955,0.0799,0.695,127.856,4,garage,13,2.6390573296152584,0.15384615384615385,2,13,0
38868,0O2SYh5AZ0y8MAPOVC4Mxz,The White Stripes,Elephant,Ball and Biscuit,58,438551,False,0.506,0.655,9,-7.21,1,0.164,0.0278,0.173,0.102,0.612,77.406,4,garage,9,2.302585092994046,0.1111111111111111,1,9,0
38906,6y4ySPeb68KGoAi1dk130F,The Strokes,Future Present Past,Oblivius,54,299232,False,0.468,0.888,8,-4.463,1,0.0517,0.0957,0.648,0.151,0.432,102.959,4,garage,1,0.6931471805599453,0.0,0,1,0
38907,1ltf1XEP18QMCMRRQtFbAl,The White Stripes,White Blood Cells,Little Room,46,50373,False,0.456,0.738,2,-3.777,1,0.0434,0.00925,0.0,0.0692,0.705,173.406,4,garage,12,2.5649493574615367,0.08333333333333333,1,12,0
38957,142qcQz5FUdXnpKan6bIx0,The Fratellis,Costello Music,Henrietta,40,212493,False,0.608,0.952,6,-3.132,0,0.0847,0.0175,0.0,0.231,0.855,122.454,4,garage,1,0.6931471805599453,0.0,0,1,0
38995,38qu2X35K2g1HWfaksYQ4K,Dan Auerbach,Keep It Hid,"Heartbroken, In Disrepair",58,201280,False,0.6,0.9,5,-8.434,0,0.0456,0.00924,0.3,0.27,0.919,77.73,4,garage,1,0.6931471805599453,0.0,0,1,0
39167,4cKmnSLAhwxaWKXQhfz5Ju,Ramin Djawadi,Game of Thrones (Music from the HBO® Series - Season 6),Main Titles,58,111208,False,0.194,0.695,8,-10.809,1,0.0578,0.176,0.893,0.12,0.481,170.684,3,german,1,0.6931471805599453,0.0,0,1,0
39368,5zWZ9iNevP0397xB3jWV2z,Modern Talking,Ready For Romance,Brother Louie,71,222666,False,0.783,0.836,0,-9.223,0,0.0486,0.396,0.0236,0.135,0.831,108.966,4,german,1,0.6931471805599453,0.0,0,1,0
39400,6iLzFJhs4ATwJn7P1utZIJ,Ramin Djawadi,Game of Thrones (Music from the HBO® Series - Season 6),Light of the Seven,61,589094,False,0.273,0.102,0,-16.843,0,0.0494,0.903,0.721,0.268,0.0583,120.378,4,german,1,0.6931471805599453,0.0,0,1,0
39512,3gDMowCL0zgKSKLXQcaCTN,Marc Streitenfeld,Robin Hood (Original Motion Picture Soundtrack),Charge,61,78893,False,0.184,0.525,4,-18.369,0,0.0505,0.864,0.777,0.628,0.1,98.511,3,german,1,0.6931471805599453,0.0,0,1,0
39554,4zLBcDtvYNVtF9fnG6lme3,Robin Schulz;Jasmine Thompson,Prayer,Sun Goes Down (feat. Jasmine Thompson) - Radio Mix,67,179960,False,0.548,0.723,6,-6.002,1,0.0375,0.0969,1.28e-05,0.337,0.499,125.088,4,german,1,0.6931471805599453,0.0,0,1,0
39570,0wXNnmvuTP0jPMpAXakSs8,Ramin Djawadi,Game of Thrones (Music from the HBO® Series - Season 6),The Winds of Winter,53,209808,False,0.393,0.621,8,-10.1,1,0.0504,0.535,0.946,0.153,0.307,113.586,4,german,1,0.6931471805599453,0.0,0,1,0
39752,2IJftBfq7pJ43tfnOR0RB3,Nena,Nena,99 Luftballons,27,231466,False,0.636,0.467,4,-10.1,1,0.0421,0.0915,1.7e-06,0.117,0.58,96.639,4,german,1,0.6931471805599453,1.0,1,1,1
39809,2qomKwhtqtbQWk7dwAmFXg,Marc Streitenfeld,Robin Hood (Original Motion Picture Soundtrack),The Legend Begins,61,87680,False,0.235,0.231,5,-17.956,1,0.0394,0.973,0.973,0.235,0.0325,66.687,3,german,1,0.6931471805599453,0.0,0,1,0
39886,5bu9A6uphPWg39RC3ZKeku,Johann Sebastian Bach;Glenn Gould,"Bach: The Goldberg Variations, BWV 988 (1981 Gould Remaster)","Goldberg Variations, BWV 988: Aria",66,184853,False,0.454,0.0139,4,-29.966,0,0.0514,0.995,0.943,0.0736,0.244,130.253,4,german,1,0.6931471805599453,0.0,0,1,0
39901,1QLyDdhB9gmxbGv0K1kFyT,Scorpions,Stranger Things (Soundtrack from the Netflix Original Series),Rock You Like a Hurricane - 2011,63,254346,False,0.584,0.833,11,-5.824,1,0.0358,0.000265,0.00595,0.32,0.671,124.018,4,german,1,0.6931471805599453,0.0,0,1,0
39959,4SFBV7SRNG2e2kyL1F6kjU,Johann Sebastian Bach;Lang Lang,Piano Book (Deluxe Edition),"The Well-Tempered Clavier: Book 1, BWV 846-869: I. Prelude in C Major, BWV 846",64,139306,False,0.221,0.126,0,-25.427,1,0.0447,0.989,0.897,0.102,0.216,133.63,4,german,1,0.6931471805599453,0.0,0,1,0
41054,2bdh8ALxBeuvpnuoh37BDn,José González,Veneer,Crosses,55,161840,False,0.666,0.369,11,-9.945,0,0.0295,0.895,0.0268,0.102,0.318,134.633,4,goth,1,0.6931471805599453,0.0,0,1,0
41152,5TORlzrrvDGBMAM10QsiSy,José González,The Secret Life Of Walter Mitty (Music From And Inspired By The Motion Picture),Step Out,52,241573,False,0.431,0.583,8,-10.324,1,0.0448,0.0142,0.416,0.159,0.139,144.941,4,goth,1,0.6931471805599453,0.0,0,1,0
44103,0lP4HYLmvowOKdsQ7CVkuq,Thirty Seconds To Mars,A Beautiful Lie,The Kill,76,231533,False,0.179,0.912,4,-3.881,0,0.0791,0.0014,0.000294,0.582,0.289,182.99,3,grunge,37,3.6375861597263857,0.05405405405405406,2,37,0
44109,6uXDMINfe9KJETjkzekznW,Linkin Park,New Divide (Int'l DMD Maxi),New Divide,55,268613,False,0.493,0.808,5,-3.365,0,0.0362,0.000235,0.0,0.0983,0.38,117.971,4,grunge,25,3.258096538021482,0.04,1,25,0
44126,3hb2ScEVkGchcAQqrPLP0R,Nickelback,All the Right Reasons,Photograph,69,258920,False,0.515,0.876,8,-3.756,1,0.0292,0.000932,0.000166,0.136,0.385,145.916,4,grunge,26,3.295836866004329,0.038461538461538464,1,26,0
44163,2D52zjCyqEIQa221lhw6uk,Thirty Seconds To Mars,This Is War,This Is War,66,326983,False,0.402,0.723,6,-5.26,1,0.0579,0.0663,2e-06,0.233,0.224,160.047,4,grunge,33,3.5263605246161616,0.030303030303030304,1,33,0
44179,6i81qFkru6Kj1IEsB7KNp2,Pearl Jam,Backspacer,Just Breathe,69,215853,False,0.473,0.348,0,-11.1,1,0.0288,0.721,7.42e-05,0.0823,0.283,107.819,4,grunge,68,4.23410650459726,0.0,0,68,0
44180,76Je5Wklky23mVoxiRszcN,Foo Fighters,Wasting Light,Walk,70,255960,False,0.234,0.865,9,-5.131,1,0.0516,3.62e-05,0.000532,0.289,0.194,137.107,4,grunge,21,3.091042453358316,0.047619047619047616,1,21,0
44207,6Bm6qUCSatPAqkQllFL7oA,Matchbox Twenty,More Than You Think You Are,Unwell,66,228706,False,0.256,0.788,6,-5.263,0,0.0403,0.0298,0.0,0.707,0.429,80.718,4,grunge,22,3.1354942159291497,0.09090909090909091,2,22,0
44236,6tsojOQ5wHaIjKqIryLZK6,Foo Fighters,One By One (Expanded Edition),All My Life,74,263440,False,0.577,0.604,5,-5.703,1,0.0495,0.000218,0.000579,0.477,0.637,167.719,4,grunge,1,0.6931471805599453,0.0,0,1,0
44238,6qLEOZvf5gI7kWE63JE7p3,Stone Temple Pilots,Purple (2019 Remaster),Interstate Love Song - 2019 Remaster,73,194853,False,0.215,0.927,9,-7.327,1,0.0452,0.000273,0.00661,0.126,0.49,170.814,4,grunge,2,1.0986122886681098,0.0,0,2,0
44258,4sjLcE0GQ6urc4iUXsUPe9,Thirty Seconds To Mars,This Is War,Kings And Queens,63,347666,False,0.293,0.817,8,-5.432,1,0.0852,0.0401,3.4e-05,0.13,0.145,165.0,4,grunge,33,3.5263605246161616,0.12121212121212122,4,33,0
44262,6KtLECDztnah63TNmV4Plw,Incubus,Morning View,Wish You Were Here,70,212733,False,0.246,0.768,9,-7.48,1,0.0387,0.000631,0.301,0.102,0.35,169.873,4,grunge,1,0.6931471805599453,1.0,1,1,1
44305,0UZwcRQAk4QR09HtGRZhYC,Thirty Seconds To Mars,This Is War,Closer To The Edge,60,273466,False,0.502,0.948,6,-3.717,1,0.12,0.0101,4.49e-06,0.0809,0.102,139.979,4,grunge,38,3.6635616461296463,0.0,0,38,0
44318,06T10fEzN8ZCcqzQZYA184,Nickelback,Dark Horse,Gotta Be Somebody,64,252653,False,0.536,0.89,0,-5.222,1,0.0601,0.000354,0.00165,0.133,0.205,115.998,4,grunge,34,3.5553480614894135,0.08823529411764706,3,34,0
44327,5f6cTFoUenDiCJDGecYiuB,Lifehouse,Who We Are,Broken,57,286480,False,0.534,0.708,11,-5.732,1,0.0402,0.089,0.0,0.192,0.488,130.639,4,grunge,41,3.7376696182833684,0.024390243902439025,1,41,0
44336,44wXefe8WB9Fd6xwtmAwbR,Foo Fighters,The Colour And The Shape,Monkey Wrench,70,231480,False,0.401,0.953,4,-4.276,1,0.0752,1.83e-05,2.56e-05,0.149,0.555,174.217,4,grunge,1,0.6931471805599453,0.0,0,1,0
44353,3354J49VpkbZJho7Ztdzpw,Third Eye Blind,Third Eye Blind,Jumper - 1998 Edit,67,272973,False,0.599,0.543,0,-9.226,1,0.0302,0.0129,0.00204,0.291,0.624,91.105,4,grunge,1,0.6931471805599453,0.0,0,1,0
44363,1Qdnvn4XlmZANCVy3XjrQo,Audioslave,Audioslave,Show Me How to Live,70,277840,False,0.433,0.854,9,-3.868,1,0.0483,0.000336,0.000177,0.162,0.368,89.4,4,grunge,1,0.6931471805599453,0.0,0,1,0
44395,53eJFr4Mfbw5PXJ01K6cFw,Pearl Jam,Vs.,Daughter - Remastered,69,234333,False,0.615,0.702,7,-9.686,1,0.0278,0.00746,0.00431,0.0608,0.734,96.987,4,grunge,1,0.6931471805599453,0.0,0,1,0
44396,5vYA1mW9g2Coh1HUFUSmlb,Matchbox Twenty,Yourself or Someone Like You,3AM,71,225946,False,0.521,0.673,8,-8.685,1,0.0284,0.00573,0.0,0.12,0.543,108.031,4,grunge,1,0.6931471805599453,0.0,0,1,0
44401,7FLVnDMOZXKRFgRM3C4aUG,Thirty Seconds To Mars,This Is War,Hurricane,55,372133,False,0.533,0.747,10,-5.678,0,0.0443,0.041,5.7e-06,0.261,0.277,124.97,4,grunge,1,0.6931471805599453,0.0,0,1,0
44415,0YpzP03QziAgqcZSCtjbl2,Daughtry,Baptized (Deluxe Version),Battleships,54,232133,False,0.49,0.746,1,-4.951,1,0.0405,0.0121,0.0,0.0624,0.331,81.848,4,grunge,33,3.5263605246161616,0.0,0,33,0
44422,3nzL5CIQiCEt6jRt1AlQ9d,Lifehouse,Who We Are,Whatever It Takes,58,207240,False,0.439,0.874,0,-4.165,1,0.0299,0.00571,0.0,0.176,0.527,150.036,4,grunge,33,3.5263605246161616,0.030303030303030304,1,33,0
44438,7hObovvcbBpXgZHQ9if4WU,Pearl Jam,Yield,Wishlist,58,206586,False,0.623,0.342,0,-8.694,1,0.038,0.0134,0.00412,0.106,0.101,115.032,4,grunge,1,0.6931471805599453,0.0,0,1,0
44466,2kN05N1AQQplsgFweFAqYb,Foo Fighters,Wasting Light,These Days,64,298266,False,0.531,0.664,2,-4.428,1,0.0304,0.000261,0.0,0.205,0.215,135.3,4,grunge,1,0.6931471805599453,0.0,0,1,0
44515,1EHh1fC9FCKw31wotfXx7L,Matchbox Twenty,How Far We've Come,How Far We've Come,58,212253,False,0.566,0.905,0,-5.093,1,0.0646,0.0045,0.0,0.21,0.792,83.0,4,grunge,1,0.6931471805599453,0.0,0,1,0
44517,21RRhjnMsrvQpeQ10ptSBZ,Daughtry,Leave This Town,September,52,240213,False,0.43,0.703,10,-5.52,1,0.0342,0.0465,0.0,0.0809,0.328,149.873,4,grunge,30,3.4339872044851463,0.0,0,30,0
44555,1wLQwg0mloy3yXjL0jPE0N,Foo Fighters,Concrete and Gold,Run,61,323373,False,0.365,0.892,4,-8.036,0,0.0786,3.31e-05,0.0948,0.751,0.176,136.133,4,grunge,1,0.6931471805599453,0.0,0,1,0
44573,6pb5BBnIM5IM7R1cqag6rE,Foo Fighters,Foo Fighters,Big Me,64,132840,False,0.579,0.708,0,-10.419,1,0.0374,0.442,0.0,0.11,0.846,130.97,4,grunge,1,0.6931471805599453,0.0,0,1,0
44771,4nRyBgsqXEP2oPfzaMeZr7,Pearl Jam,Ten,Once,58,231367,True,0.413,0.885,2,-7.695,0,0.0777,0.00535,1.97e-06,0.166,0.211,113.807,4,grunge,3,1.3862943611198906,0.0,0,3,0
44775,7v0mtl6oInUtHOmTk2b0gC,Foo Fighters,Wasting Light,Rope,61,259026,False,0.507,0.728,11,-4.874,0,0.0382,2.52e-05,7.41e-05,0.0725,0.535,138.19,4,grunge,1,0.6931471805599453,0.0,0,1,0
44777,7dIh8FF0EzYKS8STv3v4F4,Foo Fighters,There Is Nothing Left To Lose,Aurora,56,349680,False,0.586,0.858,9,-5.254,1,0.0313,0.00481,0.469,0.238,0.278,122.996,4,grunge,1,0.6931471805599453,0.0,0,1,0
44779,44RW9FEY76mLQCRQUjT0Zt,Blind Melon,Blind Melon,Change,62,221866,False,0.433,0.46,2,-10.441,1,0.0343,0.606,4.36e-05,0.175,0.536,77.525,4,grunge,1,0.6931471805599453,0.0,0,1,0
44960,6JnqbWl6N8g4Ikw5uZiJY4,Daughtry,Leave This Town,No Surprise,44,269693,False,0.481,0.779,3,-3.81,1,0.031,0.00853,0.0,0.0993,0.142,96.029,4,grunge,34,3.5553480614894135,0.058823529411764705,2,34,0
45057,72dTSVm9IsZD0eYft7H7XV,Antonio Garcia Isaac,Elegia,Elegia,53,148000,False,0.482,0.0685,2,-22.069,1,0.0868,0.991,0.934,0.109,0.221,103.099,4,guitar,1,0.6931471805599453,0.0,0,1,0
45064,4Z109P3vVF3jVEOXbrR3wO,Marcel Depuis,Largo Rv. 443 For Guitar,Largo Rv. 443 For Guitar,52,165021,False,0.799,0.105,4,-15.807,0,0.0618,0.949,0.398,0.105,0.326,132.002,3,guitar,1,0.6931471805599453,0.0,0,1,0
45088,6w624TYTyYP8jn5Xhc0yxx,Los Tecolines,12 Grandes exitos Vol. 1,Ahora y siempre,34,173146,False,0.753,0.564,2,-6.844,1,0.0363,0.906,2.96e-05,0.12,0.781,105.686,4,guitar,1,0.6931471805599453,0.0,0,1,0
45104,09Z0fc2bC2g5X5fhOklDbF,Henrik Janson,Milano,Milano,51,112402,False,0.732,0.203,9,-15.957,0,0.0651,0.943,0.682,0.113,0.383,119.805,4,guitar,2,1.0986122886681098,0.0,0,2,0
45108,5f47RLk3HgmaCBrhI9Ibrf,Toledo Heights,A Few Reasons,A Few Reasons,50,151940,False,0.64,0.0675,9,-23.425,1,0.0493,0.964,0.926,0.111,0.327,158.678,4,guitar,1,0.6931471805599453,0.0,0,1,0
45109,7dsDIENmLdbXdjbkzCMxAT,Dieter Huber,Adrienne,Zitronen Garten,49,143058,False,0.435,0.0767,9,-16.805,1,0.0498,0.992,0.9,0.123,0.178,77.242,1,guitar,2,1.0986122886681098,0.0,0,2,0
45113,2OQ8WuB2K93XqZhwCh6aSv,Kaspar Mann,Ordino,Ordino,49,157779,False,0.631,0.183,9,-17.128,1,0.0846,0.994,0.929,0.113,0.399,83.481,1,guitar,1,0.6931471805599453,0.0,0,1,0
45153,6mueyqJyIsSTHJBZaR6b2n,John A. Nilson,Tarregas Bodega,Tarregas Bodega,50,89698,False,0.579,0.0612,9,-18.955,1,0.207,0.907,0.685,0.0906,0.0383,147.056,5,guitar,1,0.6931471805599453,0.0,0,1,0
45155,5UkCU9C0YGZHNwPIcGD3Up,Ivan Bielsa,Struck By Clouds,Struck By Clouds,51,117096,False,0.648,0.0331,11,-17.582,0,0.0822,0.961,0.973,0.108,0.118,114.02,4,guitar,1,0.6931471805599453,0.0,0,1,0
45202,7GlGgZVvEI5oCpZGrEWyKN,Las Lagrimas,Cadiz,Cadiz,50,185611,False,0.592,0.244,2,-14.728,1,0.127,0.981,0.925,0.109,0.302,133.078,4,guitar,21,3.091042453358316,0.047619047619047616,1,21,0
45203,1PINN6x0Riouab3wPSglpp,Leo Brouwer;Zsófia Boros,En Otra Parte,An Idea,58,158520,False,0.294,0.00785,4,-29.64,0,0.0667,0.994,0.956,0.0929,0.173,70.958,3,guitar,1,0.6931471805599453,0.0,0,1,0
45304,3DsShklw3Th0y25Xm66L2d,Marta Jobim,Passing Rain,Passing Rain,50,182750,False,0.53,0.108,9,-17.208,1,0.0663,0.993,0.94,0.104,0.255,137.02,4,guitar,1,0.6931471805599453,0.0,0,1,0
45407,5QSUroBMs5XaGfNqzObDEs,Vandenberg,Sonnen Diamant,Sonnen Diamant,46,154750,False,0.66,0.0863,2,-19.892,1,0.0597,0.94,0.92,0.117,0.153,131.096,4,guitar,1,0.6931471805599453,0.0,0,1,0
45558,7DRiHX3VXNCkhDxtUsy6YX,Emanuel Nord,Light Touch,Light Touch,48,102254,False,0.671,0.0496,2,-20.166,1,0.0759,0.912,0.907,0.115,0.156,103.022,3,guitar,3,1.3862943611198906,0.0,0,3,0
45601,4992uwyEYOstUKzPgdPVR3,Nelson Gomes,Valsa e Vinho,Valsa e Vinho,49,158794,False,0.65,0.0708,2,-16.557,1,0.0643,0.994,0.929,0.0966,0.111,118.121,3,guitar,2,1.0986122886681098,0.0,0,2,0
45603,11jFSuok2S4g04ziCBd44w,R.B James,Let Me Reach That Mountain,Let Me Reach That Mountain,46,211500,False,0.704,0.111,9,-19.914,0,0.0599,0.925,0.889,0.106,0.179,74.969,4,guitar,1,0.6931471805599453,0.0,0,1,0
45652,45m0JU1iR7C5hJ0kPh86F2,Felix Trapp,Die Wanderbiene,Die Wanderbiene,47,189812,False,0.629,0.123,7,-19.583,1,0.077,0.994,0.954,0.112,0.313,101.034,4,guitar,1,0.6931471805599453,0.0,0,1,0
45760,6k6TA8HG6ja8XYkoGXAGZ3,Robert Lowe,It's a Small World After All,It's a Small World After All,44,175439,False,0.688,0.193,4,-15.465,1,0.0463,0.958,0.909,0.106,0.448,98.95,4,guitar,1,0.6931471805599453,0.0,0,1,0
45795,52yEkn1b6BiOZad3x7x6PP,Django Reinhardt,Djangologie Vol9 / 1939 - 1940,I'll See You in My Dreams,50,153333,False,0.765,0.522,5,-12.037,1,0.0339,0.931,0.913,0.102,0.84,112.747,4,guitar,1,0.6931471805599453,0.0,0,1,0
45802,4E0pCVwsSnYcxcKpp0wf8Q,Andreas Borkental,Kohala,Olomana,44,159735,False,0.617,0.0961,6,-16.523,0,0.0637,0.993,0.947,0.109,0.188,91.331,4,guitar,1,0.6931471805599453,0.0,0,1,0
45907,3ZBVScPb6BlEwHruAWdhtx,Dieter Huber,Mare,Ao Clarear,44,197315,False,0.514,0.162,9,-15.86,1,0.0607,0.959,0.947,0.112,0.286,93.519,4,guitar,1,0.6931471805599453,0.0,0,1,0
47002,5MxNLUsfh7uzROypsoO5qe,Aerosmith,Aerosmith,Dream On,82,266960,False,0.307,0.433,1,-10.057,1,0.029,0.388,9.08e-05,0.332,0.224,160.9,4,hard-rock,55,4.02535169073515,0.0,0,55,0
47003,7o2CTH4ctstm8TNelqjb51,Guns N' Roses,Appetite For Destruction,Sweet Child O' Mine,84,354520,True,0.454,0.91,6,-7.766,1,0.0448,0.0866,0.0996,0.116,0.629,125.116,4,hard-rock,23,3.1780538303479458,0.043478260869565216,1,23,0
47005,57bgtoPSgt236HzfBOd8kj,AC/DC,The Razors Edge,Thunderstruck,84,292880,False,0.502,0.89,4,-5.175,1,0.0364,0.000147,0.0117,0.217,0.259,133.52,4,hard-rock,56,4.04305126783455,0.0,0,56,0
47007,78lgmZwycJ3nzsdgmPPGNx,Led Zeppelin,Led Zeppelin III (Remaster),Immigrant Song - Remaster,78,146250,False,0.564,0.932,11,-10.068,1,0.0554,0.013,0.169,0.349,0.619,112.937,4,hard-rock,37,3.6375861597263857,0.0,0,37,0
47008,3YBZIN3rekqsKxbJc9FZko,Guns N' Roses,Appetite For Destruction,Paradise City,79,405640,True,0.273,0.952,11,-8.762,1,0.0843,0.0169,0.0111,0.142,0.472,100.271,4,hard-rock,11,2.4849066497880004,0.0,0,11,0
47009,3YRCqOhFifThpSRFJ1VWFM,Guns N' Roses,Use Your Illusion I,November Rain,81,536066,False,0.294,0.641,11,-9.316,1,0.0291,0.0163,0.22,0.112,0.226,79.759,4,hard-rock,31,3.4657359027997265,0.03225806451612903,1,31,0
47011,2zYzyRzz6pRmhPzyfMEC8s,AC/DC,Highway to Hell,Highway to Hell,85,208400,False,0.574,0.913,6,-4.793,0,0.133,0.061,0.00158,0.156,0.423,115.728,4,hard-rock,99,4.605170185988092,0.12121212121212122,12,99,0
47014,08mG3Y1vljYA6bvDt4Wqkj,AC/DC,Back In Black,Back In Black,85,255493,False,0.31,0.7,9,-5.678,1,0.047,0.011,0.00965,0.0828,0.763,188.386,4,hard-rock,69,4.248495242049359,0.014492753623188406,1,69,0
47050,3MrRksHupTVEQ7YbA0FsZK,Europe,The Final Countdown (Expanded Edition),The Final Countdown,78,310333,False,0.529,0.843,6,-6.908,0,0.0616,0.0628,0.000827,0.0608,0.188,117.662,4,hard-rock,2,1.0986122886681098,0.0,0,2,0
47055,7snQQk1zcKl8gZ92AnueZW,Guns N' Roses,Appetite For Destruction,Sweet Child O' Mine,79,356066,True,0.446,0.952,6,-5.321,1,0.0523,0.0901,0.0857,0.112,0.624,125.303,4,hard-rock,3,1.3862943611198906,0.0,0,3,0
47057,0hCB0YR03f6AmQaHbwWDe8,Led Zeppelin,Led Zeppelin II (1994 Remaster),Whole Lotta Love - 1990 Remaster,77,333893,False,0.412,0.902,9,-11.6,1,0.405,0.0484,0.131,0.405,0.422,89.74,4,hard-rock,13,2.6390573296152584,0.0,0,13,0
47058,0bVtevEgtDIeRjCJbK3Lmv,Guns N' Roses,Appetite For Destruction,Welcome To The Jungle,80,272026,True,0.447,0.954,8,-8.069,1,0.0751,0.0235,0.403,0.298,0.331,123.453,4,hard-rock,13,2.6390573296152584,0.07692307692307693,1,13,0
47059,7LRMbd3LEoV5wZJvXT1Lwb,AC/DC,High Voltage,T.N.T.,78,214666,False,0.754,0.759,9,-5.218,1,0.302,0.153,0.000108,0.101,0.435,126.366,4,hard-rock,1,0.6931471805599453,0.0,0,1,0
47103,6lEuFGrUqR9Yc6hSsHPnYP,Aerosmith,I Don't Want To Miss A Thing EP,"I Don't Want to Miss a Thing - From ""Armageddon"" Soundtrack",76,299760,False,0.39,0.649,2,-5.163,1,0.0345,0.172,0.0,0.216,0.144,121.16,4,hard-rock,12,2.5649493574615367,0.0,0,12,0
47105,3Jnxngdff0lVu2rza1GVx6,Black Sabbath,Paranoid,Paranoid (2009 - Remaster),42,167720,False,0.423,0.685,4,-9.651,0,0.078,6.28e-05,0.00642,0.133,0.328,162.78,4,hard-rock,3,1.3862943611198906,0.0,0,3,0
47150,6zeE5tKyr8Nu882DQhhSQI,Kansas,Point Of Know Return (Expanded Edition),Dust in the Wind,78,206266,False,0.475,0.322,7,-10.687,1,0.0283,0.367,0.00056,0.11,0.387,93.503,4,hard-rock,36,3.6109179126442243,0.0,0,36,0
47151,1JLn8RhQzHz3qDqsChcmBl,Foreigner,Agent Provocateur,I Want to Know What Love Is - 1999 Remaster,79,304786,False,0.477,0.471,6,-10.036,1,0.0277,0.193,1.76e-06,0.131,0.423,81.204,4,hard-rock,2,1.0986122886681098,1.0,2,2,1
47166,6Vjk8MNXpQpi0F4BefdTyq,Led Zeppelin,Physical Graffiti (Deluxe Edition),Kashmir - Remaster,71,517125,False,0.483,0.615,2,-8.538,1,0.0497,0.452,0.000414,0.0512,0.594,80.576,3,hard-rock,7,2.0794415416798357,0.0,0,7,0
47167,7ACxUo21jtTHzy7ZEV56vU,Ozzy Osbourne,Blizzard Of Ozz (40th Anniversary Expanded Edition),Crazy Train,78,293183,False,0.454,0.913,9,-4.008,1,0.107,0.408,0.000271,0.248,0.521,137.688,4,hard-rock,15,2.772588722239781,0.06666666666666667,1,15,0
47171,0C80GCp0mMuBzLf3EAXqxv,AC/DC,Back In Black,Shoot to Thrill,73,317426,False,0.457,0.904,2,-5.303,1,0.0747,0.000239,0.0879,0.396,0.48,141.038,4,hard-rock,3,1.3862943611198906,0.0,0,3,0
47210,4DMKwE2E2iYDKY01C335Uw,Kansas,Leftoverture (Expanded Edition),Carry on Wayward Son,76,323000,False,0.482,0.786,7,-5.735,1,0.032,0.00321,8.88e-05,0.446,0.793,126.755,4,hard-rock,1,0.6931471805599453,0.0,0,1,0
47214,74irxdVWstNlEQjsvArITq,Aerosmith,Get A Grip,Crazy,75,316693,False,0.37,0.866,6,-3.879,0,0.0384,0.0868,0.0,0.137,0.427,162.086,3,hard-rock,2,1.0986122886681098,0.0,0,2,0
47219,0S3gpZzlT9Hb7CCSV2owX7,Ozzy Osbourne,No More Tears (Expanded Edition),"Mama, I'm Coming Home",69,251866,False,0.282,0.656,8,-6.557,1,0.0302,0.0105,0.0,0.0892,0.242,139.352,4,hard-rock,1,0.6931471805599453,0.0,0,1,0
47221,755bvJDSA3LNcNuFgBT9LK,Black Sabbath,Paranoid,Iron Man (2009 - Remaster),37,354213,False,0.334,0.828,9,-9.168,1,0.0985,0.00312,0.0043,0.0949,0.515,157.891,4,hard-rock,4,1.6094379124341003,0.5,2,4,1
47228,2d4e45fmUnguxh6yqC7gNT,AC/DC,Dirty Deeds Done Dirt Cheap,Dirty Deeds Done Dirt Cheap,74,231933,False,0.668,0.906,11,-4.881,0,0.17,0.214,0.00245,0.135,0.507,135.653,4,hard-rock,2,1.0986122886681098,1.0,2,2,1
47254,78PKCefXwDLbl4FVO1Pjzh,Ozzy Osbourne,Down To Earth,Dreamer,63,284906,False,0.493,0.636,1,-7.408,1,0.0256,0.0629,2.49e-06,0.0921,0.279,79.419,4,hard-rock,1,0.6931471805599453,1.0,1,1,1
47266,4feXJ5IC3avXsVW9WNFSag,AC/DC,Black Ice,Rock N Roll Train,71,261506,False,0.547,0.931,2,-2.356,1,0.0615,0.000998,0.0118,0.278,0.697,118.4,4,hard-rock,3,1.3862943611198906,0.6666666666666666,2,3,1
47274,2RaA6kIcvomt77qlIgGhCT,Judas Priest,British Steel,Breaking the Law,72,153840,False,0.362,0.961,2,-5.664,1,0.0857,0.024,9.35e-06,0.159,0.491,164.019,4,hard-rock,1,0.6931471805599453,0.0,0,1,0
47313,24NwBd5vZ2CK8VOQVnqdxr,Aerosmith,Toys In The Attic,Sweet Emotion,74,274133,False,0.38,0.76,9,-10.961,1,0.0378,0.00298,0.0294,0.104,0.491,99.437,4,hard-rock,45,3.828641396489095,0.0,0,45,0
47318,0NJC0FDCODpPUntRTTQq97,Aerosmith,Get A Grip,Cryin',72,308333,False,0.445,0.856,9,-3.674,1,0.0327,0.000202,0.0101,0.367,0.486,105.872,3,hard-rock,2,1.0986122886681098,0.5,1,2,1
47321,5SZ6zX4rOrEQferfFC2MfP,Aerosmith,Toys In The Attic,Walk This Way,75,220400,False,0.653,0.73,5,-10.613,1,0.043,0.0114,1.03e-05,0.0754,0.894,108.705,4,hard-rock,50,3.9318256327243257,0.0,0,50,0
47328,1hlveB9M6ijHZRbzZ2teyh,Twisted Sister,Stay Hungry,We're Not Gonna Take It,75,219666,False,0.502,0.924,4,-6.299,1,0.0503,0.0127,0.0,0.162,0.922,149.186,4,hard-rock,1,0.6931471805599453,0.0,0,1,0
47331,7nemcVsXVFZF01iqpIIo2Y,AC/DC,High Voltage,It's a Long Way to the Top (If You Wanna Rock 'N' Roll),72,301226,False,0.456,0.863,3,-3.551,1,0.0894,0.133,0.0538,0.0553,0.532,135.962,4,hard-rock,77,4.356708826689592,0.025974025974025976,2,77,0
47359,70Z9t1qhytWtG4cCmmi7mU,Twisted Sister,Stay Hungry,I Wanna Rock,73,179760,False,0.504,0.911,2,-2.97,1,0.0738,0.00512,0.0123,0.355,0.671,106.244,4,hard-rock,1,0.6931471805599453,0.0,0,1,0
47363,4PRGxHpCpF2yoOHYKQIEwD,Led Zeppelin,Led Zeppelin IV (Deluxe Edition),Rock and Roll - Remaster,71,220560,False,0.317,0.887,9,-7.292,1,0.0375,0.000582,0.00258,0.0891,0.871,169.613,4,hard-rock,1,0.6931471805599453,0.0,0,1,0
47366,0QwZfbw26QeUoIy82Z2jYp,Led Zeppelin,Led Zeppelin,Good Times Bad Times - 1993 Remaster,69,166266,False,0.476,0.717,9,-9.192,1,0.0949,0.0382,7.61e-05,0.0818,0.753,93.584,4,hard-rock,17,2.8903717578961645,0.058823529411764705,1,17,0
47369,5XcZRgJv3zMhTqCyESjQrF,Alice Cooper,Trash,Poison,74,270080,False,0.28,0.908,2,-5.509,0,0.109,0.0327,8.85e-06,0.18,0.26,118.698,4,hard-rock,1,0.6931471805599453,0.0,0,1,0
47372,3QZ7uX97s82HFYSmQUAN1D,Rush,Moving Pictures (2011 Remaster),Tom Sawyer,73,276880,False,0.536,0.901,9,-7.211,1,0.0374,0.00145,0.0186,0.06,0.666,87.559,4,hard-rock,3,1.3862943611198906,0.0,0,3,0
47411,2tAeN2TKlQLOoSPXtARzBV,Van Halen,Van Halen (Remastered),Eruption - 2015 Remaster,65,102080,False,0.225,0.689,8,-9.12,1,0.0555,0.469,0.813,0.337,0.5,93.798,4,hard-rock,1,0.6931471805599453,0.0,0,1,0
47456,2lFFiNm0XtgJ6wkdncTB4k,The Cars,Heartbeat City (Expanded Edition),Drive - 2017 Remaster,70,234332,False,0.261,0.703,6,-7.871,1,0.0414,0.115,0.00078,0.102,0.405,83.495,4,hard-rock,1,0.6931471805599453,0.0,0,1,0
47463,4ywWJqYKOwaVVh9xXARWUS,Led Zeppelin,Led Zeppelin III (Remaster),Tangerine - Remaster,64,191827,False,0.306,0.398,6,-12.767,1,0.0412,0.0857,6.02e-05,0.0756,0.0948,85.622,4,hard-rock,39,3.6888794541139363,0.02564102564102564,1,39,0
47466,0RO9W1xJoUEpq5MEelddFb,Led Zeppelin,Led Zeppelin IV (Remaster),Stairway to Heaven - Remaster,61,482830,False,0.338,0.34,9,-12.049,0,0.0339,0.58,0.0032,0.116,0.197,82.433,4,hard-rock,48,3.8918202981106265,0.0,0,48,0
47502,1SDiiE3v2z89VxC3aVRKHQ,Led Zeppelin,Led Zeppelin III (Remaster),Since I've Been Loving You - Remaster,62,444148,False,0.393,0.364,5,-10.945,0,0.0345,0.0021,0.0703,0.121,0.308,118.566,3,hard-rock,36,3.6109179126442243,0.0,0,36,0
47516,4OMu5a8sFpcRCPCcsoEaov,Led Zeppelin,Led Zeppelin,Babe I'm Gonna Leave You - 1990 Remaster,62,401066,False,0.404,0.435,4,-12.045,0,0.0323,0.246,0.00074,0.156,0.156,136.058,4,hard-rock,1,0.6931471805599453,0.0,0,1,0
47518,5hhVpGIBlqAU5yJEOmrk5o,Led Zeppelin,In Through the out Door (Remaster),All My Love - Remaster,65,353720,False,0.554,0.791,7,-8.326,1,0.0288,0.113,1.76e-05,0.166,0.697,91.108,4,hard-rock,31,3.4657359027997265,0.0,0,31,0
47522,6WE7jSshLCuVKoCmobVKVf,Led Zeppelin,Led Zeppelin II (1994 Remaster),Heartbreaker - 1990 Remaster,64,254133,False,0.403,0.709,9,-9.366,1,0.0885,0.0746,0.494,0.132,0.654,97.161,4,hard-rock,7,2.0794415416798357,0.0,0,7,0
47527,71SvEDmsOwIWw1IozsZoMA,Journey,Departure,Any Way You Want It,73,201693,False,0.529,0.932,7,-7.501,1,0.0488,0.00251,0.00109,0.136,0.571,138.158,4,hard-rock,1,0.6931471805599453,0.0,0,1,0
47562,6rvldt6EoZwzogApECUCwd,AC/DC,Who Made Who,Who Made Who,66,207146,False,0.514,0.825,0,-5.135,1,0.0487,0.000286,0.293,0.607,0.655,125.274,4,hard-rock,2,1.0986122886681098,0.5,1,2,1
47606,1GqlvSEtMx5xbGptxOTTyk,Boston,Boston,Peace of Mind,68,303586,False,0.419,0.677,4,-6.183,1,0.0343,0.00101,9.99e-05,0.211,0.684,127.678,4,hard-rock,2,1.0986122886681098,0.0,0,2,0
47669,0K6yUnIKNsFtfIpTgGtcHm,Rush,Moving Pictures (2011 Remaster),Limelight,67,259839,False,0.581,0.854,1,-8.485,0,0.0428,0.00197,0.0013,0.111,0.788,131.18,4,hard-rock,11,2.4849066497880004,0.0,0,11,0
47679,3JLrri1xSCui3bzITDJbkk,Led Zeppelin,Houses of the Holy (Remaster),The Rain Song - Remaster,60,459093,False,0.336,0.318,0,-11.412,1,0.0263,0.317,0.0716,0.111,0.24,79.66,4,hard-rock,27,3.332204510175204,0.037037037037037035,1,27,0
47714,753KutoAy00apPsplMRetG,AC/DC,Let There Be Rock,Let There Be Rock,64,366346,False,0.332,0.725,11,-5.809,0,0.116,0.000209,0.607,0.0767,0.422,182.364,4,hard-rock,60,4.110873864173311,0.016666666666666666,1,60,0
47718,2eDdFHgqNJltzlvlZFVDWd,Led Zeppelin,Houses of the Holy (Remaster),Over the Hills and Far Away - Remaster,64,290933,False,0.402,0.691,7,-10.274,1,0.0691,0.0679,0.133,0.0955,0.206,96.95,4,hard-rock,28,3.367295829986474,0.03571428571428571,1,28,0
47729,3i25w2HOWoafnTIiWJCL71,Led Zeppelin,In Through the out Door (Remaster),Fool in the Rain - Remaster,64,370920,False,0.52,0.912,0,-7.512,1,0.0487,0.124,0.00151,0.239,0.702,131.403,4,hard-rock,42,3.7612001156935624,0.07142857142857142,3,42,0
47759,4alHo6RGd0D3OUbTPExTHN,The Cars,The Cars,Just What I Needed,71,225626,False,0.619,0.579,4,-9.307,1,0.0473,0.0152,6.4e-05,0.0858,0.69,127.224,4,hard-rock,23,3.1780538303479458,0.08695652173913043,2,23,0
47763,3qLZ866ZfaK0B0R5FIqXLG,The Cult,Love,She Sells Sanctuary,71,252533,False,0.55,0.765,7,-8.684,1,0.0287,4.76e-06,0.873,0.132,0.419,139.46,4,hard-rock,14,2.70805020110221,0.07142857142857142,1,14,0
47766,6Wn3pdFtAcnYJyJVITwt7N,AC/DC,Highway to Hell,Girls Got Rhythm,61,203293,False,0.512,0.979,4,-4.267,0,0.156,0.0513,0.00102,0.358,0.535,137.794,4,hard-rock,2,1.0986122886681098,0.5,1,2,1
47776,7zscdQe9CjzXnqT3P1Ey7K,AC/DC,Highway to Hell,If You Want Blood (You've Got It),63,274226,False,0.487,0.932,2,-4.001,1,0.117,0.0311,0.149,0.43,0.54,141.243,4,hard-rock,70,4.2626798770413155,0.0,0,70,0
47869,6eN1f9KNmiWEhpE2RhQqB5,Guns N' Roses,Appetite For Destruction,Paradise City,74,405600,True,0.268,0.98,11,-5.958,1,0.103,0.0192,0.00709,0.182,0.395,100.315,4,hard-rock,1,0.6931471805599453,1.0,1,1,1
47876,1BY1Vd2Bt6JPOhMvsIwtVv,Billy Idol,Vital Idol,Dancing With Myself,69,359733,False,0.51,0.696,4,-10.83,1,0.0802,0.0157,0.000104,0.297,0.905,176.568,4,hard-rock,1,0.6931471805599453,1.0,1,1,1
47888,4e9hUiLsN4mx61ARosFi7p,Rush,Permanent Waves,The Spirit Of Radio,66,296466,False,0.365,0.924,4,-7.066,1,0.0488,0.0144,0.000254,0.423,0.632,135.811,4,hard-rock,3,1.3862943611198906,0.0,0,3,0
47912,6M5m8gfTj3rhYEPDzLmdL4,Led Zeppelin,Physical Graffiti (Deluxe Edition),Ten Years Gone - Remaster,59,394920,False,0.545,0.416,2,-11.979,1,0.0433,0.559,0.00496,0.0369,0.295,76.872,4,hard-rock,6,1.9459101490553132,0.0,0,6,0
47915,2Vim06YsRb4uJRpbeq6NR6,Deep Purple,Shades of Deep Purple,Hush - 1998 Remaster,59,266840,False,0.57,0.635,10,-10.231,1,0.0482,0.00459,0.176,0.0901,0.196,108.431,4,hard-rock,2,1.0986122886681098,0.0,0,2,0
47960,6yl8Es1tCYD9WdSkeVLFw4,AC/DC,Who Made Who,You Shook Me All Night Long,66,210880,False,0.529,0.768,7,-5.51,1,0.0566,0.00224,0.00075,0.297,0.769,127.316,4,hard-rock,90,4.51085950651685,0.03333333333333333,3,90,0
48006,2g8HN35AnVGIk7B8yMucww,The Notorious B.I.G.,Ready to Die (The Remaster),Big Poppa - 2005 Remaster,79,252746,True,0.78,0.575,9,-7.247,0,0.273,0.43,0.0,0.143,0.773,84.492,4,hardcore,2,1.0986122886681098,0.5,1,2,1
48051,6Tsu3OsuMz4KEGKbOYd6A0,The Notorious B.I.G.,Greatest Hits,Hypnotize - 2007 Remaster,72,230000,True,0.895,0.694,9,-4.384,1,0.275,0.176,0.0,0.292,0.632,93.944,4,hardcore,2,1.0986122886681098,0.0,0,2,0
48053,63BcfK6YAzJYeISaTPr6IO,The Notorious B.I.G.,Greatest Hits,Big Poppa - 2007 Remaster,72,249866,True,0.765,0.671,9,-5.249,0,0.278,0.344,0.0,0.0506,0.798,84.5,4,hardcore,3,1.3862943611198906,0.3333333333333333,1,3,0
48058,0trHOzAhNpGCsGBEu7dOJo,Nas,Illmatic,N.Y. State of Mind,72,293973,True,0.665,0.91,6,-4.682,0,0.223,0.0394,0.0,0.227,0.887,84.099,4,hardcore,6,1.9459101490553132,0.16666666666666666,1,6,0
48060,5n8Aro6j1bEGIy7Tpo7FV7,N.W.A.,Straight Outta Compton,Fuck Tha Police,71,345717,True,0.859,0.75,8,-8.325,0,0.303,0.0193,0.0,0.0538,0.857,98.691,4,hardcore,21,3.091042453358316,0.047619047619047616,1,21,0
48072,6KIKRz9eSTXdNsGUnomdtW,N.W.A.,Straight Outta Compton,Straight Outta Compton,72,258687,True,0.834,0.878,8,-9.484,1,0.15,0.0461,0.0,0.334,0.418,102.848,4,hardcore,11,2.4849066497880004,0.0,0,11,0
48076,5ByAIlEEnxYdvpnezg7HTX,The Notorious B.I.G.,Ready to Die (The Remaster),Juicy - 2005 Remaster,76,302760,True,0.889,0.818,9,-4.639,1,0.253,0.47,0.0,0.179,0.782,96.063,4,hardcore,6,1.9459101490553132,0.16666666666666666,1,6,0
48156,7G3lxTsMfSx4yarMkfgnTC,Nas,Illmatic,The World Is Yours,68,290573,True,0.678,0.794,10,-6.186,0,0.14,0.274,1.68e-06,0.124,0.54,87.374,4,hardcore,3,1.3862943611198906,0.0,0,3,0
48201,2b7FqlHc3JrzlYtGEkzq22,The Notorious B.I.G.,Greatest Hits,Juicy - 2007 Remaster,61,301466,True,0.873,0.816,9,-4.645,1,0.256,0.483,0.0,0.146,0.79,96.067,4,hardcore,2,1.0986122886681098,0.5,1,2,1
48207,2LhhnqrHPWvXYveZVHLKrd,Nas;AZ;Olu Dara,Illmatic,Life's a Bitch (feat. AZ & Olu Dara),63,210840,True,0.775,0.734,7,-5.41,1,0.215,0.00138,0.0,0.304,0.342,90.001,4,hardcore,3,1.3862943611198906,0.0,0,3,0
48214,1xIxMz1sNQ4b6svH1GuTtF,The Notorious B.I.G.,Ready to Die (The Remaster),Gimme the Loot - 2005 Remaster,67,285946,True,0.721,0.662,7,-8.136,1,0.403,0.0888,0.0,0.178,0.68,94.191,4,hardcore,1,0.6931471805599453,0.0,0,1,0
48215,6DPrhGVJ1WTZvM9fKptnGe,Nas,Illmatic,Represent,64,252600,True,0.708,0.832,1,-4.964,1,0.318,0.02,2.8e-06,0.189,0.618,92.428,4,hardcore,1,0.6931471805599453,0.0,0,1,0
48254,1pOIpxfrQ8AszXZdKR3aH3,N.W.A.,Straight Outta Compton,Gangsta Gangsta,64,336917,True,0.894,0.698,6,-8.264,0,0.275,0.0279,3.56e-06,0.329,0.695,98.104,4,hardcore,18,2.9444389791664403,0.05555555555555555,1,18,0
48257,3Ti0GdlrotgwsAVBBugv0I,A Tribe Called Quest,People's Instinctive Travels and the Paths of Rhythm (25th Anniversary Edition),Can I Kick It?,70,251573,False,0.848,0.666,0,-6.547,1,0.274,0.173,0.000699,0.129,0.744,96.662,4,hardcore,8,2.1972245773362196,0.25,2,8,0
48308,2CPturRUlpvirYr7VpkXCV,Nas,Illmatic,It Ain't Hard to Tell,65,202106,True,0.69,0.729,11,-5.819,0,0.221,1.7e-05,0.0431,0.152,0.357,91.376,4,hardcore,1,0.6931471805599453,0.0,0,1,0
48459,2PRsh2LNPxoxC9OnErnelg,Nas,Illmatic,Halftime,61,260799,True,0.766,0.793,4,-6.638,0,0.166,0.0303,8.09e-06,0.173,0.652,91.925,4,hardcore,1,0.6931471805599453,0.0,0,1,0
48505,2bXI4Rbw1D7aVeHWLjn1Lb,The Notorious B.I.G.,Ready to Die (The Remaster),Machine Gun Funk - 2006 Remaster,62,255893,True,0.841,0.738,4,-5.325,0,0.3,0.102,0.0235,0.0901,0.305,93.725,4,hardcore,1,0.6931471805599453,1.0,1,1,1
48511,33rsCCLHklTQav9klbpnAi,The Notorious B.I.G.,Ready to Die (The Remaster),Warning - 2005 Remaster,61,220440,True,0.596,0.791,11,-7.582,0,0.476,0.345,1.42e-05,0.136,0.399,171.919,4,hardcore,1,0.6931471805599453,1.0,1,1,1
48552,3UQAKY0SUEonxneROvv4jy,The Notorious B.I.G.,Ready to Die (The Remaster),Ready to Die - 2006 Remaster,59,264546,True,0.727,0.831,6,-5.713,1,0.31,0.0632,3.63e-05,0.487,0.504,84.991,4,hardcore,1,0.6931471805599453,0.0,0,1,0
48616,1v5cgIyffYtfEx0swttdoE,Wu-Tang Clan;RZA;Ghostface Killah;Raekwon;Inspectah Deck,Enter The Wu-Tang (36 Chambers) [Expanded Edition],"Bring Da Ruckus (feat. RZA, Ghostface Killah, Raekwon & Inspectah Deck)",63,251466,True,0.794,0.627,11,-9.431,1,0.36,0.233,0.0,0.35,0.518,87.554,4,hardcore,1,0.6931471805599453,1.0,1,1,1
48659,4HfxDJ0uLHTLe0fZrx0MbQ,A Tribe Called Quest,The Low End Theory,Check the Rhime,65,216693,False,0.881,0.361,11,-14.728,0,0.237,0.0502,0.00458,0.246,0.799,96.43,4,hardcore,1,0.6931471805599453,0.0,0,1,0
48857,2W58HMaCbjcUfZnZaeHtcC,Nas,Illmatic,Memory Lane (Sittin' in da Park),59,248213,True,0.648,0.841,0,-4.322,1,0.212,0.31,0.0,0.136,0.624,89.564,4,hardcore,1,0.6931471805599453,0.0,0,1,0
51088,5PjdY0CKGZdEuoNab3yDmX,The Kid LAROI;Justin Bieber,F*CK LOVE 3: OVER YOU,STAY (with Justin Bieber),86,141805,True,0.591,0.764,1,-5.484,1,0.0483,0.0383,0.0,0.103,0.478,169.928,4,hip-hop,3,1.3862943611198906,0.0,0,3,0
51150,3B54sVLJ402zGa6Xm4YGNe,French Montana;Swae Lee,Jungle Rules,Unforgettable,82,233901,True,0.726,0.769,6,-5.043,1,0.123,0.0293,0.0101,0.104,0.733,97.985,4,hip-hop,1,0.6931471805599453,0.0,0,1,0
51159,7lQ8MOhq6IN2w8EYcFNSUk,Eminem,The Eminem Show,Without Me,88,290320,True,0.908,0.669,7,-2.827,1,0.0738,0.00286,0.0,0.237,0.662,112.238,4,hip-hop,19,2.995732273553991,0.05263157894736842,1,19,0
51216,3yfqSUWxFvZELEM4PmlwIR,Eminem,The Marshall Mathers LP,The Real Slim Shady,87,284200,True,0.949,0.661,5,-4.244,0,0.0572,0.0302,0.0,0.0454,0.76,104.504,4,hip-hop,2,1.0986122886681098,0.0,0,2,0
51269,5Z9KJZvQzH6PFmb8SNkxuk,Lil Nas X;Jack Harlow,MONTERO,INDUSTRY BABY (feat. Jack Harlow),81,212352,True,0.741,0.691,10,-7.395,0,0.0672,0.0221,0.0,0.0476,0.892,150.087,4,hip-hop,1,0.6931471805599453,0.0,0,1,0
51277,4xkOaSrkexMciUUogZKVTS,Eminem;Nate Dogg,The Eminem Show,Till I Collapse,86,297786,True,0.548,0.847,1,-3.237,1,0.186,0.0622,0.0,0.0816,0.1,171.447,4,hip-hop,37,3.6375861597263857,0.05405405405405406,2,37,0
51300,1zi7xx7UVEFkmKfv06H8x0,Drake;Wizkid;Kyla,Views,One Dance,85,173986,False,0.792,0.625,1,-5.609,1,0.0536,0.00776,0.0018,0.329,0.37,103.967,4,hip-hop,8,2.1972245773362196,0.125,1,8,0
51320,7FIWs0pqAYbP91WWM0vlTQ,Eminem;Juice WRLD,Music To Be Murdered By,Godzilla (feat. Juice WRLD),83,210800,True,0.808,0.745,10,-5.26,0,0.342,0.145,0.0,0.292,0.829,165.995,4,hip-hop,3,1.3862943611198906,0.3333333333333333,1,3,0
51350,3GCdLUSnKSMJhs4Tj6CV3s,Kendrick Lamar;SZA,Black Panther The Album Music From And Inspired By,All The Stars (with SZA),83,232186,True,0.698,0.633,8,-4.946,1,0.0597,0.0605,0.000194,0.0926,0.552,96.924,4,hip-hop,2,1.0986122886681098,0.0,0,2,0
51352,1PckUlxKqWQs3RlWXVBLw3,Lizzo,About Damn Time,About Damn Time,89,191822,True,0.836,0.743,10,-6.305,0,0.0656,0.0995,0.0,0.335,0.722,108.966,4,hip-hop,4,1.6094379124341003,0.25,1,4,0
51369,7Ie9W94M7OjPoZVV216Xus,Eminem,Recovery,Not Afraid,81,248133,True,0.855,0.954,0,-1.19,0,0.264,0.529,0.0,0.205,0.668,114.635,5,hip-hop,36,3.6109179126442243,0.05555555555555555,2,36,0
51401,15JINEqzVMv3SvJTAXAKED,Eminem;Rihanna,Recovery,Love The Way You Lie,83,263373,True,0.749,0.925,10,-5.034,1,0.227,0.241,0.0,0.52,0.641,86.989,4,hip-hop,30,3.4339872044851463,0.06666666666666667,2,30,0
51450,68Dni7IE4VyPkTOH9mRWHr,J. Cole,2014 Forest Hills Drive,No Role Modelz,88,292799,True,0.69,0.521,10,-8.492,0,0.339,0.324,0.0,0.0534,0.494,100.028,4,hip-hop,1,0.6931471805599453,0.0,0,1,0
51500,7KXjTSCq5nL1LoYtL7XAwS,Kendrick Lamar,DAMN.,HUMBLE.,84,177000,True,0.908,0.621,1,-6.638,0,0.102,0.000282,5.39e-05,0.0958,0.421,150.011,4,hip-hop,2,1.0986122886681098,0.0,0,2,0
51503,4woTEX1wYOTGDqNXuavlRC,Eminem;Dina Rae,The Eminem Show,Superman,86,350320,True,0.802,0.755,4,-3.138,0,0.0564,0.0215,0.0,0.295,0.58,130.027,4,hip-hop,1,0.6931471805599453,0.0,0,1,0
51508,27OeeYzk6klgBh83TSvGMA,The Kid LAROI,F*CK LOVE (SAVAGE),WITHOUT YOU,80,161384,True,0.662,0.413,0,-7.357,1,0.0299,0.213,0.0,0.134,0.467,93.005,4,hip-hop,1,0.6931471805599453,0.0,0,1,0
51652,7iL6o9tox1zgHpKUfh9vuC,50 Cent,Get Rich Or Die Tryin',In Da Club,83,193466,True,0.899,0.713,6,-2.752,0,0.366,0.255,0.0,0.0708,0.777,90.051,4,hip-hop,19,2.995732273553991,0.15789473684210525,3,19,0
51664,2tTmW7RDtMQtBk7m2rYeSw,Bizarrap;Quevedo,"Quevedo: Bzrp Music Sessions, Vol. 52","Quevedo: Bzrp Music Sessions, Vol. 52",99,198937,False,0.621,0.782,2,-5.548,1,0.044,0.0125,0.033,0.23,0.55,128.033,4,hip-hop,5,1.791759469228055,0.0,0,5,0
51752,2xLMifQCjDGFmkHkpNLD9h,Travis Scott,ASTROWORLD,SICKO MODE,83,312820,True,0.834,0.73,8,-3.714,1,0.222,0.00513,0.0,0.124,0.446,155.008,4,hip-hop,1,0.6931471805599453,0.0,0,1,0
51901,6DXLO8LndZMVOHM0wNbpzg,Don Omar;Lucenzo,Meet The Orphans,Danza Kuduro,74,198786,False,0.699,0.917,0,-4.897,1,0.115,0.078,0.0,0.065,0.889,130.04,4,hip-hop,1,0.6931471805599453,0.0,0,1,0
51939,1v7L65Lzy0j0vdpRjJewt1,Eminem,Just Lose It,"Lose Yourself - From ""8 Mile"" Soundtrack",79,322226,True,0.686,0.735,2,-4.616,1,0.264,0.00921,0.00066,0.342,0.0596,171.355,4,hip-hop,1,0.6931471805599453,0.0,0,1,0
52066,2KJOfVTxWkbtRMGByeEQ7V,Hank Williams;Drifting Cowboys,The Complete Hank Williams,Jambalaya (On The Bayou),49,172133,False,0.526,0.291,7,-10.694,1,0.0346,0.706,0.0,0.0651,0.886,164.02,4,honky-tonk,1,0.6931471805599453,0.0,0,1,0
52100,4RZFpgo4VzBjH5g7XCHo2l,Hank Williams;Drifting Cowboys,40 Greatest Hits,Lovesick Blues - Single Version,36,165240,False,0.776,0.197,0,-13.308,1,0.0467,0.95,7.39e-06,0.147,0.689,126.236,4,honky-tonk,1,0.6931471805599453,0.0,0,1,0
53830,1qRgEKIeSrMcS62Ji4g8VT,R3HAB;Jonas Blue;Ava Max;Kylie Cantrall,Sad Boy (feat. Ava Max & Kylie Cantrall),Sad Boy (feat. Ava Max & Kylie Cantrall),63,141204,False,0.717,0.692,1,-5.971,0,0.0723,0.0675,0.0,0.088,0.524,102.996,4,house,1,0.6931471805599453,0.0,0,1,0
53910,1HFfMOxCAT4GAwaPfCdmUs,Mr. Probz;Robin Schulz,Waves (Robin Schulz Radio Edit),Waves - Robin Schulz Radio Edit,77,208133,False,0.829,0.51,5,-9.334,0,0.0369,0.00821,0.00143,0.0829,0.45,119.994,4,house,2,1.0986122886681098,0.0,0,2,0
53963,5jyUBKpmaH670zrXrE0wmO,Sebastian Ingrosso;Tommy Trash;John Martin,Reload (Vocal Version / Radio Edit),Reload - Radio Edit,67,221272,False,0.485,0.724,9,-4.633,0,0.0521,0.0736,0.0,0.0631,0.433,128.045,4,house,1,0.6931471805599453,0.0,0,1,0
56034,3Wrjm47oTz2sjIgck11l5e,Måneskin,Chosen,Beggin',86,211560,False,0.714,0.8,11,-4.808,0,0.0504,0.127,0.0,0.359,0.589,134.002,4,indie-pop,3,1.3862943611198906,0.0,0,3,0
56057,4NZrZgrRoR4GwR7flWOXRI,Two Feet,First Steps,Go Fuck Yourself,77,129599,True,0.765,0.327,6,-8.029,1,0.277,0.571,0.0479,0.0787,0.292,74.931,4,indie-pop,2,1.0986122886681098,0.0,0,2,0
56113,3DamFFqW32WihKkTVlwTYQ,Owl City,Ocean Eyes,Fireflies,79,228346,False,0.512,0.662,3,-6.797,1,0.0439,0.0275,0.0,0.118,0.472,180.114,4,indie-pop,1,0.6931471805599453,0.0,0,1,0
56143,5Hroj5K7vLpIG4FNCRIjbP,American Authors,"Oh, What A Life",Best Day Of My Life,79,194240,False,0.673,0.902,2,-2.392,1,0.0346,0.0591,0.000262,0.0558,0.538,100.012,4,indie-pop,38,3.6635616461296463,0.07894736842105263,3,38,0
56161,3aauaXWRgwCMoykMbI0Jq1,Two Feet,A 20 Something Fuck,I Feel Like I'm Drowning,78,185520,False,0.717,0.577,8,-5.436,1,0.0491,0.708,0.00428,0.0899,0.235,104.927,3,indie-pop,1,0.6931471805599453,0.0,0,1,0
56201,6MiVIH3fQlmz44jGx2DXn4,Two Feet,Love Is a Bitch,Love Is a Bitch,76,181466,True,0.532,0.178,9,-9.754,0,0.0541,0.614,0.14,0.0985,0.103,149.879,3,indie-pop,3,1.3862943611198906,0.0,0,3,0
56574,0vCTQcxSGAgjHaiAsIANKn,Owl City,Ocean Eyes (Deluxe Version),Vanilla Twilight,62,231706,False,0.582,0.529,11,-7.637,1,0.0248,0.00961,0.000554,0.113,0.567,166.134,4,indie-pop,1,0.6931471805599453,0.0,0,1,0
56608,1170VohRSx6GwE6QDCHPPH,The Backseat Lovers,When We Were Friends,Kilby Girl,78,282205,False,0.329,0.444,1,-9.973,1,0.0417,0.0578,0.0352,0.113,0.225,162.279,4,indie-pop,12,2.5649493574615367,0.0,0,12,0
56714,5dUFfk2cwD8GiJPS03mYN0,Vampire Weekend,Vampire Weekend,Campus,64,176466,False,0.639,0.704,7,-5.818,1,0.0659,0.22,0.0872,0.0849,0.645,162.983,4,indie-pop,11,2.4849066497880004,0.09090909090909091,1,11,0
56827,6zDs6zI94L761vd0cVScTT,American Authors,What We Live For,I'm Born To Run,66,206920,False,0.62,0.93,8,-5.615,1,0.0486,0.0662,0.0,0.0788,0.675,126.041,4,indie-pop,30,3.4339872044851463,0.0,0,30,0
56981,5L95vS64rG1YMIFm1hLjyZ,Bleachers,Strange Desire,Rollercoaster,66,188866,False,0.421,0.79,10,-6.227,1,0.0538,0.00205,0.000309,0.148,0.279,162.024,4,indie-pop,1,0.6931471805599453,0.0,0,1,0
57317,7w87IxuO7BDcJ3YUqCyMTT,Foster The People,Torches,Pumped Up Kicks,84,239600,False,0.733,0.71,5,-5.849,0,0.0292,0.145,0.115,0.0956,0.965,127.975,4,indie,3,1.3862943611198906,0.6666666666666666,2,3,1
57646,2HReNSxrMRcJ0cYMzKAJK6,Arctic Monkeys,The Car,Jet Skis On The Moat,0,197576,False,0.651,0.244,7,-11.925,1,0.0544,0.856,0.00165,0.0895,0.395,149.759,3,indie,1,0.6931471805599453,0.0,0,1,0
57700,1SHB1hp6267UK9bJQUxYvO,Molchat Doma,Этажи,Судно (Борис Рижий),75,141394,False,0.484,0.75,1,-4.176,1,0.0685,0.697,0.862,0.105,0.467,159.992,4,indie,1,0.6931471805599453,0.0,0,1,0
60002,5NQbUaeTEOGdD6hHcre0dZ,Fetty Wap;Remy Boyz,679 (feat. Remy Boyz),679 (feat. Remy Boyz),74,196693,True,0.618,0.717,7,-5.738,1,0.318,0.00256,0.0,0.625,0.603,190.05,4,j-dance,4,1.6094379124341003,1.0,4,4,1
60009,1WoOzgvz6CgH4pX6a1RKGp,Fetty Wap;Monty,Fetty Wap (Deluxe),My Way (feat. Monty),66,213053,True,0.748,0.741,6,-3.103,1,0.0531,0.00419,0.0,0.147,0.537,128.077,4,j-dance,1,0.6931471805599453,0.0,0,1,0
62215,3lyLqIn8mybyEFTs8JJaLf,Michael Bublé,It's Time,Home,71,225906,False,0.608,0.37,7,-9.207,1,0.0306,0.844,1.87e-05,0.112,0.349,127.631,4,j-pop,1,0.6931471805599453,0.0,0,1,0
62334,4T6HLdP6OcAtqC6tGnQelG,Michael Bublé,Call Me Irresponsible,Everything,71,212373,False,0.686,0.688,6,-4.981,0,0.0254,0.39,1.03e-06,0.0924,0.493,123.125,4,j-pop,1,0.6931471805599453,0.0,0,1,0
62444,7zkLpY72g6lKQbiHDqri1S,Norah Jones,Feels Like Home,Sunrise,73,200626,False,0.526,0.299,8,-13.797,1,0.031,0.941,0.097,0.106,0.679,156.848,4,j-pop,1,0.6931471805599453,0.0,0,1,0
62759,5a1iz510sv2W9Dt1MvFd5R,Michael Bublé,Christmas (Deluxe Special Edition),It's Beginning to Look a Lot like Christmas,67,206639,False,0.339,0.214,4,-11.714,1,0.0375,0.908,7.47e-06,0.341,0.363,94.775,3,j-pop,7,2.0794415416798357,0.0,0,7,0
63357,3KzgdYUlqV6TOG7JCmx2Wg,Bobby Darin,That's All,Beyond the Sea,68,172480,False,0.521,0.516,2,-7.456,0,0.0369,0.723,0.0,0.257,0.569,136.483,4,j-rock,47,3.871201010907891,0.0,0,47,0
63711,6XK6Zw6JkFsHXzAcMWNiIr,Rusted Root,When I Woke,Send Me On My Way,68,263360,False,0.5,0.704,0,-8.797,1,0.0695,0.125,1.79e-05,0.138,0.722,119.463,4,j-rock,39,3.6888794541139363,0.0,0,39,0
63721,75GQIYnRaBg7ndHxhfYuQy,Raspberries,Raspberries,Go All The Way,62,205346,False,0.305,0.849,9,-4.892,1,0.0999,0.548,0.000134,0.0995,0.555,134.287,4,j-rock,5,1.791759469228055,0.0,0,5,0
63917,1VrIr1toXX6bOSdotodB71,Badfinger,No Dice (Remastered 2010 / Deluxe Edition),Without You - Remastered 2010,53,283493,False,0.558,0.339,6,-10.393,1,0.0274,0.429,2.75e-06,0.16,0.309,135.235,4,j-rock,10,2.3978952727983707,0.1,1,10,0
64501,4QxDOjgpYtQDxxbWPuEJOy,Nat King Cole,L-O-V-E,L-O-V-E,71,155306,False,0.425,0.373,4,-7.543,1,0.0801,0.686,0.0,0.077,0.663,78.231,4,jazz,1,0.6931471805599453,0.0,0,1,0
64714,1YQWosTIljIvxAgHWTp7KP,The Dave Brubeck Quartet,Time Out,Take Five,66,324133,False,0.454,0.26,8,-13.193,0,0.0401,0.539,0.00078,0.0675,0.598,174.322,5,jazz,4,1.6094379124341003,0.0,0,4,0
64730,5vEopnR9F4viOgBg0agaOD,Beny Moré,RCA 100 Años De Musica,¿Cómo Fue?,44,175040,False,0.578,0.269,1,-11.073,1,0.0405,0.781,0.243,0.102,0.421,98.515,4,jazz,1,0.6931471805599453,0.0,0,1,0
64814,2uFaJJtFpPDc5Pa95XzTvg,Dean Martin,A Winter Romance,Let It Snow! Let It Snow! Let It Snow!,68,117146,False,0.451,0.24,1,-14.014,1,0.0351,0.912,2.45e-06,0.175,0.701,134.009,4,jazz,16,2.833213344056216,0.0,0,16,0
64863,4vLYewWIvqHfKtJDk8c8tq,Miles Davis;John Coltrane;Cannonball Adderley;Bill Evans,Kind Of Blue (Legacy Edition),"So What (feat. John Coltrane, Cannonball Adderley & Bill Evans)",61,562640,False,0.532,0.151,0,-17.266,1,0.0376,0.706,0.00136,0.116,0.211,136.759,4,jazz,3,1.3862943611198906,0.3333333333333333,1,3,0
64865,7dlLvLDyVH7D7wvoaMuHVE,Tony Bennett,A Swingin' Christmas Featuring The Count Basie Big Band,Winter Wonderland,39,149426,False,0.653,0.495,3,-7.803,1,0.0351,0.529,0.0,0.116,0.448,126.58,4,jazz,1,0.6931471805599453,0.0,0,1,0
64909,4nbILrYODP667b3d66ZMzI,Dean Martin,"Hey, Brother Pour The Wine",Sway (Quien Sera),59,162960,False,0.601,0.239,2,-12.175,0,0.0384,0.727,1.43e-06,0.0748,0.569,120.036,4,jazz,1,0.6931471805599453,0.0,0,1,0
64911,0aWMVrwxPNYkKmFthzmpRi,Miles Davis;John Coltrane;Bill Evans,Kind Of Blue (Legacy Edition),Blue in Green (feat. John Coltrane & Bill Evans),63,337733,False,0.421,0.0162,2,-25.358,0,0.0388,0.808,0.0024,0.0978,0.154,110.479,4,jazz,2,1.0986122886681098,0.0,0,2,0
67050,6habFhsOp2NvshLv26DqMb,Luis Fonsi;Daddy Yankee,VIDA,Despacito,80,229360,False,0.655,0.797,2,-4.787,1,0.153,0.198,0.0,0.067,0.839,177.928,4,latin,1,0.6931471805599453,0.0,0,1,0
67301,6rPO02ozF3bM7NnOV4h6s2,Luis Fonsi;Daddy Yankee;Justin Bieber,Despacito Feat. Justin Bieber (Remix),Despacito - Remix,72,228826,False,0.653,0.816,2,-4.353,1,0.167,0.228,0.0,0.0967,0.816,178.085,4,latin,4,1.6094379124341003,0.0,0,4,0
67351,4ipnJyDU3Lq15qBAYNqlqK,J Balvin;Willy William,Mi Gente,Mi Gente,70,189440,False,0.774,0.687,11,-4.818,0,0.0584,0.0179,1.17e-05,0.128,0.308,104.959,4,latin,3,1.3862943611198906,0.0,0,3,0
67352,5gflgO9EPbIBf16n5TKnQS,Zion & Lennox,Motivando a la Yal,Yo Voy (feat. Daddy Yankee),84,232019,False,0.808,0.697,10,-5.899,1,0.241,0.041,0.0,0.0546,0.554,95.06,4,latin,1,0.6931471805599453,0.0,0,1,0
67353,228BxWXUYQPJrJYHDLOHkj,Daddy Yankee,Barrio Fino (Bonus Track Version),Gasolina,82,192600,False,0.852,0.797,0,-6.543,1,0.0614,0.322,2.69e-06,0.0845,0.741,96.008,4,latin,4,1.6094379124341003,1.0,4,4,1
67354,5fwSHlTEWpluwOM0Sxnh5k,Farruko,Pepas,Pepas,86,287120,True,0.762,0.766,7,-3.955,1,0.0343,0.00776,6.98e-05,0.128,0.442,130.001,4,latin,16,2.833213344056216,0.0,0,16,0
67358,6Sq7ltF9Qa7SNFBsV5Cogx,Bad Bunny;Chencho Corleone,Un Verano Sin Ti,Me Porto Bonito,97,178567,True,0.911,0.712,1,-5.105,0,0.0817,0.0901,2.68e-05,0.0933,0.425,92.005,4,latin,1,0.6931471805599453,0.0,0,1,0
67359,1IHWl5LamUGEuP4ozKQSXZ,Bad Bunny,Un Verano Sin Ti,Tití Me Preguntó,97,243716,False,0.65,0.715,5,-5.198,0,0.253,0.0993,0.000291,0.126,0.187,106.672,4,latin,1,0.6931471805599453,0.0,0,1,0
67450,116H0KvKr2Zl4RPuVBruDO,Bad Bunny;Drake,MIA (feat. Drake),MIA (feat. Drake),79,210367,False,0.817,0.539,6,-6.349,0,0.0621,0.0141,0.000496,0.099,0.158,97.062,4,latin,1,0.6931471805599453,0.0,0,1,0
67452,7COfe3P7KgfwDwIRB8LIDw,J Balvin;Willy William,Vibras,Mi Gente,72,185040,False,0.548,0.704,11,-4.838,0,0.0777,0.0168,2.25e-05,0.143,0.288,104.666,4,latin,1,0.6931471805599453,0.0,0,1,0
67500,3k3NWokhRRkEPhCzPmV8TW,Bad Bunny;Bomba Estéreo,Un Verano Sin Ti,Ojitos Lindos,95,258298,False,0.647,0.686,3,-5.745,0,0.0413,0.08,1.34e-06,0.528,0.268,79.928,4,latin,8,2.1972245773362196,0.0,0,8,0
67552,2BEcap3xJtmiPaHKyfQi4e,Rvssian;Rauw Alejandro;Chris Brown,Nostálgico,Nostálgico,80,209883,True,0.734,0.846,9,-3.425,0,0.0489,0.166,1.74e-06,0.235,0.604,98.026,4,latin,1,0.6931471805599453,0.0,0,1,0
67555,1q0PYXTbDsirp2l74ng6pn,J Balvin;Skrillex,JOSE,In Da Getto,70,130666,False,0.924,0.723,8,-3.142,1,0.0466,0.0177,2.61e-05,0.113,0.643,126.998,4,latin,2,1.0986122886681098,0.0,0,2,0
67556,6KuqAtoeVzxAYOaMveLNpH,Daddy Yankee,Dura,Dura,72,200480,False,0.783,0.84,1,-3.416,1,0.051,0.174,0.0,0.412,0.839,95.001,4,latin,3,1.3862943611198906,0.0,0,3,0
67559,5Eax0qFko2dh7Rl2lYs3bx,Bad Bunny,Un Verano Sin Ti,Efecto,96,213061,False,0.801,0.475,7,-8.797,0,0.0516,0.141,1.73e-05,0.0639,0.234,98.047,4,latin,2,1.0986122886681098,0.0,0,2,0
67802,5cpJFiNwYyWwFLH0V6B3N8,Ozuna;Doja Cat;Sia,Enoc,Del Mar,75,214506,True,0.759,0.636,6,-5.585,1,0.0369,0.0224,0.000143,0.166,0.536,109.976,4,latin,1,0.6931471805599453,0.0,0,1,0
67804,5iwz1NiezX7WWjnCgY5TH4,Pedro Capó;Farruko,Calma (Remix),Calma - Remix,74,238200,False,0.826,0.773,11,-4.218,0,0.0524,0.323,0.0,0.143,0.761,126.899,4,latin,3,1.3862943611198906,0.0,0,3,0
67822,0ctucPlIsYbNGeQuZUAQFe,Juan Gabriel;Juanes,Los Dúo - Colección Completa (Vol. 1 + Vol. 2),Querida,56,295266,False,0.427,0.586,0,-5.325,1,0.0286,0.324,0.0,0.0818,0.509,178.058,4,latin,2,1.0986122886681098,0.5,1,2,1
67863,7qCAVkHWZkF44OzOUKf8Cr,Nicky Jam;Enrique Iglesias,Fénix,El Perdón (with Enrique Iglesias),74,205906,False,0.628,0.69,8,-5.83,1,0.0511,0.443,0.0,0.113,0.66,179.908,4,latin,1,0.6931471805599453,0.0,0,1,0
67867,1zsPaEkglFvxjAhrM8yhpr,Ozuna;Feid,OzuTochi,Hey Mor,76,196600,False,0.901,0.589,1,-6.713,0,0.289,0.00302,0.000237,0.0992,0.399,98.002,4,latin,2,1.0986122886681098,0.0,0,2,0
67898,4sZ7ET95FXAwUITNwh60bj,Intocable,14 Grandes Exitos,Fuerte No Soy,54,267533,False,0.66,0.441,11,-11.02,0,0.0364,0.152,0.000267,0.0808,0.449,125.663,4,latin,1,0.6931471805599453,0.0,0,1,0
67903,4MzXwWMhyBbmu6hOcLVD49,Bad Bunny;Jhay Cortez,EL ÚLTIMO TOUR DEL MUNDO,DÁKITI,80,205090,True,0.731,0.573,4,-10.059,0,0.0544,0.401,5.22e-05,0.113,0.145,109.928,4,latin,4,1.6094379124341003,0.0,0,4,0
67906,4DHDIdeayp8xvlyg22wREO,Natti Natasha;Becky G,Ram Pam Pam,Ram Pam Pam,69,200785,True,0.908,0.813,5,-2.749,0,0.0777,0.305,0.0,0.278,0.924,97.018,4,latin,1,0.6931471805599453,0.0,0,1,0
67908,3pDhN3qB33AOPhQEkUCaWt,Daddy Yankee,Prestige,Limbo,75,224693,False,0.806,0.875,7,-3.817,1,0.088,0.0838,0.00192,0.065,0.917,125.063,4,latin,2,1.0986122886681098,0.0,0,2,0
67909,7nKBxz47S9SD79N086fuhn,Enrique Iglesias;Descemer Bueno;Zion & Lennox,SUBEME LA RADIO (feat. Descemer Bueno & Zion & Lennox),SUBEME LA RADIO (feat. Descemer Bueno & Zion & Lennox),70,207680,False,0.688,0.822,0,-3.304,1,0.0537,0.0642,0.0,0.241,0.66,91.011,4,latin,1,0.6931471805599453,0.0,0,1,0
67953,2WOg6FT27iLtN8wetk69nP,Enrique Iglesias;Usher,Euphoria,Dirty Dancer,55,214453,False,0.651,0.939,11,-3.606,1,0.0774,0.00604,0.0,0.139,0.733,133.05,4,latin,1,0.6931471805599453,0.0,0,1,0
67956,6x4tKaOzfNJpEJHySoiJcs,Lou Bega,A Little Bit of Mambo,Mambo No. 5 (a Little Bit of...),77,220293,False,0.622,0.807,5,-6.752,0,0.408,0.103,0.0,0.306,0.892,174.06,4,latin,3,1.3862943611198906,0.0,0,3,0
68553,4tYFy8ALRjIZvnvSLw5lxN,Bad Bunny;Rauw Alejandro,Un Verano Sin Ti,Party,90,227628,False,0.829,0.799,9,-5.389,1,0.0897,0.0151,0.000543,0.242,0.471,97.013,4,latino,1,0.6931471805599453,0.0,0,1,0
68600,0fea68AdmYNygeTGI4RC18,J Balvin;Bad Bunny,OASIS,LA CANCIÓN,88,242573,False,0.754,0.646,7,-5.795,1,0.317,0.152,1.85e-05,0.108,0.429,176.089,4,latino,3,1.3862943611198906,0.0,0,3,0
68601,0EhpEsp4L0oRGM0vmeaN5e,J Balvin;Dua Lipa;Bad Bunny;Tainy,UN DIA (ONE DAY) (Feat. Tainy),UN DIA (ONE DAY) (Feat. Tainy),75,232253,False,0.571,0.693,6,-8.234,0,0.0545,0.00536,0.0,0.173,0.393,168.169,4,latino,1,0.6931471805599453,0.0,0,1,0
68602,2JPLbjOn0wPCngEot2STUS,Bad Bunny,Yonaguni,Yonaguni,87,206710,True,0.644,0.648,1,-4.601,1,0.118,0.276,0.0,0.135,0.44,179.951,4,latino,4,1.6094379124341003,0.0,0,4,0
68603,2XIc1pqjXV3Cr2BQUGNBck,Bad Bunny;ROSALÍA,EL ÚLTIMO TOUR DEL MUNDO,LA NOCHE DE ANOCHE,82,203200,False,0.856,0.618,7,-4.892,1,0.286,0.0303,0.0,0.0866,0.391,81.993,4,latino,1,0.6931471805599453,0.0,0,1,0
68605,4fSIb4hdOQ151TILNsSEaF,Rauw Alejandro,Todo De Ti,Todo De Ti,82,199604,True,0.78,0.718,3,-3.605,0,0.0506,0.31,0.000163,0.0932,0.342,127.949,4,latino,1,0.6931471805599453,0.0,0,1,0
68607,2ksOAxtIxY8yElEWw8RhgK,Anuel AA;Daddy Yankee;KAROL G;J Balvin;Ozuna,China,China,76,301714,False,0.786,0.808,7,-3.702,1,0.0882,0.0846,0.000289,0.0822,0.609,105.027,4,latino,5,1.791759469228055,0.0,0,5,0
68609,1yoMvmasuxZfqHEipJhRbp,Maluma,PAPI JUANCHO,Hawái,77,199112,False,0.783,0.727,6,-3.454,0,0.389,0.185,2.46e-05,0.0626,0.558,180.067,4,latino,2,1.0986122886681098,0.0,0,2,0
68650,3V8UKqhEK5zBkBb6d6ub8i,Nio Garcia;Casper Magico;Bad Bunny;Darell;Ozuna;Nicky Jam,Te Boté (Remix),Te Boté - Remix,78,417920,True,0.903,0.675,11,-3.445,0,0.214,0.542,1.28e-05,0.0595,0.442,96.507,4,latino,3,1.3862943611198906,0.0,0,3,0
68652,4BxzNZpcm1j3JczZzGNe2k,Don Omar;Tego Calderón,The Fast And The Furious: Tokyo Drift (Original Motion Picture Soundtrack),Bandoleros,70,305280,False,0.662,0.896,5,-5.311,0,0.251,0.318,0.0,0.186,0.79,90.622,4,latino,1,0.6931471805599453,0.0,0,1,0
68656,2FqoR7diymD1Eh7cVb3DMg,Wisin & Yandel;Chris Brown;T-Pain,Líderes,Algo Me Gusta De Ti,76,274946,False,0.627,0.768,11,-5.296,0,0.0325,0.00291,0.0,0.0598,0.237,127.953,4,latino,3,1.3862943611198906,0.0,0,3,0
68657,6Za3190Sbw39BBC77WSS1C,Natti Natasha;Ozuna,Criminal,Criminal,75,232549,False,0.814,0.813,2,-3.023,0,0.0561,0.03,9.33e-05,0.255,0.839,79.997,4,latino,1,0.6931471805599453,0.0,0,1,0
68700,4R8BJggjosTswLxtkw8V7P,Jhayco;J Balvin;Bad Bunny,Famouz,No Me Conoce - Remix,82,309120,False,0.806,0.786,10,-3.831,0,0.0741,0.145,0.0,0.0935,0.58,91.973,4,latino,2,1.0986122886681098,0.0,0,2,0
68701,4gzsuuZypVbxs0Af1LSZyB,Tainy;Bad Bunny;Julieta Venegas,Lo Siento BB:/ (with Bad Bunny & Julieta Venegas),Lo Siento BB:/ (with Bad Bunny & Julieta Venegas),87,207301,False,0.639,0.703,4,-6.33,0,0.0794,0.0889,1.78e-06,0.0865,0.138,169.888,4,latino,1,0.6931471805599453,0.0,0,1,0
68702,2TH65lNHgvLxCKXM3apjxI,Bad Bunny;Tainy,Callaita,Callaita,80,250533,True,0.61,0.624,2,-4.773,1,0.309,0.6,2.12e-06,0.243,0.244,176.169,4,latino,5,1.791759469228055,0.0,0,5,0
68705,6hf0RpxTbOprT5nnwzkk8e,J Balvin;Maria Becerra,Qué Más Pues?,Qué Más Pues?,76,217773,False,0.891,0.819,8,-3.964,1,0.106,0.0261,0.000354,0.173,0.768,101.968,4,latino,2,1.0986122886681098,0.0,0,2,0
68715,1RouRzlg8OKFeqc6LvdxmB,Maluma,F.A.M.E.,Felices los 4,74,230000,False,0.766,0.756,5,-5.861,1,0.132,0.213,0.0,0.349,0.716,94.027,4,latino,1,0.6931471805599453,0.0,0,1,0
68718,7gcMKL3lnDxsp4bIXyv6Zk,Daddy Yankee,Shaky Shaky,Shaky Shaky,65,234320,False,0.899,0.626,6,-4.228,0,0.292,0.076,0.0,0.0631,0.873,88.007,4,latino,1,0.6931471805599453,0.0,0,1,0
68730,6RyaV7owmVU6fzEPE17sF1,Daddy Yankee,Que Tire Pa Lante,Que Tire Pa Lante,69,210520,False,0.658,0.901,7,-2.814,1,0.0357,0.0478,0.0,0.12,0.708,93.979,4,latino,2,1.0986122886681098,0.0,0,2,0
68734,4Xtlw8oXkIOvzV7crUBKeZ,Daddy Yankee,Barrio Fino En Directo,Rompe,74,188626,True,0.696,0.858,9,-5.155,1,0.0859,0.0727,3.19e-06,0.0631,0.533,176.061,4,latino,1,0.6931471805599453,0.0,0,1,0
68751,25ZAibhr3bdlMCLmubZDVt,J Balvin;Bad Bunny,OASIS,QUE PRETENDES,81,222346,False,0.639,0.791,10,-4.443,0,0.253,0.0275,0.0,0.362,0.939,92.603,4,latino,1,0.6931471805599453,0.0,0,1,0
68755,7KbF6AdprOXEEHlsq11Z6d,Maluma,11:11,11 PM,75,175733,False,0.777,0.712,10,-4.84,1,0.277,0.217,0.0,0.091,0.68,95.692,4,latino,4,1.6094379124341003,0.0,0,4,0
68756,0E0DRHf5PfMeor0ZCwB3oT,Bad Bunny;The Marías,Un Verano Sin Ti,Otro Atardecer,85,244444,False,0.777,0.595,2,-6.79,1,0.0375,0.59,0.00139,0.0669,0.546,108.02,4,latino,3,1.3862943611198906,0.0,0,3,0
68759,0SqqAgdovOE24BzxIClpjw,Bad Bunny,YHLQMDLG,Yo Perreo Sola,79,172127,False,0.86,0.758,11,-5.16,1,0.0695,0.021,6.54e-05,0.344,0.453,97.014,4,latino,1,0.6931471805599453,0.0,0,1,0
68762,6D2TCm4nf5nxAcdGJ7w3QP,J Balvin;Maria Becerra,JOSE,Qué Más Pues?,77,217360,False,0.903,0.817,8,-3.972,1,0.095,0.0272,0.000311,0.242,0.732,102.014,4,latino,2,1.0986122886681098,0.0,0,2,0
68763,6ifUES3keWjwXgae8pXI3o,Danny Ocean,54+1,Me Rehúso,80,205714,False,0.744,0.804,1,-6.327,1,0.0677,0.0231,0.0,0.0494,0.426,104.823,4,latino,2,1.0986122886681098,0.0,0,2,0
68764,5cepAtqnEQ6yVG6088zMMu,Maluma;Nego do Borel,F.A.M.E.,Corazón (feat. Nego do Borel),69,184720,False,0.722,0.738,9,-6.073,0,0.247,0.328,1.47e-05,0.198,0.748,198.075,4,latino,1,0.6931471805599453,0.0,0,1,0
68769,6PDlkWmrq2ZKiUuFt2aQsH,Justin Quiles;Chimbala;Zion & Lennox,Loco,Loco,76,231603,False,0.77,0.899,8,-2.981,1,0.0494,0.222,1.14e-06,0.0894,0.851,128.05,4,latino,2,1.0986122886681098,0.0,0,2,0
68772,4HzqWEdAbzcVFDv0pvxV4w,Maluma,Sobrio,Sobrio,81,201180,False,0.762,0.77,5,-2.758,1,0.223,0.138,0.0,0.15,0.631,177.998,4,latino,4,1.6094379124341003,0.0,0,4,0
68800,2vmfvSoZBFAt9hhRoEByLi,Aventura;Bad Bunny,Volví,Volví,83,230125,True,0.725,0.86,1,-3.726,1,0.182,0.422,0.000284,0.0674,0.791,175.896,4,latino,4,1.6094379124341003,0.0,0,4,0
68801,7CtbxAGq2P0jtYh6SH9DMR,Tainy;J Balvin,The SpongeBob Movie: Sponge On The Run (Original Motion Picture Soundtrack),Agua (with J Balvin),69,159665,False,0.778,0.651,9,-5.421,0,0.266,0.167,0.0,0.177,0.569,100.094,4,latino,1,0.6931471805599453,0.0,0,1,0
68802,0G2zPzWqVjR68iNPmx2TBe,Mora;Bad Bunny;Sech,Volando (Remix),Volando - Remix,83,273474,True,0.659,0.688,6,-4.649,1,0.0673,0.207,0.0,0.113,0.632,153.979,4,latino,2,1.0986122886681098,0.0,0,2,0
68805,4uoR6qeWeuL4Qeu2qJzkuG,Maluma,Hawái,Hawái,76,200197,False,0.787,0.728,6,-3.455,0,0.389,0.189,2.29e-05,0.0629,0.545,180.066,4,latino,2,1.0986122886681098,0.0,0,2,0
68806,3JCaq3KDSROg3TXhdiDa9n,Jhayco;Anuel AA,Timelezz,Ley Seca,77,263253,False,0.759,0.842,8,-3.758,1,0.096,0.101,0.0,0.134,0.584,105.059,4,latino,2,1.0986122886681098,0.0,0,2,0
68808,5PXsZaT8cOxb4mXrA20PMQ,Ozuna,Nibiru,Baila Baila Baila,70,158760,False,0.837,0.626,11,-5.674,0,0.152,0.0588,0.0,0.252,0.592,99.987,4,latino,2,1.0986122886681098,0.0,0,2,0
68809,23WI5V2eD4EyGKxSl7Pyeq,Chino & Nacho;Daddy Yankee,Andas En Mi Cabeza,Andas En Mi Cabeza,74,247493,False,0.671,0.954,9,-1.87,1,0.13,0.0244,0.0,0.111,0.556,104.114,4,latino,5,1.791759469228055,0.0,0,5,0
68810,6Ges5C2IE738iJh4HyQizQ,J Balvin,La Familia B Sides,Ay Vamos,69,226413,False,0.718,0.711,8,-5.746,0,0.11,0.157,5.54e-05,0.1,0.92,173.916,4,latino,3,1.3862943611198906,0.0,0,3,0
68811,1m69ELEgE6k5ZWsap40ozt,Ozuna,Odisea,Se Preparó,75,188080,False,0.739,0.821,1,-4.233,1,0.0852,0.222,9.6e-06,0.311,0.693,171.077,4,latino,2,1.0986122886681098,0.0,0,2,0
68812,4HYDUMY0xSpeBr0AMY9cUz,Jay Wheeler;DJ Nelson;Myke Towers,Platonicos,La Curiosidad,80,219048,False,0.845,0.677,11,-4.798,0,0.136,0.269,0.000917,0.108,0.68,90.013,4,latino,4,1.6094379124341003,0.0,0,4,0
68816,5kVZxyMY1gfdCLiChsfjn1,Bad Bunny,Un Verano Sin Ti,Yo No Soy Celoso,85,230704,True,0.872,0.588,0,-6.276,1,0.0492,0.275,0.0,0.17,0.93,142.004,4,latino,3,1.3862943611198906,0.0,0,3,0
68819,6zEgnpM0qYmHLDnh8WPejL,J Balvin,Colores,Amarillo,69,157733,False,0.641,0.857,1,-5.725,0,0.301,0.013,0.00534,0.0695,0.961,122.728,5,latino,1,0.6931471805599453,0.0,0,1,0
68850,5DxXgozhkPLgrbKFY91w0c,Bad Bunny,Vete,Vete,79,192024,True,0.886,0.672,1,-4.394,1,0.188,0.0363,8.78e-06,0.101,0.526,91.976,4,latino,2,1.0986122886681098,0.0,0,2,0
68851,5W83ErFkO3aKAIS1WMi6u0,Anuel AA;KAROL G,Secreto,Secreto,75,258800,False,0.807,0.803,11,-4.156,1,0.126,0.602,0.00853,0.136,0.706,91.987,4,latino,2,1.0986122886681098,0.0,0,2,0
68858,3umS4y3uQDkqekNjVpiRUs,Nicky Jam,Fénix,El Amante,69,219506,False,0.683,0.691,8,-5.535,1,0.0432,0.243,0.0,0.14,0.732,179.91,4,latino,2,1.0986122886681098,0.0,0,2,0
68859,5q2JbCNi4FcnglgPfxcV65,Anuel AA;Daddy Yankee;Zion & Lennox;Farruko;Wisin,Sola (Remix),Sola (Remix),78,307910,False,0.639,0.869,11,-4.024,1,0.147,0.27,0.0,0.0802,0.767,169.801,4,latino,3,1.3862943611198906,0.0,0,3,0
68869,4tPL9PeVZY4c0jUPtSD5nx,Joey Montana,Picky Back To The Roots,Picky,66,182746,False,0.783,0.748,8,-4.683,1,0.0892,0.147,0.0,0.173,0.806,93.222,4,latino,2,1.0986122886681098,0.0,0,2,0
68903,41wtwzCZkXwpnakmwJ239F,Bad Bunny,YHLQMDLG,Si Veo a Tu Mamá,82,170971,False,0.9,0.603,2,-5.313,1,0.0646,0.402,4.81e-06,0.134,0.824,129.928,4,latino,1,0.6931471805599453,0.0,0,1,0
68905,6De0lHrwBfPfrhorm9q1Xl,Danny Ocean,Me Rehúso,Me Rehúso,77,205714,False,0.744,0.804,1,-6.327,1,0.0677,0.0231,0.0,0.0494,0.426,104.823,4,latino,1,0.6931471805599453,0.0,0,1,0
68906,05bfbizlM5AX6Mf1RRyMho,Nio Garcia;J Balvin;Bad Bunny,AM Remix,AM Remix,79,261334,True,0.743,0.655,6,-5.015,0,0.159,0.114,0.0,0.0764,0.785,172.031,4,latino,5,1.791759469228055,0.0,0,5,0
68907,2DEZmgHKAvm41k4J3R2E9Y,Bad Bunny;Jowell & Randy;Ñengo Flow,YHLQMDLG,Safaera,80,295176,True,0.607,0.829,2,-4.074,1,0.379,0.0103,0.0,0.107,0.685,96.172,4,latino,2,1.0986122886681098,0.0,0,2,0
68919,7F7kL3i6SDEIbDcoJZGiig,Daddy Yankee,Sígueme Y Te Sigo,Sígueme Y Te Sigo,66,209786,False,0.736,0.878,1,-3.604,0,0.0428,0.069,6.39e-05,0.756,0.663,100.025,4,latino,2,1.0986122886681098,0.0,0,2,0
68953,6NfrH0ANGmgBXyxgV2PeXt,Bad Bunny,YHLQMDLG,La Difícil,80,163084,True,0.685,0.848,8,-4.561,0,0.0858,0.0861,7.14e-06,0.0783,0.761,179.87,4,latino,1,0.6931471805599453,0.0,0,1,0
68958,0FDMH2ahuIVzCybwHJK9zh,Anuel AA,Real Hasta la Muerte,Quiere Beber,71,187125,False,0.773,0.57,8,-3.482,1,0.113,0.372,0.00524,0.108,0.772,95.038,4,latino,1,0.6931471805599453,0.0,0,1,0
68961,1LIqNVhaIgxXUt2eVoIQJ3,Maluma,11:11,HP,72,184435,True,0.837,0.791,4,-3.157,0,0.0773,0.252,1.14e-06,0.188,0.618,91.98,4,latino,1,0.6931471805599453,0.0,0,1,0
68968,4r9jkMEnArtWGH2rL2FZl0,Bad Bunny,YHLQMDLG,A Tu Merced,83,175918,False,0.86,0.791,0,-4.784,1,0.0568,0.169,0.000106,0.106,0.887,92.023,4,latino,2,1.0986122886681098,0.0,0,2,0
71108,37ZJ0p5Jm13JPevGcx4SkF,Bon Jovi,Slippery When Wet,Livin' On A Prayer,85,249293,False,0.532,0.887,0,-3.757,1,0.0335,0.0778,0.000214,0.294,0.795,122.511,4,metal,1,0.6931471805599453,0.0,0,1,0
71781,0uppYCG86ajpV2hSR3dJJ0,Red Hot Chili Peppers,Blood Sugar Sex Magik (Deluxe Edition),Give It Away,73,282906,False,0.666,0.936,7,-9.919,1,0.0476,0.00244,0.086,0.153,0.776,91.577,4,metal,38,3.6635616461296463,0.02631578947368421,1,38,0
71788,1wsRitfRRtWyEapl0q22o8,Rage Against The Machine,The Battle Of Los Angeles,Guerrilla Radio,71,206200,True,0.599,0.957,11,-5.764,1,0.188,0.0129,7.06e-05,0.155,0.489,103.68,4,metal,1,0.6931471805599453,0.0,0,1,0
71818,0BRHnOFm6sjxN1i9LJrUDu,Good Charlotte,The Young and The Hopeless,The Anthem,74,175093,False,0.494,0.939,1,-3.127,1,0.126,0.00666,0.0,0.139,0.893,177.751,4,metal,26,3.295836866004329,0.0,0,26,0
71871,1ndGB6rvxKYN9seCYO1dTF,Red Hot Chili Peppers,By the Way (Deluxe Edition),The Zephyr Song,71,231933,False,0.725,0.803,2,-4.083,1,0.0337,0.013,3.66e-05,0.0891,0.403,117.391,4,metal,1,0.6931471805599453,0.0,0,1,0
71923,7Gpr3kKk4BMgItz6UbI73q,Red Hot Chili Peppers,Californication,Road Trippin',66,204960,False,0.378,0.474,4,-8.202,0,0.0271,0.28,0.00138,0.117,0.38,102.379,4,metal,1,0.6931471805599453,0.0,0,1,0
73285,031AIGrfnhZYJxegTuYw9W,Solomun,Kackvogel,Kackvogel - Original Mix,46,448005,False,0.875,0.745,7,-10.156,1,0.0466,0.208,0.449,0.0749,0.365,117.995,4,minimal-techno,1,0.6931471805599453,0.0,0,1,0
73382,5tE6O5aR5b7krAkQnPrkYC,Solomun,Dance Baby,Hypnotize,45,402520,False,0.887,0.378,11,-9.184,0,0.0756,0.00295,0.832,0.101,0.386,125.001,4,minimal-techno,1,0.6931471805599453,0.0,0,1,0
75768,7ERSQrRptZVM7q3VOdM7OL,Mike Oldfield,Tubular Bells,Tubular Bells - Pt. I,50,1561133,False,0.374,0.219,4,-19.104,0,0.0343,0.564,0.56,0.114,0.0579,103.535,4,new-age,2,1.0986122886681098,0.0,0,2,0
76050,6ykkal4MnCob5AQxckVqj2,Andrea Bocelli;Jennifer Lopez,Pasión,"Quizás, Quizás, Quizás",55,198213,False,0.589,0.45,4,-8.491,0,0.0657,0.835,1.07e-06,0.0824,0.367,112.103,4,opera,2,1.0986122886681098,0.0,0,2,0
76052,7zrpoAJte9o12TzawqgdD0,Andrea Bocelli,Bocelli (Remastered),Con te partirò,67,250983,False,0.241,0.367,7,-7.95,1,0.0311,0.844,0.00279,0.0873,0.302,135.267,5,opera,19,2.995732273553991,0.05263157894736842,1,19,0
76053,5WHnE8MsLFHqSUwecrs7WO,Andrea Bocelli,Amor (Spanish Edition / Remastered),Bésame Mucho,61,241232,False,0.521,0.502,5,-8.521,0,0.0287,0.886,0.02,0.188,0.378,95.028,4,opera,2,1.0986122886681098,0.0,0,2,0
76068,41ujv4mhxlqR8nlnieDpDp,Giuseppe Verdi;Ileana Cotrubas;Plácido Domingo;Chor der Bayerischen Staatsoper München;Bavarian State Orchestra;Carlos Kleiber,Verdi: La Traviata,La traviata / Act I: Libiamo ne'lieti calici,56,175506,False,0.424,0.214,10,-17.688,1,0.0763,0.962,2.9e-05,0.681,0.282,113.211,4,opera,63,4.1588830833596715,0.031746031746031744,2,63,0
76104,0tyWs7VaLmVvUkFXd9nyfj,Andrea Bocelli,Amor (Spanish Edition / Remastered),Cuando Me Enamoro,58,235446,False,0.615,0.602,10,-6.765,1,0.044,0.591,2.51e-06,0.102,0.521,102.068,4,opera,24,3.2188758248682006,0.0,0,24,0
76108,6cPLCU7hKjgjvLWzCevl7R,Andrea Bocelli;Giorgia,Bocelli (Remastered),Vivo per lei,65,265584,False,0.533,0.456,2,-6.392,1,0.0265,0.703,0.0,0.18,0.289,136.117,4,opera,2,1.0986122886681098,0.0,0,2,0
76115,1brqrwappe4lTVfhBYlojf,Amilcare Ponchielli;Staatskapelle Dresden;Silvio Varviso,Favourite Ballet,La Gioconda / Act 3: Dance Of The Hours,56,86360,False,0.512,0.0181,4,-30.054,1,0.0563,0.881,5.78e-05,0.288,0.252,137.927,4,opera,6,1.9459101490553132,0.0,0,6,0
76126,74WjYdm3Lvbwnds4thYPUU,Giacomo Puccini;Luciano Pavarotti;John Alldis Choir;Wandsworth School Boys Choir;London Philharmonic Orchestra;Zubin Mehta,Puccini: Turandot - Highlights,"Turandot, SC 91 / Act III: ""Nessun dorma!""",61,177333,False,0.212,0.301,2,-12.505,1,0.0384,0.963,0.0033,0.13,0.0798,84.025,4,opera,68,4.23410650459726,0.014705882352941176,1,68,0
76185,2kyEgPaAW8wdpvevPnkf0Z,Charles Gounod;Yo-Yo Ma,Songs from the Arc of Life,Ave Maria,59,163266,False,0.132,0.0195,0,-29.76,1,0.0445,0.993,0.888,0.0569,0.14,81.616,3,opera,1,0.6931471805599453,0.0,0,1,0
76206,09YXhYMYIHZBHVKGEQrSQF,Andrea Bocelli;Ellie Goulding,Return To Love,Return To Love,51,274093,False,0.494,0.434,8,-6.891,1,0.0308,0.609,0.0,0.118,0.138,127.985,4,opera,1,0.6931471805599453,0.0,0,1,0
76234,5yD48KoADpCIWWzbzMnhMq,"Gaetano Donizetti;Luciano Pavarotti;Orchestra of the Royal Opera House, Covent Garden;Richard Bonynge",The People's Tenor,"La fille du régiment / Act 1: Ah! mes amis, quel jour de fête!",26,107022,False,0.523,0.346,3,-12.718,1,0.0937,0.976,0.00175,0.0453,0.528,85.928,4,opera,60,4.110873864173311,0.016666666666666666,1,60,0
76251,0H7LRye21kQjDfHVqnGoiM,Georges Bizet;Orchestre de Paris;Semyon Bychkov,Bizet: Carmen Suites; L'Arlésienne Suites,Carmen Suite No. 2: 2. Habanera,51,122000,False,0.457,0.00568,2,-29.605,1,0.0461,0.964,0.000645,0.167,0.489,133.677,4,opera,1,0.6931471805599453,0.0,0,1,0
76253,3GFza0Ug9UPSMR2UKEPgIo,Léo Delibes;Slovak Philharmonic;Ondrej Lenard,Delibes: Best of French Ballet,Sylvia: Pizzicato,53,105000,False,0.342,0.0192,3,-39.219,1,0.0533,0.875,0.0787,0.0615,0.189,159.236,4,opera,2,1.0986122886681098,0.0,0,2,0
76267,3RPUlfBMYL7KCApbHMNE91,Andrea Bocelli;David Foster,Andrea Bocelli Spotify Sessions (Live),"Can't Help Falling In Love - Live From Spotify, NYC / 2015",53,179869,False,0.284,0.601,5,-7.194,1,0.0686,0.926,0.000189,0.527,0.205,93.221,3,opera,1,0.6931471805599453,0.0,0,1,0
76269,3S57yUN9gSk1Db1H4cMtTg,Giuseppe Verdi;Maria Dragoni;Kristjan Johannsson;Barbara Dever;Mark Rucker;Francesco Ellero d' Artegna;Riccardo Ferrari;Antonio Marcenò;Monica Trini;Colin Mawby;RTÉ Philharmonic Choir;RTE Chamber Choir;Culwick Choral Society;Bray Choral Society;Dublin County Choir;Dun Laoghaire Choral Society;Cantabile Singers;Goethe Institut Choir;Musica Sacra;The Phoenix Singers;RTÉ National Symphony Orchestra;Irish Army No. 1 Band;Ricco Saccani,Verdi: Aida,Aida: Act II: Marcia,50,94666,False,0.307,0.107,8,-20.164,1,0.0396,0.864,0.955,0.126,0.321,112.328,4,opera,2,1.0986122886681098,0.0,0,2,0
76301,5K8jqeLAxZIqHR6e5w5so1,Léo Delibes;Richard Kapp,Classical Music 101,Flower Duet,48,58893,False,0.184,0.0315,0,-24.819,1,0.0418,0.989,0.911,0.123,0.0729,71.647,4,opera,2,1.0986122886681098,0.0,0,2,0
76402,03xxnNXmK7lJjW9hV2ldn8,Léo Delibes;Slovak Radio Symphony Orchestra;Andrew Mogrelia,Delibes: Coppelia (Complete Ballet) / La Source Suites,Coppelia: Act I - Valse,54,141200,False,0.198,0.0313,3,-26.69,1,0.0419,0.901,0.866,0.0924,0.189,88.813,4,opera,6,1.9459101490553132,0.0,0,6,0
76457,5p4BRlcUzvRpApjjEFAtUq,Gioachino Rossini;Peter Mattei;Royal Stockholm Philharmonic Orchestra;Lawrence Renes,"Mattei, Peter: Great Baritone Arias","Il barbiere di Siviglia (The Barber of Seville), Act I: Cavatina: Largo al factotum della citta",46,300106,False,0.484,0.266,0,-17.623,1,0.113,0.982,0.013,0.222,0.4,98.607,3,opera,3,1.3862943611198906,0.0,0,3,0
76703,1oi7QvpgDkBFTROce7LkB8,Giacomo Puccini;Kiri Te Kanawa;London Philharmonic Orchestra;Sir John Pritchard,A Room With A View,O Mio Babbino Caro,49,150133,False,0.246,0.125,8,-17.825,1,0.0431,0.985,0.000112,0.262,0.076,111.735,4,opera,2,1.0986122886681098,0.0,0,2,0
76737,3b9Dae2aPvOGKNOcdhj9CP,Giacomo Puccini;Luciano Pavarotti;Tom Krause;Pier Francesco Poli;Piero de Palma;John Alldis Choir;London Philharmonic Orchestra;Zubin Mehta,Puccini: Turandot,Turandot / Act 3: Nessun dorma!,42,402040,False,0.242,0.356,2,-13.189,1,0.046,0.971,0.0306,0.161,0.152,89.202,4,opera,2,1.0986122886681098,0.0,0,2,0
76867,28hIO3sitQKgRPbQ61x6bS,Josh Groban;Andrea Bocelli,Bridges (Deluxe),We Will Meet Once Again (with Andrea Bocelli),52,235226,False,0.249,0.422,5,-7.937,1,0.0315,0.844,9.16e-06,0.172,0.177,108.615,4,opera,1,0.6931471805599453,0.0,0,1,0
76910,48qAOahd28j6zuPAWSLZ4K,Vincenzo Bellini;Cecilia Bartoli;International Chamber Vocalists;Orchestra La Scintilla;Giovanni Antonini,Bellini: Norma,"Norma / Act 1 Scene 1: ""Casta Diva"" (Critical Ed. Maurizio Biondi and Riccardo Minasi)",41,390253,False,0.207,0.0881,5,-20.445,1,0.0514,0.992,0.301,0.0924,0.0379,175.509,4,opera,2,1.0986122886681098,0.0,0,2,0
76940,3uX11UryFh2ujpeZBWYgkv,Giacomo Puccini;Luciano Pavarotti;John Alldis Choir;Wandsworth School Boys Choir;London Philharmonic Orchestra;Zubin Mehta,Puccini: Turandot (Highlights),"Turandot, SC 91 / Act III: ""Nessun dorma!""",20,177333,False,0.212,0.301,2,-12.505,1,0.0384,0.963,0.0033,0.13,0.0798,84.025,4,opera,12,2.5649493574615367,0.0,0,12,0
76958,7mQQV4hDnXn3TrVr1QDu65,Andrea Bocelli,Amore (Remastered),Solamente Una Vez,53,209768,False,0.505,0.55,0,-6.891,1,0.0359,0.836,0.000448,0.112,0.343,81.877,4,opera,1,0.6931471805599453,0.0,0,1,0
79001,75FEaRjZTKLhTrFGsfMUXR,Kate Bush,Hounds Of Love,Running Up That Hill (A Deal With God),90,298933,False,0.629,0.547,10,-13.123,0,0.055,0.72,0.00314,0.0604,0.197,108.375,4,piano,1,0.6931471805599453,0.0,0,1,0
79051,72yP0DUlWPyH8P7IoxskwN,Elton John;Britney Spears,Hold Me Closer,Hold Me Closer,89,202245,False,0.667,0.75,0,-4.602,1,0.0906,0.0746,0.000198,0.197,0.486,126.041,4,piano,1,0.6931471805599453,1.0,1,1,1
79052,1SKPmfSYaPsETbRHaiA18G,Keane,Hopes And Fears,Somewhere Only We Know,85,237146,False,0.448,0.665,9,-4.203,1,0.026,0.06,2.55e-05,0.0828,0.304,172.004,4,piano,1,0.6931471805599453,0.0,0,1,0
79053,5fVZC9GiM4e8vu99W0Xf6J,The Fray,How To Save A Life,How to Save a Life,80,262533,False,0.64,0.743,10,-4.08,1,0.0379,0.269,0.0,0.101,0.361,122.035,4,piano,23,3.1780538303479458,0.043478260869565216,1,23,0
79056,3ScJy88F8KqGDfWu8XJhHx,OneRepublic;Alesso,Native,If I Lose Myself - Alesso vs OneRepublic,69,215186,False,0.519,0.754,2,-5.689,1,0.0402,0.258,3.75e-06,0.139,0.16,125.975,4,piano,1,0.6931471805599453,0.0,0,1,0
79065,6OtCIsQZ64Vs1EbzztvAv4,OneRepublic,Waking Up,Good Life,74,253306,True,0.634,0.69,6,-7.804,1,0.052,0.0771,0.0,0.132,0.645,94.988,4,piano,32,3.4965075614664802,0.0,0,32,0
79066,1NhPKVLsHhFUHIOZ32QnS2,OneRepublic,Waking Up,Secrets,76,224693,False,0.516,0.764,2,-6.223,1,0.0366,0.0717,0.0,0.115,0.376,148.021,4,piano,30,3.4339872044851463,0.03333333333333333,1,30,0
79072,6sy3LkhNFjJWlaeSMNwQ62,OneRepublic,Native,Counting Stars,78,257839,False,0.664,0.705,1,-4.972,0,0.0382,0.0654,0.0,0.115,0.477,122.017,4,piano,35,3.58351893845611,0.11428571428571428,4,35,0
79073,6aDsgHPZsMztSbZernzlF8,OneRepublic,Human (Deluxe),Someday,76,187888,False,0.576,0.679,0,-7.237,1,0.034,0.0311,0.0,0.323,0.213,121.005,4,piano,1,0.6931471805599453,0.0,0,1,0
79074,6KL88T4Ma4ABXqzgUoEwkd,OneRepublic,Human (Deluxe),Run,75,168259,False,0.682,0.72,11,-8.176,0,0.0382,0.321,0.0,0.205,0.649,116.988,4,piano,1,0.6931471805599453,0.0,0,1,0
79076,3gdewACMIVMEWVbyb8O9sY,Elton John,Honky Chateau,"Rocket Man (I Think It's Going To Be A Long, Long Time)",81,281613,False,0.601,0.532,10,-9.119,1,0.0286,0.432,6.25e-06,0.0925,0.341,136.571,4,piano,90,4.51085950651685,0.011111111111111112,1,90,0
79080,37LNNQNbL1YLyutBG6aWRx,OneRepublic,Human (Deluxe),Rescue Me,66,159650,False,0.761,0.606,11,-7.742,0,0.0424,0.157,0.0,0.574,0.646,121.038,4,piano,1,0.6931471805599453,0.0,0,1,0
79101,38UDoZyudPWXLzXRAb71oP,Elton John;Charlie Puth,After All,After All,57,208714,False,0.501,0.556,5,-5.628,1,0.0266,0.361,0.000133,0.115,0.165,82.017,4,piano,1,0.6931471805599453,0.0,0,1,0
79103,4IoYz8XqqdowINzfRrFnhi,The Fray,The Fray,You Found Me,74,241853,False,0.338,0.803,8,-5.412,0,0.0413,0.0187,0.0,0.136,0.4,151.994,4,piano,31,3.4657359027997265,0.03225806451612903,1,31,0
79105,5mQNY6pTeSDl2doFB7uLbE,OneRepublic,Oh My My,Kids,61,238386,False,0.596,0.732,2,-6.189,1,0.0401,0.0153,0.0,0.318,0.228,99.98,4,piano,1,0.6931471805599453,0.0,0,1,0
79106,7dOeiXeTSfA1ixaYmQcWu7,OneRepublic;Seeb,Rich Love,Rich Love (with Seeb),64,201256,False,0.401,0.872,1,-3.641,0,0.314,0.167,0.0,0.362,0.472,104.592,4,piano,28,3.367295829986474,0.0,0,28,0
79107,5l6hpyTGBK0LAAxgPnqTQL,The Fray,How To Save A Life,Look After You,71,266773,False,0.447,0.592,6,-3.015,0,0.0319,0.0575,4.47e-06,0.13,0.283,78.039,4,piano,30,3.4339872044851463,0.06666666666666667,2,30,0
79108,1jDJFeK9x3OZboIAHsY9k2,Elton John,Too Low For Zero,I'm Still Standing,84,183440,False,0.504,0.904,6,-6.863,1,0.179,0.356,0.121,0.14,0.772,176.808,4,piano,22,3.1354942159291497,0.045454545454545456,1,22,0
79112,05sCp83gcMm1iecYydKJS3,OneRepublic,Oh My My,Let's Hurt Tonight,63,194520,False,0.359,0.713,5,-4.526,1,0.0366,0.33,0.0,0.324,0.272,61.519,4,piano,1,0.6931471805599453,0.0,0,1,0
79115,38zsOOcu31XbbYj9BIPUF1,Elton John,Elton John,Your Song,79,241786,False,0.554,0.315,3,-11.028,1,0.0298,0.828,5.53e-06,0.101,0.325,128.157,4,piano,48,3.8918202981106265,0.020833333333333332,1,48,0
79118,5TJEBoTCDbJXiKMdCN9pd3,Elton John;Britney Spears,The Lockdown Sessions,Hold Me Closer,74,202245,False,0.659,0.772,0,-4.595,1,0.11,0.0748,0.000346,0.187,0.484,126.018,4,piano,2,1.0986122886681098,0.0,0,2,0
79120,0e3yhVeNaTfKIWQRw9U9sY,Elton John,Sleeping With The Past (Remastered with bonus tracks),Sacrifice,74,304133,False,0.756,0.422,11,-12.967,0,0.0292,0.0165,0.00183,0.0368,0.487,112.751,4,piano,1,0.6931471805599453,0.0,0,1,0
79123,2TVxnKdb3tqe1nhQWwwZCO,Elton John,Madman Across The Water,Tiny Dancer,78,377093,False,0.414,0.428,0,-11.097,1,0.0278,0.382,0.000243,0.148,0.282,145.075,4,piano,25,3.258096538021482,0.04,1,25,0
79133,5XRHGXut00SrJUFmcn2lQF,OneRepublic,Waking Up,All The Right Moves,67,238000,False,0.529,0.948,0,-3.527,1,0.0474,0.258,9.35e-06,0.283,0.65,146.024,4,piano,38,3.6635616461296463,0.02631578947368421,1,38,0
79134,7HW5WIw7ZgZORCzUxv5gW5,Elton John;Kiki Dee,Rock Of The Westies,Don't Go Breaking My Heart,78,275440,False,0.729,0.844,5,-8.824,1,0.0344,0.149,2.87e-06,0.0604,0.777,131.459,4,piano,1,0.6931471805599453,0.0,0,1,0
79138,3Cx4yrFaX8CeHwBMReOWXI,Billy Joel,Storm Front,We Didn't Start the Fire,76,287733,False,0.712,0.967,7,-5.206,1,0.047,0.0771,0.0,0.356,0.895,145.024,4,piano,89,4.499809670330265,0.0,0,89,0
79139,4IRHwIZHzlHT1FQpRa5RdE,Elton John,Goodbye Yellow Brick Road (Remastered),Goodbye Yellow Brick Road - Remastered 2014,74,192826,False,0.559,0.473,5,-7.712,1,0.0279,0.446,0.00141,0.154,0.397,121.227,4,piano,40,3.713572066704308,0.025,1,40,0
79141,2SLxgJ2YFohfd8KwuJZTUE,OneRepublic,Human (Deluxe),Better Days,59,144545,False,0.618,0.725,5,-4.952,1,0.0479,0.255,0.0,0.424,0.242,88.982,4,piano,1,0.6931471805599453,0.0,0,1,0
79152,6hLkeOMrhZ2CMLBp2of576,OneRepublic,Wanted,Wanted,58,136247,False,0.668,0.534,1,-6.586,1,0.0677,0.164,0.0,0.1,0.711,145.816,4,piano,1,0.6931471805599453,0.0,0,1,0
79172,7D49Iig0avHre9RFSUMkd2,OneRepublic,Native,I Lived,70,234546,False,0.599,0.854,9,-5.429,1,0.0436,0.0746,0.0,0.278,0.311,119.986,4,piano,48,3.8918202981106265,0.0,0,48,0
79204,6oaQuXiRKqQq9ITJBV1XmC,OneRepublic,Wild Life,Wild Life,59,267117,False,0.498,0.764,2,-8.096,1,0.0382,0.0118,0.0104,0.156,0.0557,115.975,4,piano,1,0.6931471805599453,0.0,0,1,0
79207,5V7mTIcXVU9k2JNu0mE6vy,Secondhand Serenade,A Naked Twist in My Story,Fall for You (Acoustic),64,176946,False,0.433,0.307,0,-8.796,1,0.0327,0.65,0.0,0.0635,0.378,178.114,4,piano,26,3.295836866004329,0.0,0,26,0
79212,4ZoBC5MhSEzuknIgAkBaoT,Billy Joel,52nd Street,My Life,72,284000,False,0.741,0.647,2,-12.878,1,0.0427,0.108,0.00139,0.0555,0.804,131.097,4,piano,94,4.553876891600541,0.0,0,94,0
79224,2z8S9ARUXOXWT9h0PdF4yP,OneRepublic,Human (Deluxe),Somebody To Love,51,181408,False,0.401,0.503,2,-8.084,1,0.0439,0.0158,0.0,0.134,0.236,118.486,4,piano,1,0.6931471805599453,0.0,0,1,0
79229,7hIRQZhDjab4YgqkkkehV9,OneRepublic,Native,If I Lose Myself,59,241640,False,0.482,0.713,2,-6.017,1,0.0487,0.0969,0.0,0.111,0.263,140.069,4,piano,24,3.2188758248682006,0.041666666666666664,1,24,0
79238,5BJSZocnCeSNeYMj3iVqM7,OneRepublic,Native,Love Runs Out,65,224226,False,0.719,0.935,7,-3.752,1,0.0589,0.167,0.0,0.0973,0.738,120.022,4,piano,23,3.1780538303479458,0.08695652173913043,2,23,0
79242,6WCeFNVAXUtNczb7lqLiZU,Elton John,Don't Shoot Me I'm Only The Piano Player,Crocodile Rock,73,235440,False,0.621,0.8,4,-7.284,0,0.0344,0.0263,1.51e-05,0.0591,0.968,149.91,4,piano,11,2.4849066497880004,0.18181818181818182,2,11,0
79244,6XUHsYE38CEbYunT983O9G,Supertramp,Even In The Quietest Moments,Give A Little Bit,75,248173,False,0.531,0.818,2,-5.358,1,0.0452,0.0694,0.0096,0.263,0.471,90.767,4,piano,24,3.2188758248682006,0.041666666666666664,1,24,0
79255,4QeoDcR16IHpmmgFGQDrCp,OneRepublic,No Vacancy,No Vacancy,56,223189,False,0.72,0.727,5,-3.882,1,0.0489,0.0556,0.0,0.138,0.481,99.994,4,piano,1,0.6931471805599453,0.0,0,1,0
79265,2JATE4qxTuVgKEKe12sqLp,OneRepublic,Oh My My,Future Looks Good,54,210586,False,0.33,0.548,10,-7.922,1,0.0426,0.214,1.21e-05,0.12,0.559,78.594,3,piano,2,1.0986122886681098,0.0,0,2,0
79274,1N62wozuHCvczCkY4QidpP,The Fray,How To Save A Life,Over My Head (Cable Car),70,236266,False,0.592,0.729,8,-4.156,1,0.0448,0.022,0.0,0.0653,0.709,116.03,4,piano,30,3.4339872044851463,0.03333333333333333,1,30,0
79282,4a5pNRjwmzYQuEY1E7O6pj,Supertramp,Breakfast In America (Deluxe Edition),Breakfast In America - 2010 Remastered,72,159346,False,0.532,0.663,0,-5.886,0,0.0292,0.425,1.07e-06,0.0734,0.756,75.14,4,piano,3,1.3862943611198906,0.0,0,3,0
79287,6mHOcVtsHLMuesJkswc0GZ,Supertramp,Breakfast In America (Deluxe Edition),The Logical Song - Remastered 2010,73,251253,False,0.625,0.758,5,-6.213,0,0.0463,0.512,0.00022,0.153,0.695,119.719,4,piano,1,0.6931471805599453,0.0,0,1,0
79305,23l1kVpqMVREiwU1YAlcr4,Elton John,Too Low For Zero,I Guess That's Why They Call It The Blues,70,285333,False,0.673,0.663,0,-7.29,1,0.0269,0.217,0.017,0.177,0.671,120.634,3,piano,26,3.295836866004329,0.0,0,26,0
79318,2l3gQ8Zv1KlGqyE6B4ntPC,OneRepublic,Human (Deluxe),Distance,51,180352,False,0.611,0.766,8,-5.686,1,0.0634,0.112,7.13e-06,0.195,0.713,150.956,4,piano,1,0.6931471805599453,0.0,0,1,0
79320,5Wj1rJnCLpMHdLaxsFtJLs,Elton John,Goodbye Yellow Brick Road (Remastered),Bennie And The Jets - Remastered 2014,74,322548,False,0.665,0.673,0,-7.95,1,0.0493,0.259,7.62e-06,0.497,0.779,132.642,4,piano,100,4.61512051684126,0.01,1,100,0
79332,2IpeTEPICyB66jjg2hU4Vg,OneRepublic,Human (Deluxe),Didn't I,53,207616,False,0.611,0.61,4,-6.745,1,0.0314,0.0186,0.0,0.125,0.242,123.943,4,piano,1,0.6931471805599453,0.0,0,1,0
79335,3fT6xqEkC1jm4mHjOyXbKw,OneRepublic,Human (Deluxe),Wanted,52,136247,False,0.665,0.539,1,-6.613,1,0.0699,0.165,0.0,0.0912,0.666,145.828,4,piano,1,0.6931471805599453,0.0,0,1,0
79339,1L9fzw2pXprOqtemTwtxXF,Elton John,Goodbye Yellow Brick Road (Remastered),Candle In The Wind - Remastered 2014,66,228932,False,0.602,0.536,4,-9.74,1,0.0288,0.183,1.9e-05,0.0802,0.506,124.558,4,piano,18,2.9444389791664403,0.0,0,18,0
79340,12yHvSYFXI7PGzNecUvIDu,Elton John,Goodbye Yellow Brick Road (Remastered),Saturday Night’s Alright (For Fighting) - Remastered 2014,68,295466,False,0.513,0.979,0,-6.362,1,0.0425,0.0195,0.0951,0.0906,0.94,152.875,4,piano,20,3.044522437723423,0.0,0,20,0
79361,1lFHaHvZeLf6XrOqX6iLlS,OneRepublic,Oh My My,Heaven,52,258946,False,0.585,0.724,10,-6.658,0,0.0321,0.0607,0.0,0.105,0.37,95.009,4,piano,3,1.3862943611198906,0.0,0,3,0
79364,7kftK4n15rl1wbpfjSq2Tk,OneRepublic,Oh My My,Wherever I Go,64,169773,False,0.54,0.675,10,-6.449,0,0.0429,0.1,0.0,0.237,0.348,99.97,4,piano,1,0.6931471805599453,0.0,0,1,0
79374,7xe3EQCvXnx6Q0zs41Y65n,Jerry Lee Lewis,The Essential Jerry Lee Lewis [The Sun Sessions],Great Balls of Fire,57,111240,False,0.592,0.627,10,-10.14,1,0.0662,0.55,0.0,0.43,0.909,79.567,4,piano,1,0.6931471805599453,0.0,0,1,0
79390,75hLNJfiXV5k2YGrbGEW51,OneRepublic,Native,Feel Again,59,185080,False,0.467,0.815,7,-7.929,0,0.0524,0.0198,1.23e-06,0.118,0.335,140.047,4,piano,29,3.4011973816621555,0.0,0,29,0
79391,0BhGZmaQ1SET53qGkGvwxD,Keane,Strangeland,Silenced By The Night,60,196466,False,0.515,0.809,1,-5.051,1,0.0288,0.00188,9.86e-06,0.0983,0.237,111.985,4,piano,1,0.6931471805599453,0.0,0,1,0
79392,4KANJH1baadr3U7XsVbM17,OneRepublic,Native,Something I Need,58,241266,False,0.683,0.601,7,-6.927,1,0.0308,0.164,0.0,0.119,0.62,98.97,4,piano,46,3.8501476017100584,0.021739130434782608,1,46,0
79395,1BvJmtaXsqtH438BcDPeBb,Elton John,Don't Shoot Me I'm Only The Piano Player,Daniel,67,234666,False,0.688,0.477,0,-11.945,1,0.029,0.38,4.93e-05,0.0864,0.897,132.071,4,piano,1,0.6931471805599453,0.0,0,1,0
79425,30qVCFYKBtAENjTIBA8FPZ,Billy Joel,River Of Dreams,The River of Dreams,65,247626,False,0.631,0.749,7,-8.15,1,0.0576,0.205,5.21e-06,0.0667,0.437,89.646,4,piano,65,4.189654742026425,0.03076923076923077,2,65,0
79464,0x7oCog91UWqiYJQEee3uK,OneRepublic,Oh My My,Lift Me Up,51,226186,False,0.69,0.84,3,-6.104,0,0.0307,0.0107,0.0,0.0785,0.701,115.0,4,piano,1,0.6931471805599453,0.0,0,1,0
79518,2ExaKO7GhafvrUHOjWxjgC,OneRepublic,Human (Deluxe),Take Care Of You,48,228364,False,0.461,0.704,0,-6.451,1,0.0377,0.00788,8.88e-06,0.148,0.25,98.539,4,piano,1,0.6931471805599453,0.0,0,1,0
79535,2atYprr9JsQaLynGhrWhld,The Fray,Scars & Stories,Heartbeat,53,220693,False,0.458,0.821,9,-5.076,1,0.0334,0.000594,9.46e-05,0.161,0.323,144.46,4,piano,35,3.58351893845611,0.0,0,35,0
79539,78WVLOP9pN0G3gRLFy1rAa,Billy Joel,Piano Man,Piano Man,64,336200,False,0.334,0.477,0,-8.806,1,0.0276,0.618,4.17e-06,0.312,0.405,179.239,3,piano,40,3.713572066704308,0.05,2,40,0
79548,1hZk9dktp4yRFTm0TrycuH,OneRepublic;Alesso,Native,If I Lose Myself - Alesso vs OneRepublic,60,214813,False,0.523,0.782,2,-4.846,1,0.041,0.219,1.03e-05,0.133,0.164,125.998,4,piano,31,3.4657359027997265,0.0967741935483871,3,31,0
79553,797fEwjPjyNhkoQCHDkzne,OneRepublic,Oh My My,Born,48,265893,False,0.251,0.843,7,-5.318,0,0.055,0.0715,3.99e-06,0.361,0.211,93.102,4,piano,1,0.6931471805599453,0.0,0,1,0
79610,5SlNjNaibdMLveJPYqAAaE,OneRepublic,Oh My My,All These Things,49,199093,False,0.584,0.654,5,-6.485,1,0.0361,0.0247,1.48e-05,0.434,0.287,151.916,4,piano,1,0.6931471805599453,0.0,0,1,0
79624,4VhR9r9zgzikeruUScgj8A,OneRepublic,Human (Deluxe),Savior,47,181358,False,0.59,0.583,9,-6.985,0,0.0309,0.016,8.49e-05,0.0703,0.234,92.995,4,piano,1,0.6931471805599453,0.0,0,1,0
79628,73xYQWRzImNfVHhz0x9ETV,OneRepublic,Human (Deluxe),Forgot About You,47,173249,False,0.793,0.627,1,-5.689,1,0.0528,0.318,0.0,0.0696,0.544,142.91,4,piano,1,0.6931471805599453,0.0,0,1,0
79633,2u6fRGcaBhpI4uNBHpGv0b,Rufus Wainwright,Vibrate: The Best Of (Deluxe Edition),Hallelujah,62,251586,False,0.367,0.156,9,-10.052,0,0.0314,0.88,0.0,0.0972,0.44,73.138,4,piano,14,2.70805020110221,0.0,0,14,0
79638,5CJQMw0y824OWaQJSlszY5,OneRepublic,Human (Deluxe),Someday - Acoustic,47,185550,False,0.575,0.494,0,-7.487,1,0.0297,0.565,0.0,0.156,0.207,120.998,4,piano,1,0.6931471805599453,0.0,0,1,0
79650,7gREIuHognJFspylIDJ94p,Billy Joel,The Stranger,Vienna,58,214240,False,0.532,0.495,10,-6.662,1,0.0343,0.659,0.0,0.0754,0.308,124.936,4,piano,64,4.174387269895637,0.015625,1,64,0
79665,0GUncXNah8KoaErnDd7H1L,OneRepublic,Human (Deluxe),Ships + Tides,48,296424,False,0.242,0.354,7,-8.783,1,0.0299,0.768,0.0234,0.117,0.183,135.852,4,piano,1,0.6931471805599453,0.0,0,1,0
79676,2bUXfclD8DwJwwUENtSCWu,Elton John,Diamonds (Deluxe),Your Song - Remastered,62,243066,False,0.555,0.336,3,-9.916,1,0.0296,0.821,2.17e-06,0.089,0.303,127.792,4,piano,1,0.6931471805599453,1.0,1,1,1
79678,6yjKlmm7vOszkXEUku1EM1,Billy Joel,Turnstiles,New York State of Mind,63,362400,False,0.506,0.373,0,-9.473,1,0.0347,0.499,4.05e-05,0.323,0.194,121.289,4,piano,32,3.4965075614664802,0.0,0,32,0
79682,1u7kQUb3lQcpHaYRfia13A,Billy Joel,Storm Front,And So It Goes,53,217573,False,0.433,0.0871,0,-14.532,1,0.0341,0.91,1.98e-05,0.113,0.336,135.498,4,piano,1,0.6931471805599453,0.0,0,1,0
79743,7gMOe0gXYcELUoVugfMmHP,Billy Joel,Glass Houses,You May Be Right,65,253200,False,0.567,0.945,9,-7.243,1,0.0458,0.175,2.6e-06,0.35,0.961,150.792,4,piano,63,4.1588830833596715,0.015873015873015872,1,63,0
79752,7FQgwxkgClQLTwEilUlscr,OneRepublic,Oh My My,Fingertips,48,255786,False,0.357,0.281,9,-11.982,0,0.0417,0.901,3.53e-05,0.0927,0.0507,130.857,3,piano,1,0.6931471805599453,0.0,0,1,0
79763,6KU4IwlxqeODKgwKiSDOWB,Elton John;Stevie Wonder,The Lockdown Sessions,Finish Line,56,264846,False,0.48,0.803,5,-3.415,1,0.0485,0.0756,0.0,0.195,0.539,171.79,4,piano,1,0.6931471805599453,0.0,0,1,0
79819,7lISY14A9I1w3m7to2kWv1,OneRepublic,Human (Deluxe),Take It Out On Me,45,147800,False,0.437,0.314,4,-8.007,1,0.0372,0.81,0.0,0.116,0.13,119.888,4,piano,1,0.6931471805599453,0.0,0,1,0
79850,6zsFCfP4TK2J48tMYjb668,OneRepublic;Santigold,Oh My My,NbHD,47,224133,False,0.547,0.804,1,-5.413,0,0.0424,0.0011,2.54e-06,0.687,0.343,97.005,4,piano,2,1.0986122886681098,0.0,0,2,0
79860,4zD9RBG51Lj8bnQwolLnyu,OneRepublic,Human (Deluxe),Wild Life,45,267117,False,0.479,0.762,2,-7.86,1,0.0378,0.00711,0.011,0.0965,0.0519,115.956,4,piano,1,0.6931471805599453,0.0,0,1,0
79926,3Ie2eLOIj2IhKnzPwXrLbJ,Billy Joel,Cold Spring Harbor,She's Got a Way,54,169226,False,0.495,0.142,11,-16.186,0,0.0436,0.97,1.93e-06,0.113,0.196,75.859,4,piano,41,3.7376696182833684,0.0,0,41,0
79930,3f9KhpRN6mMYoVnpuozgHD,Bill Evans,You Must Believe In Spring (Remastered Version),Gary's Theme - Remastered,56,257693,False,0.421,0.08,7,-21.795,1,0.04,0.903,0.859,0.135,0.0546,122.044,3,piano,1,0.6931471805599453,0.0,0,1,0
79966,6ZQgooEk8PvsLxedYaT6Oa,Fiona Apple,Pleasantville -Music From The Motion Picture,Across the Universe,60,307333,False,0.578,0.481,4,-10.545,1,0.0317,0.431,0.00299,0.0951,0.548,129.881,4,piano,2,1.0986122886681098,0.0,0,2,0
81000,0VjIjW4GlUZAMYd2vXMi3b,The Weeknd,After Hours,Blinding Lights,91,200040,False,0.514,0.73,1,-5.934,1,0.0598,0.00146,9.54e-05,0.0897,0.334,171.005,4,pop,3,1.3862943611198906,0.0,0,3,0
81004,7MXVkk9YMctZqd1Srtv4MB,The Weeknd;Daft Punk,Starboy,Starboy,90,230453,True,0.679,0.587,7,-7.015,1,0.276,0.141,6.35e-06,0.137,0.486,186.003,4,pop,5,1.791759469228055,0.0,0,5,0
81013,5O2P9iiztwhomNh8xkR9lJ,One Direction,FOUR (Deluxe),Night Changes,88,226600,False,0.672,0.52,8,-7.747,1,0.0353,0.859,0.0,0.115,0.37,120.001,4,pop,1,0.6931471805599453,1.0,1,1,1
81023,0tgVpDi06FyKpA1z0VMD4v,Ed Sheeran,÷ (Deluxe),Perfect,87,263400,False,0.599,0.448,8,-6.312,1,0.0232,0.163,0.0,0.106,0.168,95.05,3,pop,77,4.356708826689592,0.05194805194805195,4,77,0
81031,7qiZfU4dY1lWllzX7mPBI3,Ed Sheeran,÷ (Deluxe),Shape of You,86,233712,False,0.825,0.652,1,-3.183,0,0.0802,0.581,0.0,0.0931,0.931,95.977,4,pop,35,3.58351893845611,0.02857142857142857,1,35,0
81053,0u2P5u6lvoDfwTYjAADbn4,Billie Eilish;Khalid,lovely (with Khalid),lovely (with Khalid),89,200185,False,0.351,0.296,4,-10.109,0,0.0333,0.934,0.0,0.095,0.12,115.284,4,pop,1,0.6931471805599453,0.0,0,1,0
81137,1u8c2t2Cy7UBoG4ArRcF5g,Taylor Swift,1989 (Deluxe),Blank Space,85,231826,False,0.76,0.703,5,-5.412,1,0.054,0.103,0.0,0.0913,0.57,95.997,4,pop,8,2.1972245773362196,0.0,0,8,0
81150,09mEdoA6zrmBPgTEN5qXmN,The Weeknd,"My Dear Melancholy,",Call Out My Name,89,228373,False,0.461,0.593,1,-4.954,1,0.0356,0.17,0.0,0.307,0.175,134.17,3,pop,2,1.0986122886681098,0.0,0,2,0
81158,6UelLqGlWMcVH1E5c4H7lY,Harry Styles,Fine Line,Watermelon Sugar,89,174000,False,0.548,0.816,0,-4.209,1,0.0465,0.122,0.0,0.335,0.557,95.39,4,pop,2,1.0986122886681098,0.0,0,2,0
81200,5QO79kh1waicV47BqGRL3g,The Weeknd,After Hours,Save Your Tears,89,215626,True,0.68,0.826,0,-5.487,1,0.0309,0.0212,1.24e-05,0.543,0.644,118.051,4,pop,2,1.0986122886681098,0.0,0,2,0
81205,4Dvkj6JhhA12EX05fT7y2e,Harry Styles,Harry's House,As It Was,92,167303,False,0.52,0.731,6,-5.338,0,0.0557,0.342,0.00101,0.311,0.662,173.93,4,pop,4,1.6094379124341003,0.0,0,4,0
81209,3RiPr603aXAoi4GHyXx0uy,Coldplay,A Head Full of Dreams,Hymn for the Weekend,85,258266,False,0.491,0.693,0,-6.487,0,0.0377,0.211,6.92e-06,0.325,0.412,90.027,4,pop,41,3.7376696182833684,0.04878048780487805,2,41,0
81263,4cktbXiXOapiLBMprHFErI,Maroon 5,JORDI (Deluxe),Memories,85,189486,False,0.775,0.327,11,-7.241,1,0.0557,0.841,0.0,0.0821,0.595,91.05,4,pop,21,3.091042453358316,0.047619047619047616,1,21,0
81354,3rmo8F54jFF8OgYsqTxm5d,Ed Sheeran,=,Bad Habits,88,230746,False,0.807,0.893,11,-3.745,0,0.0347,0.0451,2.79e-05,0.366,0.537,126.011,4,pop,13,2.6390573296152584,0.07692307692307693,1,13,0
81364,2Bs4jQEGMycglOfWPBqrVG,One Direction,FOUR (Deluxe),Steal My Girl,80,228133,False,0.536,0.768,10,-5.948,0,0.0347,0.00433,0.0,0.114,0.545,77.217,4,pop,1,0.6931471805599453,0.0,0,1,0
81400,50kpGaPAhYJ3sGmk6vplg0,Justin Bieber,Purpose (Deluxe),Love Yourself,84,233720,False,0.609,0.378,4,-9.828,1,0.438,0.835,0.0,0.28,0.515,100.418,4,pop,39,3.6888794541139363,0.0,0,39,0
81450,7fBv7CLKzipRk6EC6TWHOB,The Weeknd,Beauty Behind The Madness,The Hills,88,242253,True,0.585,0.564,0,-7.063,0,0.0515,0.0671,0.0,0.135,0.137,113.003,4,pop,1,0.6931471805599453,0.0,0,1,0
81500,2Ch7LmS7r2Gy2kc64wv3Bz,The Weeknd,Starboy,Die For You,88,260253,False,0.582,0.525,1,-7.163,0,0.0627,0.111,0.0,0.134,0.51,133.249,4,pop,2,1.0986122886681098,0.0,0,2,0
81553,09CtPGIpYB4BrO8qb1RGsF,Justin Bieber,Purpose (Deluxe),Sorry,82,200786,False,0.654,0.76,0,-3.669,0,0.045,0.0797,0.0,0.299,0.41,99.945,4,pop,22,3.1354942159291497,0.09090909090909091,2,22,0
81556,3hUxzQpSfdDqwM3ZTFQY0K,Taylor Swift,folklore,august,86,261922,False,0.532,0.623,5,-9.208,1,0.0331,0.538,7.28e-05,0.0925,0.403,89.937,4,pop,2,1.0986122886681098,0.0,0,2,0
81658,3fVnlF4pGqWI9flVENcT28,Taylor Swift,1989,Wildest Dreams,80,220440,False,0.553,0.664,8,-7.417,1,0.0741,0.0709,0.0056,0.106,0.467,140.06,4,pop,1,0.6931471805599453,0.0,0,1,0
81764,1HNkqx9Ahdgi1Ixy2xkKkL,Ed Sheeran,x (Deluxe Edition),Photograph,85,258986,False,0.614,0.379,4,-10.48,1,0.0476,0.607,0.000464,0.0986,0.201,107.989,4,pop,54,4.007333185232471,0.35185185185185186,19,54,0
81857,1R0a2iXumgCiFb7HEZ7gUE,Taylor Swift,reputation,Don’t Blame Me,88,236413,False,0.615,0.534,9,-6.719,0,0.0386,0.106,1.76e-05,0.0607,0.193,135.917,4,pop,1,0.6931471805599453,0.0,0,1,0
81876,1almCHdsfikRPfVB9VrEdT,Alex & Sierra,It's About Us,Little Do You Know,77,185200,False,0.5,0.292,0,-8.554,1,0.0323,0.746,0.0,0.188,0.37,145.879,4,pop,20,3.044522437723423,0.0,0,20,0
81973,1dGr1c8CrMLDpV6mPbImSI,Taylor Swift,Lover,Lover,85,221306,False,0.359,0.543,7,-7.582,1,0.0919,0.492,1.58e-05,0.118,0.453,68.534,4,pop,9,2.302585092994046,0.0,0,9,0
82063,3mwvKOyMmG77zZRunnxp9E,Weezer,Weezer,Buddy Holly,75,159226,False,0.556,0.92,8,-4.606,1,0.0367,0.00271,0.00021,0.117,0.771,121.138,4,power-pop,1,0.6931471805599453,0.0,0,1,0
82074,7bOYOD0d7ByMTXvJnQVl8d,Blondie,Greatest Hits,Maria,67,249426,False,0.548,0.8,9,-6.926,1,0.0597,0.038,0.00255,0.0678,0.805,159.654,4,power-pop,1,0.6931471805599453,0.0,0,1,0
82077,0a4agFmqHXxcZl1nho1BxM,Blondie,Best Of Blondie,Heart Of Glass - Special Mix,69,275733,False,0.694,0.577,4,-14.63,1,0.0308,0.015,0.00836,0.0853,0.845,114.478,4,power-pop,1,0.6931471805599453,1.0,1,1,1
82100,5dRQUolXAVX3BbCiIxmSsf,The Outfield,Super Hits,Your Love,72,221840,False,0.555,0.757,1,-7.868,0,0.0601,0.103,1.16e-06,0.0631,0.582,129.607,4,power-pop,1,0.6931471805599453,0.0,0,1,0
82111,5EugXICXL06waHgP4iTI58,The Lemonheads,It's A Shame About Ray (Expanded Edition),Mrs. Robinson - Remastered,64,224480,False,0.494,0.936,11,-7.195,0,0.0398,0.0112,0.000693,0.276,0.834,107.543,4,power-pop,1,0.6931471805599453,0.0,0,1,0
82117,0WNGPpmWqzPnk0psUhJ3SX,Mott The Hoople,All The Young Dudes (Expanded Edition),All the Young Dudes,64,211066,False,0.429,0.668,4,-7.539,0,0.044,0.208,0.0,0.538,0.398,77.737,4,power-pop,1,0.6931471805599453,0.0,0,1,0
82163,54qG9hpUjLgkgTJQ9qvB1P,Badfinger,Magic Christian Music (Remastered 2010 / Deluxe Edition),Dear Angie - Remastered 2010,58,160906,False,0.633,0.417,1,-9.11,0,0.0265,0.3,3.06e-06,0.114,0.506,81.976,4,power-pop,3,1.3862943611198906,0.0,0,3,0
82266,6zVhXpiYbJhLJWmLGV9k1r,Weezer,OK Human,All My Favorite Songs,52,202703,False,0.384,0.628,1,-8.018,0,0.031,0.126,9.93e-06,0.314,0.394,161.438,4,power-pop,1,0.6931471805599453,0.0,0,1,0
82450,6rSJz9u8Y9xixsh5fKu9hV,Weezer,OK Human,Aloo Gobi,43,183672,False,0.565,0.68,8,-7.229,1,0.0303,0.0138,0.000132,0.133,0.847,95.958,4,power-pop,15,2.772588722239781,0.06666666666666667,1,15,0
82665,7hVhRCDV100Jq26NGR7adw,The Cars,The Cars,Good Times Roll,64,225853,False,0.607,0.662,4,-9.456,1,0.0278,0.0951,8.27e-05,0.125,0.629,107.643,4,power-pop,1,0.6931471805599453,0.0,0,1,0
83150,6YwLgicpvVuMt1eE2OldwQ,Deorro;Chris Brown,Five More Hours,Five More Hours,67,211975,False,0.699,0.883,5,-3.226,0,0.219,0.0288,0.0,0.817,0.499,127.961,4,progressive-house,10,2.3978952727983707,0.6,6,10,1
83160,5M9jOReAKGZ2AttVefFjTY,Martin Garrix;Usher,Don't Look Down (feat. Usher),Don't Look Down (feat. Usher),64,223139,False,0.575,0.831,0,-5.972,1,0.0356,0.00406,0.000449,0.111,0.377,127.991,4,progressive-house,1,0.6931471805599453,0.0,0,1,0
83161,5itOtNx0WxtJmi1TQ3RuRd,Calvin Harris;Rag'n'Bone Man,Giant (with Rag'n'Bone Man),Giant (with Rag'n'Bone Man),73,229184,False,0.807,0.887,1,-4.311,0,0.0361,0.016,0.000503,0.0811,0.606,122.015,4,progressive-house,3,1.3862943611198906,0.0,0,3,0
83208,3v2oAQomhOcYCPPHafS3KV,Eric Prydz,Opus,Opus,64,543453,False,0.275,0.721,6,-6.222,0,0.0359,0.000702,0.821,0.0792,0.184,125.156,4,progressive-house,1,0.6931471805599453,0.0,0,1,0
83216,3GYlQmwfBDo7imFyGPhrl7,Dimitri Vegas & Like Mike;Regard;Dimitri Vegas,Say My Name,Say My Name,68,159535,False,0.729,0.788,10,-4.832,0,0.0908,0.0703,0.0,0.115,0.857,118.039,4,progressive-house,1,0.6931471805599453,0.0,0,1,0
83361,7B1Dl3tXqySkB8OPEwVvSu,Calvin Harris;Example,18 Months,We'll Be Coming Back (feat. Example),63,234360,False,0.596,0.952,7,-4.364,1,0.0873,0.00131,0.0,0.598,0.571,127.945,4,progressive-house,1,0.6931471805599453,0.0,0,1,0
83408,54ZPmGE1uOG9IYoUBSRSp7,Dirty South;Alesso;Ruben Haze,City Of Dreams,City Of Dreams - Radio Edit,58,226866,False,0.478,0.818,4,-5.076,1,0.0377,0.00292,0.00789,0.438,0.163,127.953,4,progressive-house,19,2.995732273553991,0.05263157894736842,1,19,0
83419,1oHxIPqJyvAYHy0PVrDU98,Calvin Harris;Tinie Tempah,18 Months,Drinking from the Bottle (feat. Tinie Tempah),62,240346,False,0.665,0.886,9,-4.175,0,0.0514,0.0469,6.24e-05,0.0525,0.53,128.062,4,progressive-house,2,1.0986122886681098,0.0,0,2,0
83432,7FliZx9wTDb0U1tPfS7AuX,Calvin Harris;Dua Lipa;Valentino Khan,One Kiss (with Dua Lipa) [Remixes],One Kiss (with Dua Lipa) - Valentino Khan Remix,45,251428,False,0.829,0.664,7,-4.191,1,0.0435,0.169,0.000927,0.262,0.432,126.017,4,progressive-house,1,0.6931471805599453,0.0,0,1,0
83463,5D1zGVDJTOqwaGSzYw5TtP,Duke Dumont;Shaun Ross,"Red Light Green Light (For Club Play Only, Pt. 6)","Red Light Green Light - For Club Play Only, Pt. 6",64,211208,False,0.811,0.825,2,-5.48,1,0.0654,0.000646,0.517,0.0689,0.95,124.005,4,progressive-house,2,1.0986122886681098,0.0,0,2,0
83512,2FGh2ref26EwA3Z5st5oHb,MOGUAI;Cheat Codes,Hold On (feat. Cheat Codes) [2020 Edit],Hold On (feat. Cheat Codes) - 2020 Edit,52,144909,False,0.622,0.802,9,-4.969,0,0.167,0.17,0.0,0.263,0.764,124.859,4,progressive-house,2,1.0986122886681098,0.0,0,2,0
83750,58FbltxPQWgokYBPsXz6Qs,Dimitri Vegas & Like Mike;Ne-Yo,Higher Place (Bassjackers Remix),Higher Place - Radio Edit,54,174010,False,0.718,0.612,7,-6.252,1,0.0711,0.246,4.33e-05,0.151,0.561,124.952,4,progressive-house,1,0.6931471805599453,0.0,0,1,0
83769,6GLzN6o2fkOupy8e1vGzwp,Martin Garrix;MOTi,Virus (How About Now) [Radio Edit],Virus (How About Now) - Radio Edit,54,199426,False,0.5,0.861,5,-4.834,0,0.0386,0.00104,0.479,0.791,0.0725,128.004,4,progressive-house,2,1.0986122886681098,0.0,0,2,0
83923,0KU8W0lHfsNlH7lfV1dz29,Above & Beyond;anamē;Marty Longstaff,Gratitude,Gratitude,56,233619,False,0.521,0.927,10,-4.63,1,0.036,0.00307,0.0138,0.125,0.0429,128.05,4,progressive-house,1,0.6931471805599453,0.0,0,1,0
83954,7KC9bnTvAbU3gJTBej0qP3,Sander van Doorn;Martin Garrix;DVBBS;Aleesia,Gold Skies (feat. Aleesia) [Radio Edit],Gold Skies (feat. Aleesia) - Radio Edit,40,235327,False,0.476,0.771,9,-5.846,0,0.0412,0.0294,0.0136,0.553,0.164,128.018,4,progressive-house,1,0.6931471805599453,0.0,0,1,0
84001,6mFkJmJqdDVQ1REhVfGgd1,Pink Floyd,Wish You Were Here,Wish You Were Here,77,334743,False,0.481,0.262,7,-15.73,1,0.0414,0.735,0.0114,0.832,0.375,122.861,4,psych-rock,50,3.9318256327243257,0.02,1,50,0
84002,5HNCy40Ni5BZJFw1TKzRsC,Pink Floyd,The Wall,Comfortably Numb,74,382296,False,0.472,0.366,11,-12.595,0,0.0286,0.15,0.312,0.0837,0.171,127.163,4,psych-rock,48,3.8918202981106265,0.020833333333333332,1,48,0
84051,4gMgiXfqyzZLMhsksGmbQV,Pink Floyd,The Wall,"Another Brick in the Wall, Pt. 2",76,238746,False,0.693,0.394,0,-15.882,1,0.0428,0.0782,0.000694,0.247,0.721,104.114,4,psych-rock,68,4.23410650459726,0.0,0,68,0
84054,3TO7bbrUKrOSPGRTB5MeCz,Pink Floyd,The Dark Side of the Moon,Time,71,413947,False,0.359,0.48,9,-11.79,1,0.0841,0.521,0.0043,0.178,0.355,120.285,4,psych-rock,33,3.5263605246161616,0.0,0,33,0
84103,2ctvdKmETyOzPb2GiJJT53,Pink Floyd,The Dark Side of the Moon,Breathe (In the Air),71,169534,False,0.431,0.373,11,-15.142,0,0.0346,0.389,0.728,0.143,0.253,128.153,4,psych-rock,37,3.6375861597263857,0.0,0,37,0
84104,6pnwfWyaWjQiHCKTiZLItr,Pink Floyd,Wish You Were Here,Shine On You Crazy Diamond (Pts. 1-5),67,811077,False,0.264,0.294,7,-11.941,0,0.028,0.772,0.686,0.107,0.0402,137.937,3,psych-rock,45,3.828641396489095,0.022222222222222223,1,45,0
84109,0vFOzaXqZHahrZp6enQwQb,Pink Floyd,The Dark Side of the Moon,Money,73,382834,False,0.468,0.536,11,-10.422,0,0.144,0.024,0.00199,0.269,0.785,126.256,1,psych-rock,39,3.6888794541139363,0.07692307692307693,3,39,0
84113,14XWXWv5FoCbFzLksawpEe,The Doors,L.A. Woman,Riders on the Storm,73,434720,False,0.55,0.722,11,-11.729,0,0.0283,0.25,0.0129,0.11,0.716,103.886,4,psych-rock,1,0.6931471805599453,0.0,0,1,0
84114,05uGBKRCuePsf43Hfm0JwX,Pink Floyd,The Dark Side of the Moon,Brain Damage,66,226666,False,0.324,0.265,2,-13.398,1,0.0302,0.0732,0.341,0.366,0.208,133.568,4,psych-rock,81,4.406719247264253,0.012345679012345678,1,81,0
84116,7F02x6EKYIQV3VcTaTm7oN,Pink Floyd,The Wall,Hey You,68,278440,False,0.587,0.302,0,-14.976,1,0.0293,0.223,0.00216,0.128,0.19,112.46,4,psych-rock,43,3.784189633918261,0.0,0,43,0
84151,3CmHvyZQQAGkKkTjTBFWN6,Pink Floyd,Wish You Were Here,Have a Cigar,66,307733,False,0.454,0.65,4,-10.191,0,0.0437,0.407,0.0488,0.589,0.72,120.155,4,psych-rock,34,3.5553480614894135,0.08823529411764706,3,34,0
84154,1TKTiKp3zbNgrBH2IwSwIx,Pink Floyd,The Dark Side of the Moon,Us and Them,66,469224,False,0.357,0.302,2,-14.526,1,0.0303,0.862,0.559,0.634,0.135,72.518,4,psych-rock,45,3.828641396489095,0.022222222222222223,1,45,0
84160,5uvosCdMlFdTXhoazkTI5R,The Doors,The Doors,Light My Fire,71,429760,False,0.413,0.725,3,-5.787,0,0.0324,0.369,2.16e-05,0.0905,0.44,124.618,4,psych-rock,18,2.9444389791664403,0.2777777777777778,5,18,0
84162,3ieDOGcOqVxScs2VZBzidt,Pink Floyd,A Momentary Lapse of Reason,Learning to Fly,63,292080,False,0.442,0.56,0,-13.681,1,0.0361,0.252,0.0322,0.151,0.475,166.585,4,psych-rock,1,0.6931471805599453,0.0,0,1,0
84169,5VWC7v2dC2K0SIIjT9WTLN,Pink Floyd,Wish You Were Here,Welcome to the Machine,61,451680,False,0.381,0.358,0,-12.423,1,0.0365,0.524,0.169,0.0747,0.036,133.271,4,psych-rock,41,3.7376696182833684,0.024390243902439025,1,41,0
84171,1tDWVeCR9oWGX8d5J9rswk,Pink Floyd,The Dark Side of the Moon,Eclipse,62,130427,False,0.359,0.577,10,-10.804,1,0.0397,0.0589,0.751,0.0686,0.141,68.064,4,psych-rock,69,4.248495242049359,0.014492753623188406,1,69,0
84180,1GEOSS415bZVHNuXWlCT6b,Pink Floyd,The Wall,Mother,63,334893,False,0.578,0.15,7,-17.335,1,0.0334,0.243,0.00707,0.0825,0.12,135.22,4,psych-rock,78,4.3694478524670215,0.02564102564102564,2,78,0
84184,6ToM0uwxtPKo9CMpbPGYvM,The Doors,The Doors,Break on Through (To the Other Side),72,145866,False,0.421,0.751,9,-9.584,1,0.0472,0.2,0.0,0.17,0.789,89.839,4,psych-rock,14,2.70805020110221,0.07142857142857142,1,14,0
84188,3G7tRC24Uh09Hmp1KZ7LQ2,The Monkees,More of The Monkees (Deluxe Edition),I'm a Believer - 2006 Remaster,74,167373,False,0.526,0.775,0,-6.05,1,0.0352,0.707,2.05e-05,0.217,0.962,80.106,4,psych-rock,55,4.02535169073515,0.0,0,55,0
84205,3xGJuHvSxFJxxYlHj5BIoT,Pink Floyd,The Wall,Young Lust,63,209956,False,0.615,0.55,11,-13.858,0,0.0349,0.0546,0.19,0.747,0.549,95.488,4,psych-rock,52,3.970291913552122,0.0,0,52,0
84207,6FBPOJLxUZEair6x4kLDhf,Pink Floyd,The Dark Side of the Moon,Any Colour You Like,61,206429,False,0.277,0.672,0,-12.582,1,0.0901,0.197,0.936,0.423,0.505,150.587,4,psych-rock,45,3.828641396489095,0.022222222222222223,1,45,0
84211,2jvuMDqBK04WvCYYz5qjvG,Pink Floyd,Animals,Dogs,60,1025280,False,0.321,0.479,2,-11.395,0,0.05,0.076,0.00475,0.151,0.14,109.289,4,psych-rock,34,3.5553480614894135,0.058823529411764705,2,34,0
84215,73OIUNKRi2y24Cu9cOLrzM,Pink Floyd,The Dark Side of the Moon,On the Run,61,225384,False,0.389,0.563,9,-21.191,1,0.0622,0.65,0.903,0.104,0.134,165.393,4,psych-rock,32,3.4965075614664802,0.03125,1,32,0
84216,6bIPHR8AJG5HAcn9oF21Ma,Pink Floyd,The Division Bell,Marooned,56,330385,False,0.396,0.341,7,-14.836,1,0.0303,0.384,0.568,0.12,0.148,74.203,4,psych-rock,41,3.7376696182833684,0.12195121951219512,5,41,0
84218,21j1PsCiTaO8ZW88UZrh3A,Pink Floyd,Wish You Were Here,Shine On You Crazy Diamond (Pts. 6-9),58,747325,False,0.288,0.485,7,-13.162,0,0.0491,0.576,0.9,0.322,0.124,135.87,3,psych-rock,27,3.332204510175204,0.0,0,27,0
84221,5p3JunprHCxClJjOmcLV8G,Lou Reed,Transformer,Walk On the Wild Side,73,254173,False,0.575,0.318,0,-16.729,1,0.109,0.683,0.000202,0.0934,0.385,104.522,4,psych-rock,97,4.584967478670572,0.030927835051546393,3,97,0
84227,0ESdtt9cjGZUkUbaubSrv2,Pink Floyd,The Wall,Goodbye Blue Sky,59,167239,False,0.638,0.0811,7,-22.646,1,0.0335,0.879,0.00313,0.314,0.0503,109.154,4,psych-rock,50,3.9318256327243257,0.0,0,50,0
84230,0gEaeqVRHPzRc7HMXtOKc7,Pink Floyd,Animals,Pigs (Three Different Ones),59,685880,True,0.419,0.575,4,-12.22,0,0.0897,0.103,0.459,0.895,0.354,129.267,4,psych-rock,31,3.4657359027997265,0.03225806451612903,1,31,0
84232,0wz1LjDb9ZNEYwOmDJ3Q4b,The Beach Boys,Surfin' USA (Remastered),Surfin' U.S.A. - Remastered 2001,72,149373,False,0.55,0.854,3,-5.968,1,0.036,0.661,0.0,0.112,0.965,159.231,4,psych-rock,1,0.6931471805599453,0.0,0,1,0
84238,19tHmIQsRnebkyK09m2UXE,Pink Floyd,Animals,Pigs on the Wing 1,58,84280,False,0.664,0.171,7,-20.731,1,0.0452,0.3,0.001,0.264,0.378,128.631,3,psych-rock,30,3.4339872044851463,0.0,0,30,0
84241,2Gy7qnDwt8Z3MNxqat4CsK,The Beach Boys,Pet Sounds (Original Mono & Stereo Mix Versions),Wouldn't It Be Nice - Remastered 2000 / Stereo Mix,72,153205,False,0.392,0.629,5,-7.056,1,0.0335,0.718,3.76e-06,0.129,0.72,124.511,4,psych-rock,1,0.6931471805599453,1.0,1,1,1
84255,2BstRQGodshjGpeDGQiNgo,Steely Dan,Can't Buy A Thrill,Do It Again,70,356733,False,0.682,0.537,2,-10.254,0,0.0323,0.218,3.07e-05,0.0556,0.963,124.574,4,psych-rock,1,0.6931471805599453,0.0,0,1,0
84257,5UgT7w6zVZjP3oyawMzbiK,The Doors,The Doors,The End,61,703373,True,0.347,0.302,0,-12.104,1,0.0291,0.163,9.17e-05,0.14,0.0332,105.702,4,psych-rock,10,2.3978952727983707,0.0,0,10,0
84264,4TOMI010Sd4ZAX4aZ5TS85,Lou Reed,Transformer,Perfect Day,67,225000,False,0.4,0.267,10,-12.488,1,0.0323,0.744,0.00734,0.103,0.0872,144.799,3,psych-rock,21,3.091042453358316,0.09523809523809523,2,21,0
84273,0s1aSsYlLIEiy16LjFWbdp,Steely Dan,Can't Buy A Thrill,Dirty Work,70,187400,False,0.631,0.354,1,-11.112,1,0.0313,0.795,0.000107,0.0879,0.522,73.007,4,psych-rock,25,3.258096538021482,0.0,0,25,0
84276,0gWvVB4bGvADocoPMEDy3K,The Doors,The Doors,The Crystal Ship,62,152000,False,0.313,0.42,10,-9.806,1,0.0303,0.797,2.35e-06,0.126,0.339,178.711,4,psych-rock,11,2.4849066497880004,0.2727272727272727,3,11,0
84280,7uEcCGtM1FBBGIhPozhJjv,The Monkees,"The Birds, The Bees, & The Monkees",Daydream Believer,70,179613,False,0.51,0.488,7,-10.304,1,0.0304,0.256,0.0,0.11,0.649,125.683,4,psych-rock,1,0.6931471805599453,0.0,0,1,0
84292,2O3l4X1yTua8oMMCtazkyo,Pink Floyd,The Wall,The Happiest Days of Our Lives,59,110826,False,0.74,0.231,9,-18.91,0,0.0415,0.551,0.747,0.249,0.546,103.994,4,psych-rock,39,3.6888794541139363,0.07692307692307693,3,39,0
84296,5t9KYe0Fhd5cW6UYT4qP8f,The Beach Boys,Smiley Smile (Remastered),Good Vibrations - Remastered 2001,71,219026,False,0.396,0.473,10,-7.67,0,0.0345,0.326,0.000124,0.109,0.385,133.449,4,psych-rock,2,1.0986122886681098,0.0,0,2,0
84310,6cA1usDL8nTHeSgFewQat3,The Velvet Underground,The Velvet Underground (45th Anniversary),After Hours,60,127453,False,0.608,0.152,7,-20.989,0,0.172,0.836,0.0,0.182,0.472,120.834,4,psych-rock,25,3.258096538021482,0.0,0,25,0
84314,62zuXt6X5B6YQOBNFV2eXG,Pink Floyd,The Wall,The Thin Ice,56,146321,False,0.406,0.128,9,-16.983,0,0.0349,0.359,0.0019,0.656,0.191,110.272,5,psych-rock,46,3.8501476017100584,0.0,0,46,0
84320,4BVE5tIIpYabZcYCbephNW,The Doors,The Soft Parade,Touch Me,66,190253,False,0.425,0.903,1,-4.801,1,0.0732,0.405,0.0128,0.117,0.769,108.748,4,psych-rock,1,0.6931471805599453,0.0,0,1,0
84326,2Xdc6qyaFBJZ8QW1KhpVci,The Doors,The Doors,Soul Kitchen,64,213000,False,0.679,0.443,9,-7.376,1,0.0394,0.33,0.0,0.0533,0.609,115.843,4,psych-rock,16,2.833213344056216,0.125,2,16,0
84328,6uU0Hu8oVk9gBihokcrDMH,Pink Floyd,Meddle,One of These Days,55,354613,False,0.381,0.508,4,-15.094,1,0.0465,0.00613,0.846,0.535,0.403,103.804,4,psych-rock,1,0.6931471805599453,0.0,0,1,0
84331,6iGU74CwXuT4XVepjc9Emf,The Beach Boys,Pet Sounds (Original Mono & Stereo Mix Versions),God Only Knows - Mono / 1997 Remastered,68,173040,False,0.521,0.487,6,-7.525,0,0.0299,0.253,0.0,0.0579,0.483,117.072,4,psych-rock,35,3.58351893845611,0.05714285714285714,2,35,0
84333,24YmWQgunJGAU8El3ndkyn,Pink Floyd,The Wall,In the Flesh?,58,198221,False,0.316,0.49,9,-14.578,1,0.0391,0.416,0.367,0.0537,0.267,152.1,3,psych-rock,50,3.9318256327243257,0.02,1,50,0
84334,5A7eooPKJHtr0UJmatjH4a,Pink Floyd,The Wall,"Another Brick in the Wall, Pt. 3",56,74411,False,0.653,0.472,2,-14.797,1,0.0353,0.0554,7.69e-05,0.397,0.448,102.558,4,psych-rock,35,3.58351893845611,0.02857142857142857,1,35,0
84335,55e99bv2wlgTYtNEYHWtN1,Pink Floyd,Animals,Sheep,57,619079,False,0.28,0.716,9,-12.095,0,0.0983,0.0652,0.52,0.512,0.0618,135.378,4,psych-rock,27,3.332204510175204,0.0,0,27,0
84358,5WJU527RQNyMLuKecjsL8V,Funkadelic,Maggot Brain,Maggot Brain,58,619263,False,0.305,0.372,4,-15.089,0,0.0432,0.499,0.723,0.637,0.125,131.245,3,psych-rock,4,1.6094379124341003,0.25,1,4,0
84369,5HAjss9faCAowGY8dM24r6,Pink Floyd,The Wall,Is There Anybody Out There?,55,161595,False,0.307,0.0742,9,-27.159,0,0.0359,0.72,0.315,0.11,0.0394,118.682,4,psych-rock,37,3.6375861597263857,0.0,0,37,0
84376,0i19MAZbyn8uTir7FprXId,The Velvet Underground,Loaded: Re-Loaded 45th Anniversary Edition,Oh! Sweet Nuthin' - 2015 Remaster,60,445186,False,0.399,0.467,5,-11.763,1,0.0284,0.303,0.0186,0.124,0.525,75.601,4,psych-rock,1,0.6931471805599453,0.0,0,1,0
84380,67HxeUADW4H3ERfaPW59ma,The Doors,Strange Days,Love Me Two Times,65,195106,False,0.684,0.698,9,-6.219,1,0.041,0.332,5.16e-06,0.122,0.839,132.846,4,psych-rock,6,1.9459101490553132,0.8333333333333334,5,6,1
84404,4lJ6YVXQ0jUk5ILu0PSrA4,Faces,Ooh La La,Ooh La La,71,214080,False,0.601,0.574,2,-8.166,1,0.03,0.579,1.14e-05,0.216,0.8,147.964,4,psych-rock,1,0.6931471805599453,0.0,0,1,0
84408,0fOjUafaAhJV16oRBgCtz7,Spiritualized,Ladies and gentlemen we are floating in space,Ladies and gentlemen we are floating in space,54,234053,False,0.376,0.41,2,-11.452,1,0.034,0.753,0.000543,0.234,0.171,100.031,3,psych-rock,2,1.0986122886681098,0.0,0,2,0
84418,1Og2Qi5XwYdr0YI6rn79Zb,Love,Reel To Real,Everybody’s Gotta Live,59,204521,False,0.805,0.281,9,-11.877,0,0.0961,0.607,0.0,0.116,0.281,105.873,4,psych-rock,1,0.6931471805599453,0.0,0,1,0
84425,1XxRYmDKuABtbtCozx3pA2,The Monkees,Good Times! (Deluxe Edition),Me & Magdalena,58,213706,False,0.738,0.43,7,-9.749,1,0.0295,0.377,1.03e-05,0.0945,0.374,114.992,4,psych-rock,24,3.2188758248682006,0.041666666666666664,1,24,0
84458,4f5nUYzeUioPwNbz2mGx5S,Jimi Hendrix,Both Sides of the Sky,Jungle,57,208120,False,0.497,0.499,9,-12.348,0,0.056,0.0558,0.73,0.222,0.516,174.608,3,psych-rock,5,1.791759469228055,0.0,0,5,0
84461,21L1dVOTGhvAKvBXXnTIHj,Pink Floyd,The Wall,Stop,53,30622,False,0.555,0.0193,9,-29.867,0,0.0432,0.917,0.00136,0.0658,0.31,76.113,4,psych-rock,41,3.7376696182833684,0.0,0,41,0
84465,077OhUjy58qkjscrXjW696,Pink Floyd,The Wall,The Show Must Go On,54,96560,False,0.571,0.198,7,-16.919,1,0.0294,0.435,0.125,0.262,0.326,129.024,4,psych-rock,63,4.1588830833596715,0.015873015873015872,1,63,0
84468,0uco0wQkB909zpPlHvu5Cc,Jimi Hendrix,Axis: Bold As Love,Bold as Love,57,251013,False,0.354,0.741,1,-6.389,1,0.0806,0.018,0.0134,0.0753,0.596,142.348,4,psych-rock,36,3.6109179126442243,0.05555555555555555,2,36,0
84473,4DWFSrNnZXow1aB96gByho,The Turtles,The Turtles Present The Battle of the Bands,Elenore,60,151306,False,0.63,0.625,4,-8.407,1,0.0375,0.6,1.52e-05,0.24,0.887,122.504,4,psych-rock,20,3.044522437723423,0.05,1,20,0
84477,3xyTufSSGLP3oZnomceAVW,Pink Floyd,The Piper at the Gates of Dawn,Interstellar Overdrive,48,580715,False,0.23,0.704,9,-10.975,1,0.0566,0.767,0.869,0.112,0.308,94.227,4,psych-rock,1,0.6931471805599453,0.0,0,1,0
84478,3Y8gNcoJu1uJ5L1BZuGvqB,Pink Floyd,The Piper at the Gates of Dawn,Astronomy Domine,49,251278,False,0.348,0.633,2,-11.527,1,0.048,0.376,0.473,0.346,0.0805,124.096,4,psych-rock,2,1.0986122886681098,0.0,0,2,0
84484,5H6Jp0syB5yEPk7SWYdlmk,Jimi Hendrix,Are You Experienced,The Wind Cries Mary,63,200733,False,0.499,0.495,5,-10.508,1,0.0501,0.348,0.0286,0.2,0.339,80.086,4,psych-rock,1,0.6931471805599453,0.0,0,1,0
84500,4zdsBics0asw0gj4L5wu5v,CAN,Ege Bamyasi (Remastered),Vitamin C,53,212000,False,0.629,0.653,4,-12.578,0,0.0448,0.00615,0.734,0.143,0.853,117.13,4,psych-rock,1,0.6931471805599453,0.0,0,1,0
84502,3QEWEv1tvHmVgsT5THpGDn,Pink Floyd,The Wall,Don't Leave Me Now,53,255934,False,0.324,0.11,9,-19.78,0,0.0351,0.0847,0.777,0.621,0.0393,123.534,3,psych-rock,45,3.828641396489095,0.0,0,45,0
84508,5by3w3NXvwDpV9FBSOR35u,The Velvet Underground;Nico,The Velvet Underground & Nico 45th Anniversary,Heroin,57,433573,False,0.201,0.777,1,-10.167,1,0.0705,0.304,0.78,0.0981,0.235,145.733,4,psych-rock,1,0.6931471805599453,0.0,0,1,0
84513,66YHxyGAUGjMBDdrDlWIMD,Pink Floyd,The Wall,One of My Turns,55,216800,False,0.315,0.218,0,-15.215,1,0.0728,0.305,0.0012,0.226,0.156,175.868,4,psych-rock,55,4.02535169073515,0.0,0,55,0
84522,79q7xFOodcfIVbpNHjE2gB,Deep Purple,Deepest Purple: The Very Best of Deep Purple,Highway Star,50,367946,False,0.252,0.874,9,-6.596,0,0.0602,0.00307,0.014,0.122,0.377,172.804,4,psych-rock,1,0.6931471805599453,0.0,0,1,0
84532,5qBqBdfTEIWJwAS0Jm2F5R,The Byrds,Turn! Turn! Turn!,Turn! Turn! Turn! (To Everything There Is a Season),64,229360,False,0.451,0.818,2,-8.124,1,0.0439,0.135,2.92e-05,0.052,0.755,124.532,4,psych-rock,1,0.6931471805599453,0.0,0,1,0
84566,2gTnu5RZNVFVnWdjLnyUA5,Pink Floyd,The Wall,Nobody Home,54,203360,False,0.251,0.148,0,-21.056,1,0.0432,0.713,0.432,0.106,0.0569,206.542,4,psych-rock,62,4.143134726391533,0.0,0,62,0
84572,2zbGXr2XCcRR40R7ymEENc,Jefferson Airplane,Surrealistic Pillow,Embryonic Journey,58,112093,False,0.293,0.354,2,-14.026,1,0.0282,0.804,0.919,0.154,0.487,107.642,4,psych-rock,1,0.6931471805599453,0.0,0,1,0
84581,5OFi9CIyD6s1oENyHapK2W,Pink Floyd,The Wall,In the Flesh,54,255546,False,0.292,0.454,9,-14.89,1,0.0316,0.371,0.509,0.719,0.105,150.916,3,psych-rock,48,3.8918202981106265,0.020833333333333332,1,48,0
84591,6PUabSMXmPnZna361Wwmf7,Cream,Wheels Of Fire,Crossroads - Live,57,258466,False,0.391,0.756,7,-11.317,1,0.0648,0.413,0.0418,0.879,0.839,131.648,4,psych-rock,1,0.6931471805599453,0.0,0,1,0
84592,5ckwOX7SVzt9OISbGkD299,Tim Buckley,Works In Progress,Song to the Siren - Take 7,52,208400,False,0.577,0.0513,4,-21.308,1,0.033,0.845,0.000144,0.106,0.0681,68.39,4,psych-rock,1,0.6931471805599453,0.0,0,1,0
84619,0JNZGIavoUrdup1NsgJOQs,The Doors,The Doors,Alabama Song (Whisky Bar),57,197400,False,0.568,0.645,5,-8.363,1,0.0416,0.543,0.0,0.191,0.901,170.676,4,psych-rock,17,2.8903717578961645,0.0,0,17,0
84620,7FCiDC7ojdm19CJePq6QAe,Pink Floyd,The Wall,Vera,52,93356,False,0.179,0.162,4,-22.191,0,0.162,0.678,0.022,0.119,0.0869,34.821,4,psych-rock,43,3.784189633918261,0.023255813953488372,1,43,0
84688,62nYkaIBesfvQSSwTjPnYS,Cream,Fresh Cream,I Feel Free,57,171506,False,0.375,0.448,9,-14.06,1,0.0264,0.106,5.55e-05,0.141,0.564,88.371,4,psych-rock,1,0.6931471805599453,0.0,0,1,0
84735,23MrkN7g6Q5U7GLIxNHN1B,Jimi Hendrix,Are You Experienced,Foxey Lady,61,198773,False,0.507,0.847,1,-5.987,0,0.0411,0.0751,0.237,0.372,0.566,98.096,4,psych-rock,2,1.0986122886681098,1.0,2,2,1
84742,0XNNUvtKF1YA6ycZfN57El,Lee Rocker,Night Train to Memphis,Night Train to Memphis,27,297984,False,0.651,0.839,11,-4.2,1,0.031,0.129,0.0,0.115,0.869,103.006,4,psych-rock,1,0.6931471805599453,0.0,0,1,0
84769,4TUStFzBGQqn0GrkzVWFV4,Pink Floyd,The Wall,Bring the Boys Back Home,51,87207,False,0.33,0.283,0,-15.971,1,0.061,0.575,0.0947,0.235,0.287,157.963,4,psych-rock,35,3.58351893845611,0.02857142857142857,1,35,0
84785,1kxtStKyjUkbPqMZXh5i4q,Fairport Convention,Meet On The Ledge: The Classic Years (1967-1975),Who Knows Where The Time Goes?,49,307293,False,0.518,0.175,4,-16.689,1,0.0314,0.689,0.14,0.112,0.413,144.541,4,psych-rock,1,0.6931471805599453,0.0,0,1,0
84787,3cw3Z7mS55gd3NUjh4k0bL,The Velvet Underground,Loaded: Re-Loaded 45th Anniversary Edition,Sweet Jane - Full Length Version; 2015 Remaster,59,246306,False,0.619,0.637,2,-7.369,1,0.0286,0.015,0.0,0.374,0.936,105.205,4,psych-rock,1,0.6931471805599453,0.0,0,1,0
84790,3pKKxkeB1pOUMHwWBmKc3Y,The Beatles,Sgt. Pepper's Lonely Hearts Club Band (Remastered),Fixing A Hole - Remastered 2009,54,156826,False,0.469,0.507,0,-8.917,0,0.0451,0.382,0.0,0.0783,0.619,112.984,4,psych-rock,68,4.23410650459726,0.0,0,68,0
84811,1F7s27lLKshLPt9TPCgMDL,The Beatles,1 (Remastered),The Ballad Of John And Yoko - Remastered 2015,56,179480,False,0.651,0.892,4,-6.551,1,0.0313,0.00465,2.85e-06,0.127,0.962,135.309,4,psych-rock,8,2.1972245773362196,0.0,0,8,0
84815,1UMXtudajhlocMzXVSngDU,Pink Floyd,The Wall,The Trial,52,318846,False,0.414,0.37,4,-15.748,0,0.0573,0.696,0.000129,0.211,0.33,76.846,4,psych-rock,42,3.7612001156935624,0.047619047619047616,2,42,0
84817,2DVkYfl2YuOMlRfC98srEG,Pink Floyd,The Wall,Waiting for the Worms,52,237097,False,0.568,0.413,7,-13.594,1,0.0339,0.582,0.00541,0.535,0.634,75.866,4,psych-rock,36,3.6109179126442243,0.0,0,36,0
84828,3VSuWxZM6x6V3ig5nYtikL,The Beatles,Revolver (Remastered),She Said She Said - Remastered 2009,54,156040,False,0.329,0.678,3,-7.878,1,0.0344,0.103,0.168,0.843,0.672,106.476,4,psych-rock,82,4.418840607796598,0.024390243902439025,2,82,0
84838,6wfK1R6FoLpmUA9lk5ll4T,The Beatles,With The Beatles (Remastered),Please Mister Postman - Remastered 2009,56,154160,False,0.552,0.644,9,-9.129,1,0.0372,0.675,0.0,0.36,0.961,122.546,4,psych-rock,42,3.7612001156935624,0.023809523809523808,1,42,0
84841,5WyuRWUcOOhAic0tj9Pl28,Lou Reed,Transformer,Satellite of Love,59,221120,False,0.458,0.502,5,-10.186,1,0.0294,0.442,5.51e-06,0.299,0.571,121.861,4,psych-rock,3,1.3862943611198906,0.0,0,3,0
84851,41TqRBgF4Ahyr4vGmZVk8b,Iron Butterfly,Light and Heavy/The Best of...,In-A-Gadda-Da-Vida - Single Version,57,173986,False,0.472,0.526,0,-9.505,1,0.0309,0.00291,0.000173,0.181,0.771,119.44,4,psych-rock,1,0.6931471805599453,1.0,1,1,1
84858,0oQshbv1BFLZ61b1tQ4Eqg,The Beatles,Past Masters (Vols. 1 & 2 / Remastered),This Boy - Remastered 2009,52,136080,False,0.66,0.337,2,-11.524,1,0.0286,0.213,1.57e-05,0.142,0.703,110.173,3,psych-rock,33,3.5263605246161616,0.030303030303030304,1,33,0
84866,1OE5l6sedVcIFELMuxQOPI,Grateful Dead,American Beauty (2013 Remaster),Ripple - 2013 Remaster,59,249733,False,0.604,0.411,7,-14.258,1,0.034,0.427,5.74e-05,0.602,0.675,126.637,4,psych-rock,3,1.3862943611198906,0.0,0,3,0
84867,1OzTJHmUMMYPQpMLxZYHlU,Pink Floyd,Animals,Pigs on the Wing 2,50,86696,False,0.596,0.17,7,-19.58,1,0.043,0.256,4.39e-05,0.0772,0.486,128.585,3,psych-rock,26,3.295836866004329,0.038461538461538464,1,26,0
84872,1ITQbrueGLl581a25XXm9c,The Beatles,The Beatles (Remastered),Rocky Raccoon - Remastered 2009,57,213106,False,0.599,0.363,7,-11.728,1,0.0315,0.333,0.0,0.243,0.648,79.456,4,psych-rock,67,4.219507705176107,0.014925373134328358,1,67,0
84880,4gUYV3ktbaOeAK5KrXMWV5,The Beatles,Rubber Soul (Remastered),Run For Your Life - Remastered 2009,54,141093,False,0.563,0.705,2,-9.232,1,0.103,0.0103,0.0,0.0552,0.822,176.732,4,psych-rock,38,3.6635616461296463,0.07894736842105263,3,38,0
84886,2jAojvUaPoHPFSPpF0UNRo,The Beatles,The Beatles (Remastered),Glass Onion - Remastered 2009,54,137840,False,0.523,0.51,7,-9.827,0,0.0514,0.0123,8.38e-05,0.108,0.789,120.432,4,psych-rock,76,4.343805421853684,0.02631578947368421,2,76,0
84888,63OJHHu2ambZAvdrvhdT2b,The Velvet Underground,Loaded (2015 Remaster),I Found a Reason - 2015 Remaster,53,255680,False,0.424,0.289,5,-12.063,1,0.0271,0.0619,0.000444,0.104,0.335,77.941,3,psych-rock,52,3.970291913552122,0.11538461538461539,6,52,0
84892,5xcfepnz1v7a83T8An9gjw,The Beatles,Help! (Remastered),The Night Before - Remastered 2009,54,154933,False,0.461,0.762,2,-6.727,1,0.0379,0.0537,0.0,0.238,0.632,84.496,4,psych-rock,67,4.219507705176107,0.014925373134328358,1,67,0
84903,7rgUYidQh5tH0YlXCoKaYJ,The Beatles,With The Beatles (Remastered),You Really Got A Hold On Me - Remastered 2009,53,181346,False,0.373,0.388,9,-9.31,1,0.0337,0.525,0.0,0.267,0.687,77.643,4,psych-rock,41,3.7376696182833684,0.07317073170731707,3,41,0
84911,6XtsMEFQ0M0X2yzMcqLSF6,The Who,The Who By Numbers,Blue Red And Grey,46,166906,False,0.621,0.213,2,-12.666,1,0.0369,0.984,8.01e-05,0.104,0.409,107.999,4,psych-rock,23,3.1780538303479458,0.17391304347826086,4,23,0
84920,2ue1KRstSKHF8jQkIJZiNC,The Beatles,Help! (Remastered),It's Only Love - Remastered 2009,51,116480,False,0.629,0.551,0,-8.281,1,0.0256,0.22,0.0,0.0432,0.685,113.155,3,psych-rock,64,4.174387269895637,0.03125,2,64,0
84922,5EzvwjFwdP5Kfl5AZAemzu,The Beatles,Help! (Remastered),I Need You - Remastered 2009,53,148786,False,0.601,0.489,9,-8.554,1,0.0455,0.277,0.0,0.0988,0.638,136.215,4,psych-rock,76,4.343805421853684,0.0,0,76,0
84923,03By6gD02qhtvIQiK8KidK,The Doors,The Doors,Back Door Man,54,212426,False,0.476,0.612,9,-7.01,1,0.0335,0.287,0.000252,0.0877,0.909,177.233,4,psych-rock,12,2.5649493574615367,0.08333333333333333,1,12,0
84924,6iI6NXjtI3IkjK2k1juqaX,Tim Buckley,Goodbye And Hello,Once I Was,49,203186,False,0.34,0.427,1,-10.042,1,0.0312,0.11,0.615,0.122,0.404,120.646,3,psych-rock,1,0.6931471805599453,0.0,0,1,0
84928,2ULL3VZf4WwBKO4vjwT7Bg,The Beach Boys,Pet Sounds (Original Mono & Stereo Mix Versions),Sloop John B - Remastered,60,180133,False,0.567,0.745,8,-5.423,1,0.0264,0.402,0.0,0.0873,0.903,125.575,4,psych-rock,54,4.007333185232471,0.0,0,54,0
84933,3IPpgcViKQ2E81XgMnT3yw,Savoy Brown,Hellbound Train,Hellbound Train,50,550506,False,0.268,0.567,9,-17.114,0,0.0355,0.0529,0.681,0.157,0.518,163.057,4,psych-rock,1,0.6931471805599453,1.0,1,1,1
84935,09nZ9ZDWq1rTkmM3WjvMvF,The Kinks,The Anthology 1964 - 1971,You Really Got Me - Remastered,55,134066,False,0.588,0.948,8,-4.073,1,0.0974,0.147,7.92e-05,0.0787,0.962,137.294,4,psych-rock,2,1.0986122886681098,0.0,0,2,0
84941,1dxbAIfCASqv6jix2R1Taj,The Beatles,Magical Mystery Tour (Remastered),Your Mother Should Know - Remastered 2009,54,148413,False,0.698,0.293,0,-11.361,1,0.0332,0.784,0.0106,0.0936,0.724,117.613,4,psych-rock,39,3.6888794541139363,0.02564102564102564,1,39,0
84957,09ezgACZuwWZt6CtQSSLRG,The Doors,The Doors,End of the Night,50,170693,False,0.41,0.218,11,-12.544,0,0.0293,0.902,0.000396,0.135,0.0755,72.081,4,psych-rock,9,2.302585092994046,0.0,0,9,0
84966,2lGujFVgZ3OfWYxdTltdye,Syd Barrett,The Madcap Laughs,Here I Go,42,189066,False,0.468,0.328,9,-16.923,1,0.0435,0.524,0.0,0.344,0.676,128.469,4,psych-rock,1,0.6931471805599453,0.0,0,1,0
84969,70HNt0eoBVqr4ss68U8x3B,The Beatles,Help! (Remastered),You're Going To Lose That Girl - Remastered 2009,55,138666,False,0.533,0.66,4,-7.694,1,0.0337,0.346,0.0,0.26,0.818,131.975,4,psych-rock,39,3.6888794541139363,0.02564102564102564,1,39,0
84978,1swmf4hFMJYRNA8Rq9PVaW,The Beatles,The Beatles (Remastered),Martha My Dear - Remastered 2009,54,148573,False,0.472,0.292,10,-11.591,1,0.0321,0.872,0.0007,0.128,0.824,177.624,4,psych-rock,69,4.248495242049359,0.014492753623188406,1,69,0
85052,0WQiDwKJclirSYG9v5tayI,The Smiths,The Queen Is Dead,There Is a Light That Never Goes Out - 2011 Remaster,80,244586,False,0.523,0.769,4,-5.855,1,0.0269,0.04,0.0,0.136,0.876,136.162,4,punk-rock,2,1.0986122886681098,0.0,0,2,0
85056,2m1hi0nfMR9vdGC8UcrnwU,blink-182,Enema Of The State,All The Small Things,82,167066,False,0.434,0.897,0,-4.918,1,0.0488,0.0103,0.0,0.612,0.684,148.726,4,punk-rock,23,3.1780538303479458,0.043478260869565216,1,23,0
85060,6otiaV2fagE3s8IvP6WkwG,Simple Plan,"No Pads, No Helmets...Just Balls (15th Anniversary Tour Edition)",I'm Just a Kid,72,198333,False,0.527,0.834,1,-5.531,1,0.0447,0.00107,0.000102,0.0993,0.422,110.065,4,punk-rock,30,3.4339872044851463,0.0,0,30,0
85061,39shmbIHICJ2Wxnk1fPSdz,The Clash,Combat Rock (Remastered),Should I Stay or Should I Go - Remastered,80,188986,False,0.743,0.836,2,-6.465,1,0.116,0.0804,0.0,0.384,0.82,113.375,4,punk-rock,68,4.23410650459726,0.014705882352941176,1,68,0
85108,0JJP0IS4w0fJx01EcrfkDe,All Time Low,"So Wrong, It's Right","Dear Maria, Count Me In",77,182826,False,0.459,0.895,2,-3.126,1,0.0805,0.00725,0.0,0.206,0.572,181.04,4,punk-rock,15,2.772588722239781,0.0,0,15,0
85110,4LJhJ6DQS7NwE7UKtvcM52,blink-182,Enema Of The State,What's My Age Again?,80,148360,True,0.391,0.951,6,-7.419,1,0.0692,0.0126,0.000378,0.0878,0.468,157.66,4,punk-rock,15,2.772588722239781,0.06666666666666667,1,15,0
85116,10rChmECwPcvTTj4w07hq4,Simple Plan,Still Not Getting Any,Welcome to My Life,69,206773,False,0.421,0.858,1,-4.535,1,0.0963,0.0134,0.0,0.067,0.491,173.255,4,punk-rock,49,3.912023005428146,0.0,0,49,0
85153,4j3X4KX8rURekAVIFUhI23,Simple Plan,"No Pads, No Helmets...Just Balls (15th Anniversary Tour Edition)",Perfect,70,277026,False,0.494,0.672,3,-4.877,1,0.0405,0.0273,0.0,0.105,0.557,156.208,4,punk-rock,17,2.8903717578961645,0.058823529411764705,1,17,0
85154,4wzjNqjKAKDU82e8uMhzmr,The Red Jumpsuit Apparatus,Don't You Fake It,Face Down,76,192000,False,0.545,0.932,7,-2.189,0,0.0399,0.000665,0.0,0.127,0.464,92.956,4,punk-rock,1,0.6931471805599453,0.0,0,1,0
85157,1fJFuvU2ldmeAm5nFIHcPP,blink-182,Take Off Your Pants And Jacket,First Date,77,171533,False,0.579,0.928,0,-4.344,1,0.0411,0.000715,0.0,0.18,0.882,95.594,4,punk-rock,2,1.0986122886681098,0.0,0,2,0
85158,0I329vpTJRdSRjEcWaQsSL,Simple Plan;Natasha Bedingfield,Get Your Heart On! (Deluxe Edition),Jet Lag (feat. Natasha Bedingfield),64,204526,False,0.535,0.962,11,-3.453,1,0.0638,0.00361,0.0,0.163,0.687,144.984,4,punk-rock,1,0.6931471805599453,0.0,0,1,0
85159,4QlzkaRHtU8gAdwqjWmO8n,The Cure,Wish,Friday I'm In Love,77,215160,False,0.526,0.763,0,-12.663,0,0.0341,0.00126,6.75e-05,0.359,0.514,136.205,4,punk-rock,1,0.6931471805599453,0.0,0,1,0
85163,1MaqkdFNIKPdpQGDzme5ss,Boys Like Girls;Taylor Swift,Love Drunk,Two Is Better Than One (feat. Taylor Swift),66,242840,False,0.521,0.702,0,-5.189,1,0.0331,0.189,0.0,0.0962,0.25,127.976,4,punk-rock,2,1.0986122886681098,1.0,2,2,1
85166,15BQ7vEDv2LJuh8TxWIhtd,Iggy Pop,Lust For Life,The Passenger,73,283360,False,0.498,0.889,0,-5.413,1,0.0546,0.0947,1.62e-06,0.733,0.696,134.88,4,punk-rock,35,3.58351893845611,0.0,0,35,0
85170,4KcH1ZRV2W1q7Flq0QqC76,Ramones,Ramones (40th Anniversary Deluxe Edition; 2016 Remaster),Blitzkrieg Bop - 2016 Remaster,73,134466,False,0.385,0.783,9,-2.533,1,0.233,0.000269,0.47,0.108,0.902,176.701,4,punk-rock,54,4.007333185232471,0.0,0,54,0
85218,5jzma6gCzYtKB1DbEwFZKH,The Clash,London Calling (Remastered),London Calling - Remastered,72,200480,False,0.651,0.801,0,-7.34,1,0.0514,0.123,0.0,0.0825,0.776,133.769,4,punk-rock,1,0.6931471805599453,1.0,1,1,1
85253,4NnWuGQujzWUEg0uZokO5M,The Cure,"Kiss Me, Kiss Me, Kiss Me",Just Like Heaven,72,212013,False,0.437,0.94,9,-6.946,1,0.0426,0.0524,0.000573,0.222,0.48,151.417,4,punk-rock,2,1.0986122886681098,0.0,0,2,0
85258,7sziTn5nHwrWf4K7gISaaU,Simple Plan;Sean Paul,Get Your Heart On!,Summer Paradise (feat. Sean Paul) - Single Version,61,234786,False,0.421,0.822,2,-4.415,1,0.0542,0.0132,0.0,0.092,0.751,171.935,4,punk-rock,1,0.6931471805599453,0.0,0,1,0
85259,6BrMEbPSSj55nQhkgf6DnE,The Smiths,Hatful of Hollow,"Please, Please, Please, Let Me Get What I Want - 2011 Remaster",70,112706,False,0.241,0.468,2,-9.579,1,0.0272,0.534,0.0,0.161,0.451,91.581,3,punk-rock,27,3.332204510175204,0.037037037037037035,1,27,0
85278,5zTirec9tIsSVNgBSUmFxU,Charly García,Unplugged,Pasajera En Trance - Live,42,203973,False,0.591,0.614,0,-10.492,1,0.041,0.527,0.0175,0.979,0.601,99.28,4,punk-rock,1,0.6931471805599453,0.0,0,1,0
85432,5qDi4Kv0CZinm0K2KvaXXU,Soda Stereo,Me Verás Volver (Hits & Más),Un Millón De Años Luz - Remasterizado 2007,40,304346,False,0.52,0.802,4,-5.763,1,0.0265,0.017,0.00262,0.334,0.499,95.328,4,punk-rock,2,1.0986122886681098,0.0,0,2,0
85461,0sNKiz82ATCvT3f3XVVUUj,The Offspring,Americana,Why Don't You Get A Job,74,172466,True,0.766,0.882,5,-4.478,1,0.0719,0.0674,2.3e-06,0.281,0.544,107.932,4,punk-rock,71,4.276666119016055,0.014084507042253521,1,71,0
85500,1H5N26VqHR4JhuaRKY2I0u,The Smiths,Louder Than Bombs,Heaven Knows I'm Miserable Now - 2011 Remaster,70,215760,False,0.609,0.759,6,-4.862,1,0.0276,0.028,0.0,0.183,0.774,114.045,4,punk-rock,1,0.6931471805599453,0.0,0,1,0
85502,3SFXsFpeGmBTtQvKiwYMDA,The Offspring,Americana,Pretty Fly (For A White Guy),75,188666,False,0.723,0.895,11,-3.707,0,0.102,0.088,0.0,0.0717,0.963,143.373,4,punk-rock,3,1.3862943611198906,0.0,0,3,0
85555,6DD5beNG6Ji3AYp5WrYnwD,Simple Plan,What's New Scooby-Doo?,What's New Scooby-Doo?,63,68695,False,0.486,0.946,1,-5.509,1,0.0807,8.94e-05,0.0001,0.11,0.509,158.158,4,punk-rock,1,0.6931471805599453,0.0,0,1,0
85600,2JO3HwMRPeya8bXbtbyPcf,Joy Division,The Best Of,Love Will Tear Us Apart,66,206866,False,0.443,0.956,2,-6.198,1,0.0511,5.24e-05,0.825,0.135,0.909,146.754,4,punk-rock,2,1.0986122886681098,0.0,0,2,0
85606,5KpBYmEiClvljtwbjEhIJq,Hot Chelle Rae,Don't Say Goodnight,Don't Say Goodnight,52,211813,False,0.599,0.791,10,-4.975,1,0.0585,0.0064,0.0,0.0924,0.574,92.862,4,punk-rock,1,0.6931471805599453,1.0,1,1,1
85654,72XWsiLW8q2g8Lv0a010ha,Boys Like Girls,Boys Like Girls,The Great Escape,55,206520,False,0.423,0.94,1,-4.012,0,0.0635,0.00166,0.0,0.178,0.505,149.934,4,punk-rock,25,3.258096538021482,0.0,0,25,0
85722,5NoQvINZLBV1wMYPdNmReL,Ramones,Road to Ruin (40th Anniversary Deluxe Edition),I Wanna Be Sedated,69,149786,False,0.56,0.965,11,-2.341,1,0.0409,0.121,6.23e-06,0.169,0.964,162.825,4,punk-rock,36,3.6109179126442243,0.027777777777777776,1,36,0
85743,6zPFqTggzyqpBIRpP4p6HG,Soda Stereo,Me Verás Volver (Hits & Más),Pic Nic En El 4° B - Remasterizado 2007,37,218573,False,0.67,0.864,9,-5.847,1,0.0283,0.0159,0.433,0.128,0.915,123.82,4,punk-rock,1,0.6931471805599453,0.0,0,1,0
85803,20X9OeC606XNwEtDBOym5u,Boys Like Girls,Love Drunk,Love Drunk,65,226706,False,0.44,0.976,10,-3.17,1,0.141,0.00177,3.39e-06,0.16,0.412,150.005,4,punk-rock,34,3.5553480614894135,0.029411764705882353,1,34,0
85804,21YxK0klhpfLW8budkJaMF,Iggy Pop,Lust For Life,Lust For Life,66,313925,False,0.383,0.97,9,-5.638,1,0.0435,0.0276,0.0,0.0942,0.62,101.603,4,punk-rock,34,3.5553480614894135,0.058823529411764705,2,34,0
85805,2o49Twc3qrNMOt8gq9W06L,The Cure,Disintegration (Deluxe Edition),Pictures Of You - Remastered,62,448306,False,0.476,0.764,9,-6.454,1,0.032,0.00325,0.112,0.138,0.545,171.903,4,punk-rock,1,0.6931471805599453,0.0,0,1,0
85862,1B8MHa0NveCF1ViBEOZWO5,Simple Plan,"No Pads, No Helmets...Just Balls (15th Anniversary Tour Edition)",Addicted,62,232066,False,0.522,0.751,1,-5.46,1,0.0435,0.000491,2.22e-06,0.158,0.605,139.51,3,punk-rock,28,3.367295829986474,0.03571428571428571,1,28,0
85906,6XbmIuDxm4gWpVYoGg5DQX,Simple Plan;State Champs;We The Kings,Where I Belong (feat. We The Kings),Where I Belong (feat. We The Kings),59,190026,False,0.477,0.964,8,-2.459,1,0.096,0.000295,0.0,0.0763,0.597,92.065,4,punk-rock,1,0.6931471805599453,0.0,0,1,0
85988,6DVdsmiWG46btffaXgJH3i,Charly García;Pedro Aznar,Tango 4,Vampiro,35,343893,False,0.61,0.433,2,-13.722,1,0.0285,0.14,0.000307,0.107,0.158,105.118,4,punk-rock,1,0.6931471805599453,0.0,0,1,0
86004,3ZffCQKLFLUvYM59XKLbVm,Green Day,American Idiot,Wake Me up When September Ends,78,285653,False,0.546,0.814,7,-5.146,1,0.0314,0.023,0.0,0.0972,0.146,104.98,4,punk,32,3.4965075614664802,0.03125,1,32,0
86055,6nTiIhLmQ3FWhvrGafw2zj,Green Day,American Idiot,American Idiot,79,176346,True,0.38,0.988,1,-2.042,1,0.0639,2.64e-05,7.86e-05,0.368,0.769,186.113,4,punk,47,3.871201010907891,0.0,0,47,0
86058,6ORqU0bHbVCRjXm9AjyHyZ,Green Day,Nimrod,Good Riddance (Time of Your Life),77,153466,True,0.475,0.432,7,-7.844,1,0.0302,0.183,0.0,0.161,0.648,94.605,4,punk,53,3.9889840465642745,0.0,0,53,0
86108,5vfjUAhefN7IjHbTvVCT4Z,Green Day,Holiday,Holiday,71,233026,False,0.538,0.884,8,-3.251,1,0.031,0.000138,0.0,0.466,0.736,146.511,4,punk,1,0.6931471805599453,0.0,0,1,0
86113,6L89mwZXSOwYl76YXfX13s,Green Day,Dookie,Basket Case,81,181533,False,0.442,0.943,3,-3.205,1,0.0602,0.00293,8.71e-06,0.091,0.781,85.064,4,punk,44,3.8066624897703196,0.0,0,44,0
86162,0MsrWnxQZxPAcov7c74sSo,Green Day,American Idiot,Holiday / Boulevard of Broken Dreams,72,493400,True,0.29,0.827,8,-3.451,1,0.0362,0.000659,2.55e-06,0.301,0.45,167.086,4,punk,46,3.8501476017100584,0.0,0,46,0
86166,1Dr1fXbc2IxaK1Mu8P8Khz,Green Day,Dookie,When I Come Around,76,178000,False,0.531,0.909,11,-4.236,1,0.034,0.0175,0.0,0.231,0.814,97.546,4,punk,25,3.258096538021482,0.0,0,25,0
86215,1HNE2PX70ztbEl6MLxrpNL,Sum 41,"All Killer, No Filler",In Too Deep,76,207093,False,0.568,0.844,9,-5.875,1,0.0505,0.000189,0.0,0.0607,0.766,116.046,4,punk,17,2.8903717578961645,0.058823529411764705,1,17,0
86255,58KPPL1AdLHMvR2O2PZejr,Green Day,American Idiot,Jesus of Suburbia,67,548253,True,0.3,0.929,1,-3.214,1,0.0636,0.000259,2.26e-06,0.329,0.59,147.116,4,punk,1,0.6931471805599453,0.0,0,1,0
86409,3gBiC50QtRYGuo9pL4fQfI,Green Day,21st Century Breakdown,Know Your Enemy,44,191786,False,0.559,0.955,4,-3.924,1,0.0412,0.00237,7.06e-05,0.0566,0.957,129.98,4,punk,1,0.6931471805599453,0.0,0,1,0
86462,7cdnq45E9aP2XDStHg5vd7,The Runaways,The Runaways,Cherry Bomb,69,138706,False,0.501,0.813,11,-8.192,1,0.0639,0.0455,4.75e-05,0.131,0.495,136.59,4,punk,1,0.6931471805599453,0.0,0,1,0
86466,19YmvsVCetCBeVj6O2mljR,Green Day,Revolution Radio,Still Breathing,61,224760,False,0.54,0.902,1,-3.577,1,0.0442,0.0142,0.0,0.0756,0.692,75.033,4,punk,1,0.6931471805599453,0.0,0,1,0
86469,5kr3j5Clb9rjEposoMyLVt,Green Day,Dookie,Welcome to Paradise,69,224133,False,0.37,0.96,3,-4.162,0,0.0378,0.000241,0.0116,0.0563,0.717,89.428,4,punk,1,0.6931471805599453,0.0,0,1,0
86553,1qIgyDoc2rwtq8w49jeWL8,Green Day,¡UNO!,Oh Love,56,303293,False,0.427,0.773,8,-4.222,1,0.115,0.00605,4.02e-06,0.0396,0.695,171.806,4,punk,1,0.6931471805599453,0.0,0,1,0
86554,11I3KKHv7g2pXiuqRDabRA,Green Day,American Idiot,Give Me Novacaine / She's a Rebel,58,326200,False,0.312,0.949,9,-3.533,1,0.0784,0.00185,1.78e-05,0.0569,0.65,154.795,4,punk,1,0.6931471805599453,0.0,0,1,0
86652,2hnMS47jN0etwvFPzYk11f,Sublime,Sublime,Santeria,78,182746,False,0.682,0.765,1,-5.021,0,0.0395,0.0268,3.42e-05,0.188,0.567,90.807,4,punk,56,4.04305126783455,0.0,0,56,0
86753,1nLnpLXvl68RZCSjfkyiaa,Green Day,Insomniac,Brain Stew,69,193000,True,0.559,0.543,1,-5.429,1,0.302,0.00133,2e-05,0.0577,0.337,75.958,4,punk,1,0.6931471805599453,0.0,0,1,0
86757,4wsQGsdf8D0Bj26cGdvreB,Green Day,Dookie,She,67,134293,False,0.37,0.937,1,-3.939,0,0.0356,7.37e-05,0.00817,0.0904,0.874,93.307,4,punk,1,0.6931471805599453,0.0,0,1,0
87002,3SdTKo2uVsxFblQjpScoHy,Ben E. King,Don't Play That Song (Mono),Stand by Me,80,180055,False,0.65,0.306,9,-9.443,1,0.0393,0.57,7.07e-06,0.0707,0.605,118.068,4,r-n-b,2,1.0986122886681098,0.0,0,2,0
87159,48i055G1OT5KxGGftwFxWy,Roy Orbison,"Oh, Pretty Woman","Oh, Pretty Woman",73,178933,False,0.619,0.603,9,-9.481,1,0.0342,0.712,0.0,0.0721,0.958,127.433,4,r-n-b,30,3.4339872044851463,0.03333333333333333,1,30,0
87197,6ozLwDnOkZBN1yir033PyG,El Coyote Y Su Banda Tierra Santa,Como una Huella Digital,La Loba del Mar,50,143880,False,0.799,0.736,8,-7.189,1,0.0582,0.283,0.000347,0.0265,0.975,106.539,3,r-n-b,1,0.6931471805599453,0.0,0,1,0
87401,52HAHV1j93s5B8GoTNI7DJ,Roy Orbison,The Essential Roy Orbison,"Oh, Pretty Woman",63,176933,False,0.609,0.584,9,-9.734,1,0.0353,0.725,0.0,0.0854,0.954,127.306,4,r-n-b,1,0.6931471805599453,0.0,0,1,0
87903,1hQFF33xi8ruavZNyovtUN,Frankie Valli & The Four Seasons,Who Loves You,"December, 1963 (Oh What a Night!)",73,197146,False,0.737,0.495,1,-13.489,1,0.027,0.0588,9.12e-06,0.0542,0.967,104.409,4,r-n-b,1,0.6931471805599453,0.0,0,1,0
88200,7x5xYW5W42OGPAdHUyyguy,R. City;Adam Levine,What Dreams Are Made Of,Locked Away (feat. Adam Levine),78,227480,False,0.509,0.671,1,-5.709,1,0.0678,0.304,0.0,0.0452,0.55,118.413,5,reggae,1,0.6931471805599453,0.0,0,1,0
88550,7k4t7uLgtOxPwTpFmtJNTY,KAROL G;Nicki Minaj,Tusa,Tusa,78,200960,False,0.803,0.715,2,-3.28,1,0.298,0.295,0.000134,0.0574,0.574,101.085,4,reggae,5,1.791759469228055,0.0,0,5,0
88554,0sQLhT32E9ZG2zn5iYR6nN,R. City;Adam Levine,Locked Away (feat. Adam Levine),Locked Away (feat. Adam Levine),62,227280,False,0.508,0.677,1,-5.696,1,0.0656,0.328,0.0,0.0491,0.575,121.928,5,reggae,7,2.0794415416798357,0.5714285714285714,4,7,1
88555,0IqCoZ168iRc9LqfrYgpZy,Camilo;Shawn Mendes,KESI (Remix),KESI - Remix,76,176575,False,0.871,0.815,4,-4.439,1,0.0477,0.127,6.18e-06,0.094,0.823,122.959,4,reggae,1,0.6931471805599453,0.0,0,1,0
88654,1nocRtwyNPVtGcIJqfgdzZ,Camilo;Pedro Capó,Tutu,Tutu,69,178613,False,0.731,0.832,9,-2.592,1,0.0503,0.273,0.0,0.0665,0.94,146.013,4,reggae,1,0.6931471805599453,0.0,0,1,0
88662,75FYqcxt1YEAtqDLrOeIJn,Bob Marley & The Wailers,Exodus,Three Little Birds,78,180266,False,0.826,0.49,9,-10.477,1,0.0676,0.00916,4.41e-06,0.0415,0.627,74.126,4,reggae,11,2.4849066497880004,0.18181818181818182,2,11,0
88663,7BfW1eoDh27W69nxsmRicb,Bob Marley & The Wailers,Confrontation,Buffalo Soldier,72,255840,False,0.929,0.463,9,-8.651,1,0.308,0.142,5.26e-06,0.0634,0.757,124.084,4,reggae,1,0.6931471805599453,0.0,0,1,0
88753,7BuSE9uTIw931wtZYzvZcQ,Sebastian Yatra;Daddy Yankee;Natti Natasha;Jonas Brothers,Runaway,Runaway,62,200693,False,0.756,0.851,2,-3.33,1,0.0674,0.0336,0.0,0.126,0.934,75.014,4,reggae,1,0.6931471805599453,0.0,0,1,0
88754,3tCwjWLicbjsMCvXhN0WOE,MAGIC!,Rude,Rude,66,224773,False,0.743,0.807,1,-3.78,1,0.0364,0.0435,0.0,0.309,0.899,144.062,4,reggae,1,0.6931471805599453,1.0,1,1,1
88807,3AEZUABDXNtecAOSC1qTfo,CNCO,Primera Cita,Reggaetón Lento (Bailemos),73,222560,False,0.761,0.838,4,-3.073,0,0.0502,0.4,0.0,0.176,0.71,93.974,4,reggae,3,1.3862943611198906,0.0,0,3,0
88818,26PwuMotZqcczKLHi4Htz3,Bob Marley & The Wailers,Uprising,Redemption Song,70,233560,False,0.671,0.256,7,-10.743,1,0.0387,0.608,0.0,0.0737,0.694,115.871,4,reggae,26,3.295836866004329,0.038461538461538464,1,26,0
88903,7vrJn5hDSXRmdXoR30KgF1,KAROL G,BICHOTA,BICHOTA,76,178946,True,0.863,0.666,1,-4.158,0,0.152,0.212,0.000493,0.103,0.838,163.908,4,reggae,1,0.6931471805599453,0.0,0,1,0
88951,6t1ahr2f1t9iSjjNFwFb4C,Tash Sultana,Notion,Jungle,66,315602,False,0.589,0.699,1,-5.883,0,0.0291,0.285,8.11e-05,0.0881,0.496,145.997,4,reggae,1,0.6931471805599453,0.0,0,1,0
88958,1Rvl8qsKJurfFTyWLBI9ib,Big Mountain;Tom Lord-Alge,The Best of Big Mountain,"Baby, I Love Your Way",68,249520,False,0.651,0.747,1,-7.269,0,0.0699,0.0528,0.0,0.207,0.776,147.518,4,reggae,2,1.0986122886681098,0.0,0,2,0
89831,1XgpK29CGGjZnxPYkiRbh4,CNCO;Yandel,CNCO,Hey DJ,68,206920,False,0.798,0.809,5,-6.152,1,0.0839,0.0317,0.0,0.214,0.471,90.006,4,reggaeton,3,1.3862943611198906,0.0,0,3,0
89904,5Uel5PmPBZICA0TQTI912U,IAmChino;Pitbull;Yandel;El Chacal,Ay Mi Dios,Ay Mi Dios,71,252003,False,0.761,0.829,0,-3.203,0,0.0682,0.169,0.0,0.189,0.814,92.034,4,reggaeton,4,1.6094379124341003,0.0,0,4,0
89957,2rCbl9naJYhaxjLsfx88uM,Sebastian Yatra;Myke Towers,Pareja Del Año,Pareja Del Año,77,195053,False,0.715,0.622,4,-5.102,0,0.046,0.163,0.0,0.0948,0.808,80.015,4,reggaeton,3,1.3862943611198906,0.0,0,3,0
89964,7iqOIHHEmu6Vhw25GgQ2eA,J Balvin;Sech,JOSE,Una Nota,71,170760,False,0.662,0.788,3,-4.55,0,0.205,0.0191,0.0,0.0559,0.711,179.876,4,reggaeton,1,0.6931471805599453,0.0,0,1,0
89967,456xBIOmLRoLzCvCzZrWge,J Balvin;Pharrell Williams;BIA;Sky Rompiendo,Energía,Safari,68,205600,False,0.689,0.675,0,-4.281,1,0.32,0.531,3.17e-06,0.115,0.604,180.065,4,reggaeton,1,0.6931471805599453,0.0,0,1,0
89972,704LUEih663hiE3CnyUrFW,KAROL G,SEJODIOTO,SEJODIOTO,79,181106,True,0.822,0.736,1,-3.969,1,0.15,0.157,0.000781,0.0748,0.679,175.93,4,reggaeton,1,0.6931471805599453,0.0,0,1,0
89977,7Bk0uXKk1uPT0XuQbpFzvs,Los Legendarios;Wisin;Jhay Cortez,Los Legendarios 001,Fiel,75,261665,False,0.849,0.701,6,-4.407,0,0.06,0.407,0.0,0.112,0.505,98.005,4,reggaeton,2,1.0986122886681098,0.0,0,2,0
90000,44AyOl4qVkzS48vBsbNXaC,Elvis Presley,Blue Hawaii,Can't Help Falling in Love,80,182360,False,0.396,0.293,2,-14.062,1,0.0275,0.941,0.000196,0.105,0.343,100.307,3,rock-n-roll,44,3.8066624897703196,0.0,0,44,0
90005,1H5IfYyIIAlgDX8zguUzns,Elvis Presley,From Elvis in Memphis,Suspicious Minds,76,261279,False,0.487,0.382,7,-10.889,1,0.0309,0.0422,4.74e-06,0.411,0.714,116.557,4,rock-n-roll,1,0.6931471805599453,0.0,0,1,0
90050,0D1pEisM3QkiacGXJe5dmd,Elvis Presley,Elvis 30 #1 Hits,(You're The) Devil in Disguise,67,140426,False,0.481,0.733,5,-7.633,1,0.165,0.575,1.18e-05,0.108,0.874,122.909,4,rock-n-roll,1,0.6931471805599453,0.0,0,1,0
90053,4gphxUgq0JSFv2BCLhNDiE,Elvis Presley,Elvis' Golden Records,Jailhouse Rock,68,146480,False,0.647,0.582,10,-9.538,0,0.0755,0.41,1.93e-06,0.0715,0.915,167.396,4,rock-n-roll,62,4.143134726391533,0.11290322580645161,7,62,0
90055,7zMUCLm1TN9o9JlLISztxO,Elvis Presley,Elvis (Fool),Burning Love,74,170293,False,0.66,0.748,2,-11.206,1,0.0284,0.0993,0.00585,0.283,0.972,143.549,4,rock-n-roll,67,4.219507705176107,0.0,0,67,0
90151,5gJKsGij5oGt5H5RSFYXPa,The Champs,Greatest Hits / Tequila,Tequila,60,135240,False,0.671,0.742,5,-9.912,1,0.0441,0.121,0.679,0.0601,0.897,89.748,4,rock-n-roll,1,0.6931471805599453,0.0,0,1,0
90152,64Ny7djQ6rNJspquof2KoX,Elvis Presley,Elvis' Golden Records,Hound Dog,66,136026,False,0.494,0.756,0,-8.492,1,0.0499,0.733,0.00505,0.76,0.949,86.895,4,rock-n-roll,1,0.6931471805599453,0.0,0,1,0
90154,47gmoUrZV3w20JAnQOZMcO,Elvis Presley,Elvis Presley,Blue Suede Shoes,66,119200,False,0.557,0.66,2,-7.706,1,0.056,0.654,1.66e-06,0.138,0.962,95.252,4,rock-n-roll,15,2.772588722239781,0.0,0,15,0
90260,6r20M5DWYdIoCDmDViBxuz,Roy Orbison,Mystery Girl,You Got It,69,210266,False,0.649,0.618,9,-10.728,1,0.0265,0.596,1.46e-06,0.192,0.667,114.688,4,rock-n-roll,1,0.6931471805599453,0.0,0,1,0
90553,2TE4xW3ImvpltVU0cPcKUn,Shakin' Stevens,Merry Christmas Everyone,Merry Christmas Everyone,63,220160,False,0.534,0.904,9,-3.315,1,0.0369,0.129,0.0,0.128,0.96,202.899,4,rock-n-roll,1,0.6931471805599453,0.0,0,1,0
90560,6C7aTTCUWRK7dD379yUT3W,Chuck Berry,Berry Is On Top,Roll Over Beethoven,60,144600,False,0.715,0.797,3,-10.154,1,0.193,0.837,0.0,0.209,0.841,92.739,4,rock-n-roll,19,2.995732273553991,0.05263157894736842,1,19,0
90574,5d6ZRqgbz26Sg4bk1oifQw,Carl Perkins,The Dance Album,Blue Suede Shoes,58,134445,False,0.548,0.673,4,-7.318,0,0.0364,0.448,8.53e-05,0.342,0.965,168.891,4,rock-n-roll,7,2.0794415416798357,0.2857142857142857,2,7,0
90605,6pyex9B1kBoRIuabBAc4m8,Elvis Presley,Elvis 30 #1 Hits,Jailhouse Rock,57,155333,False,0.635,0.672,10,-6.788,0,0.0637,0.314,5.03e-06,0.0688,0.895,166.903,4,rock-n-roll,1,0.6931471805599453,0.0,0,1,0
90615,0ZvgXNstN4o2ZXPomtBYVp,Little Richard,Good Golly!,"Good Golly, Miss Molly",61,129132,False,0.563,0.741,7,-11.947,1,0.0486,0.602,0.00251,0.325,0.967,164.15,4,rock-n-roll,7,2.0794415416798357,0.14285714285714285,1,7,0
90655,0tHcXWIYt99GY8BONrPIfA,Elvis Presley,For LP Fans Only,That's All Right,59,115280,False,0.655,0.405,2,-9.825,1,0.036,0.808,1.33e-06,0.116,0.696,105.272,4,rock-n-roll,22,3.1354942159291497,0.045454545454545456,1,22,0
90717,11fNLqDB47gMKj7BHhR2Qr,The Everly Brothers,The Very Best of The Everly Brothers,Wake up Little Susie,61,123520,False,0.709,0.62,2,-9.382,1,0.034,0.318,0.0,0.0426,0.936,93.723,4,rock-n-roll,1,0.6931471805599453,0.0,0,1,0
90751,2OCoH12t6olzx9bT1PEC8F,Chuck Berry,Rockin' At The Hops,Let It Rock - Single Version,56,102800,False,0.632,0.716,10,-12.387,0,0.0646,0.581,2.48e-05,0.181,0.935,164.851,4,rock-n-roll,40,3.713572066704308,0.0,0,40,0
90756,39zODpVtRvghMyfNjZ3BVK,Elvis Presley,"Elvis' Golden Records, Vol. 3",Stuck on You,54,139640,False,0.647,0.513,7,-12.372,1,0.0421,0.758,8.64e-06,0.108,0.955,131.641,4,rock-n-roll,29,3.4011973816621555,0.06896551724137931,2,29,0
90800,7p6ZGUXjUe0ctAu5RNnghu,Chuck Berry,Pulp Fiction (Music From The Motion Picture),You Never Can Tell,46,161453,False,0.581,0.687,7,-14.152,1,0.15,0.694,7.05e-05,0.305,0.892,157.291,4,rock-n-roll,1,0.6931471805599453,0.0,0,1,0
90813,40fD7ct05FvQHLdQTgJelG,Bobby Darin,Bobby Darin,Splish Splash,59,131719,False,0.645,0.943,0,-1.526,1,0.0393,0.385,0.0,0.37,0.965,147.768,4,rock-n-roll,1,0.6931471805599453,0.0,0,1,0
90851,1KLpjQFgubHI3GkAICCNH3,Bobby Darin,The Ultimate Bobby Darin,Dream Lover,59,150706,False,0.526,0.774,5,-1.692,1,0.0459,0.715,0.0,0.437,0.715,131.715,4,rock-n-roll,2,1.0986122886681098,0.0,0,2,0
90909,6U7QjXYOaLJ741cIWPBTyN,Roy Orbison,The Essential Roy Orbison,I Drove All Night,59,226893,False,0.478,0.624,5,-11.16,1,0.0393,0.655,0.00197,0.114,0.579,138.708,4,rock-n-roll,1,0.6931471805599453,0.0,0,1,0
90910,3QiAAp20rPC3dcAtKtMaqQ,Elvis Presley,Elvis' Christmas Album,Blue Christmas,59,129173,False,0.465,0.27,4,-16.661,1,0.0425,0.9,0.00104,0.145,0.58,94.518,4,rock-n-roll,13,2.6390573296152584,0.0,0,13,0
91010,1zB4vmk8tFRmM9UULNzbLB,Imagine Dragons,Evolve,Thunder,85,187146,False,0.605,0.822,0,-4.833,1,0.0438,0.00671,0.134,0.147,0.288,167.997,4,rock,28,3.367295829986474,0.0,0,28,0
91011,0pqnGHJpmpxLKifKRmU6WP,Imagine Dragons,Evolve,Believer,88,204346,False,0.776,0.78,10,-4.374,0,0.128,0.0622,0.0,0.081,0.666,124.949,4,rock,22,3.1354942159291497,0.0,0,22,0
91016,6Qn5zhYkTa37e91HC1D7lb,Imagine Dragons,Evolve,Whatever It Takes,81,201240,False,0.672,0.655,10,-5.021,0,0.0311,0.0362,0.0,0.117,0.556,134.945,4,rock,10,2.3978952727983707,0.0,0,10,0
91018,2RSHsoi04658QL5xgQVov3,Imagine Dragons,Origins (Deluxe),Bad Liar,81,260773,False,0.383,0.637,3,-6.993,1,0.0703,0.0722,0.0,0.368,0.0827,177.913,4,rock,26,3.295836866004329,0.0,0,26,0
91052,7wMq5n8mYSKlQIGECKUgTX,The Script;will.i.am,#3 Deluxe Version,Hall of Fame (feat. will.i.am),80,202533,False,0.421,0.873,10,-4.343,1,0.0564,0.0654,0.0,0.123,0.629,84.786,4,rock,48,3.8918202981106265,0.125,6,48,0
91103,2GiJYvgVaD2HtM8GqD9EgQ,BØRNS,Dopamine,Electric Love,82,218106,False,0.611,0.797,6,-7.627,0,0.0533,0.00543,0.00137,0.26,0.518,120.041,4,rock,46,3.8501476017100584,0.021739130434782608,1,46,0
91106,6i0V12jOa3mr6uu4WYhUBr,Twenty One Pilots,Heathens,Heathens,81,195920,False,0.732,0.396,4,-9.348,0,0.0286,0.0841,3.58e-05,0.105,0.548,90.024,4,rock,1,0.6931471805599453,0.0,0,1,0
91107,2Z8WuEywRWYTKe1NybPQEW,Twenty One Pilots,Blurryface,Ride,82,214506,False,0.645,0.713,6,-5.355,1,0.0393,0.00835,0.0,0.113,0.566,74.989,4,rock,1,0.6931471805599453,0.0,0,1,0
91113,2FY7b99s15jUprqC0M5NCT,Imagine Dragons,Origins (Deluxe),Natural,82,189466,False,0.704,0.611,2,-6.112,1,0.0409,0.217,0.0,0.0812,0.22,100.0,4,rock,31,3.4657359027997265,0.03225806451612903,1,31,0
91151,6JIC3hbC28JZKZ8AlAqX8h,Elton John;Dua Lipa;PNAU,The Lockdown Sessions,Cold Heart - PNAU Remix,83,202735,False,0.795,0.8,1,-6.32,1,0.0309,0.0354,7.25e-05,0.0915,0.934,116.032,4,rock,1,0.6931471805599453,0.0,0,1,0
91268,0GONea6G2XdnHWjNZd6zt3,Bryan Adams,Reckless (30th Anniversary / Deluxe Edition),Summer Of '69,82,216053,False,0.508,0.834,2,-6.205,1,0.0386,0.0183,0.0,0.0732,0.774,139.131,4,rock,1,0.6931471805599453,0.0,0,1,0
91308,37sINbJZcFdHFAsVNsPq1i,The Script,No Sound Without Silence,Superheroes,75,245466,False,0.49,0.885,3,-4.121,1,0.0396,0.00218,0.0,0.0741,0.64,166.996,4,rock,39,3.6888794541139363,0.20512820512820512,8,39,0
91350,4RCWB3V8V0dignt99LZ8vH,Plain White T's,All That We Needed,Hey There Delilah,80,232533,False,0.656,0.291,2,-10.572,1,0.0293,0.872,0.0,0.114,0.298,103.971,4,rock,20,3.044522437723423,0.0,0,20,0
91352,23OXdR7YuUBVWh5hSnYJau,Twenty One Pilots,Trench,Chlorine,76,324466,False,0.609,0.674,10,-7.388,0,0.0548,0.0735,0.06,0.345,0.315,90.009,4,rock,1,0.6931471805599453,0.0,0,1,0
91365,4u7EnebtmKWzUH433cf5Qv,Queen,A Night At The Opera (2011 Remaster),Bohemian Rhapsody - Remastered 2011,82,354320,False,0.414,0.404,0,-9.928,0,0.0499,0.271,0.0,0.3,0.224,71.105,4,rock,6,1.9459101490553132,0.0,0,6,0
91404,6fNhZRFEkBfgW39W3wKARJ,Bastille,Bad Blood,Pompeii,76,214147,False,0.679,0.715,9,-6.383,1,0.0407,0.0755,0.0,0.271,0.571,127.435,4,rock,38,3.6635616461296463,0.05263157894736842,2,38,0
91503,5rgy6ghBq1eRApCkeUdJXf,fun.;Janelle Monáe,Some Nights,We Are Young (feat. Janelle Monáe),77,250626,False,0.378,0.638,10,-5.576,1,0.075,0.02,7.66e-05,0.0849,0.735,184.086,4,rock,37,3.6375861597263857,0.0,0,37,0
91504,2KH16WveTQWT6KOG9Rg6e2,Survivor,Rocky IV,Eye of the Tiger,77,245640,False,0.817,0.599,0,-9.249,0,0.0328,0.132,0.000311,0.0873,0.548,108.873,4,rock,2,1.0986122886681098,0.5,1,2,1
91511,4HlFJV71xXKIGcU3kRyttv,Train,"Save Me, San Francisco (Golden Gate Edition)","Hey, Soul Sister",82,216773,False,0.673,0.886,1,-4.44,0,0.0431,0.185,0.0,0.0826,0.795,97.012,4,rock,23,3.1780538303479458,0.0,0,23,0
91606,6Tvzf3VEi16JMhAgOwdt2y,Imagine Dragons,Origins (Deluxe),Birds,72,219440,False,0.649,0.517,1,-7.428,0,0.0297,0.0146,1.63e-06,0.145,0.35,119.997,4,rock,22,3.1354942159291497,0.045454545454545456,1,22,0
91609,7pKfPomDEeI4TPT6EOYjn9,John Lennon,Imagine,Imagine - Remastered 2010,77,187866,False,0.547,0.257,0,-12.358,1,0.0252,0.907,0.183,0.0935,0.169,75.752,4,rock,101,4.624972813284271,0.0297029702970297,3,101,0
91615,5T8EDUDqKcs6OSOwEsfqG7,Queen,Jazz (2011 Remaster),Don't Stop Me Now - Remastered 2011,82,209413,False,0.559,0.868,5,-5.276,1,0.17,0.0475,0.000176,0.776,0.609,156.295,4,rock,1,0.6931471805599453,0.0,0,1,0
91722,37Tmv4NnfQeb0ZgUC4fOJj,Dire Straits,Dire Straits,Sultans Of Swing,81,348400,False,0.733,0.794,5,-10.023,1,0.0307,0.0614,0.0367,0.33,0.931,148.174,4,rock,1,0.6931471805599453,0.0,0,1,0
91757,7FdUvDkaE24o3FPIWTvzv2,Imagine Dragons,Follow You / Cutthroat,Follow You,73,175643,False,0.542,0.732,9,-5.956,1,0.0521,0.00209,7.92e-05,0.496,0.489,124.912,4,rock,2,1.0986122886681098,0.0,0,2,0
91758,0vg4WnUWvze6pBOJDTq99k,James Blunt,Back to Bedlam,You're Beautiful,76,209493,True,0.675,0.479,0,-9.87,0,0.0278,0.633,1.76e-05,0.088,0.454,81.998,4,rock,52,3.970291913552122,0.019230769230769232,1,52,0
91768,4Tt6GiWS2V9sQjZjS2xjp2,Andy Grammer,Magazines Or Novels,"Honey, I'm Good.",48,199263,False,0.754,0.802,9,-6.424,1,0.0551,0.0349,0.0,0.335,0.583,122.026,4,rock,4,1.6094379124341003,0.0,0,4,0
91802,7iAqvWLgZzXvH38lA06QZg,Queen,Bohemian Rhapsody (The Original Soundtrack),I Want To Break Free,72,223080,False,0.807,0.414,4,-8.903,1,0.0352,0.105,2.57e-05,0.0813,0.502,108.944,4,rock,1,0.6931471805599453,0.0,0,1,0
91805,0FB5ILDICqwK6xj7W1RP9u,The Script,#3 Deluxe Version,Hall of Fame,60,201093,False,0.511,0.872,10,-4.414,1,0.0491,0.0807,0.0,0.0975,0.511,84.953,4,rock,8,2.1972245773362196,0.75,6,8,1
91853,2WfaOiMkCvy7F5fcp2zZ8L,a-ha,Hunting High and Low,Take on Me,85,225280,False,0.573,0.902,6,-7.638,0,0.054,0.018,0.00125,0.0928,0.876,84.412,4,rock,1,0.6931471805599453,0.0,0,1,0
91858,6TEftSkmWdTm1EpThnwqh6,Imagine Dragons,Mercury - Acts 1 & 2,Wrecked,73,244004,False,0.625,0.562,0,-5.828,0,0.0289,0.149,1.67e-05,0.109,0.229,93.998,4,rock,4,1.6094379124341003,0.25,1,4,0
91914,5qqabIl2vWzo9ApSC317sa,Oasis,(What's The Story) Morning Glory? [Remastered],Wonderwall - Remastered,78,258773,False,0.378,0.896,2,-4.066,1,0.0407,0.000452,0.0,0.194,0.469,174.302,4,rock,59,4.0943445622221,0.03389830508474576,2,59,0
91969,2fuCquhmrzHpu5xcA1ci9x,Queen;David Bowie,Hot Space (2011 Remaster),Under Pressure - Remastered 2011,79,248440,False,0.671,0.712,2,-7.815,1,0.0476,0.429,0.0,0.103,0.462,113.805,4,rock,1,0.6931471805599453,0.0,0,1,0
92171,2EjXfH91m7f8HiJN1yQg97,Brenda Lee,Merry Christmas From Brenda Lee,Rockin' Around The Christmas Tree,71,126266,False,0.589,0.472,8,-8.749,1,0.0502,0.614,0.0,0.505,0.898,67.196,4,rockabilly,29,3.4011973816621555,0.034482758620689655,1,29,0
92554,3E5ndyOfO6vFDEIE42HA8o,Bobby Darin,That's All,Mack the Knife,62,184333,False,0.549,0.529,3,-12.291,0,0.108,0.76,0.0,0.206,0.464,82.755,4,rockabilly,42,3.7612001156935624,0.023809523809523808,1,42,0
92605,6eLL7QTdMWdhhG4i3jHDR9,Roy Orbison,Crying,Crying,59,166466,False,0.35,0.293,2,-9.502,1,0.0258,0.758,8.21e-06,0.104,0.162,96.685,4,rockabilly,1,0.6931471805599453,0.0,0,1,0
92679,60HibhiSF8eBC2w4DWgorI,Loquillo,Heroes De Los 80,Cadillac solitario,55,214560,False,0.393,0.828,11,-4.147,0,0.0332,0.0746,0.00192,0.148,0.473,129.743,1,rockabilly,1,0.6931471805599453,0.0,0,1,0
92737,3U9Kkv90QElks0pzIgfAxw,Buddy Holly,Buddy Holly,Words Of Love,52,117213,False,0.626,0.453,9,-10.118,1,0.0269,0.112,0.226,0.0539,0.615,129.402,4,rockabilly,1,0.6931471805599453,0.0,0,1,0
92801,4GAhAw0RCzNVP976NRMOqO,Elvis Presley,Elvis' Golden Records,"Love Me Tender - From the 20th Century-Fox CinemaScope Production, ""Love Me Tender""",51,161360,False,0.396,0.0373,9,-18.642,1,0.0416,0.907,4.41e-05,0.111,0.302,103.051,3,rockabilly,32,3.4965075614664802,0.03125,1,32,0
92809,2EIaO5knwUA3F2qnf9LV3S,Bobby Darin,The Ultimate Bobby Darin,Beyond the Sea,57,172480,False,0.521,0.516,2,-7.456,0,0.0369,0.723,0.0,0.257,0.569,136.483,4,rockabilly,8,2.1972245773362196,0.0,0,8,0
92818,2pnPe4pJtq7689i5ydzvJJ,Chuck Berry,Rock 'N' Roll Rarities,Run Rudolph Run,59,165733,False,0.681,0.715,7,-10.609,0,0.0912,0.812,9.43e-06,0.0777,0.957,152.132,4,rockabilly,2,1.0986122886681098,0.0,0,2,0
92850,5j8cflZIx0GwvlkzPImbtK,Elvis Presley,A Boy From Tupelo: The Complete 1953-1955 Recordings,"Baby, Let's Play House",51,139040,False,0.668,0.65,4,-9.373,1,0.042,0.733,0.0284,0.122,0.961,103.975,4,rockabilly,11,2.4849066497880004,0.18181818181818182,2,11,0
94006,6Pgmqg15yVexuOgtzuxwoX,347aidan,Dancing in My Room,Dancing in My Room,74,180138,True,0.98,0.413,8,-11.052,0,0.101,0.671,7.95e-05,0.17,0.764,119.993,4,sad,1,0.6931471805599453,0.0,0,1,0
95050,3QHMxEOAGD51PDlbFPHLyJ,Marc Anthony,3.0,Vivir Mi Vida,76,252346,False,0.656,0.877,0,-3.231,0,0.0342,0.345,0.0,0.349,0.894,105.018,4,salsa,46,3.8501476017100584,0.06521739130434782,3,46,0
95550,47TyfLrGhYHHyyQWk64d0M,Marc Anthony,3.0,Flor Pálida,73,280453,False,0.574,0.802,7,-3.976,1,0.0316,0.659,5.07e-06,0.0765,0.739,93.537,4,salsa,1,0.6931471805599453,0.0,0,1,0
98000,0Gl5s8IhMmQE5YQwM8Qx1J,Loren Allred,The Greatest Showman (Original Motion Picture Soundtrack),Never Enough,75,207786,False,0.277,0.394,8,-8.903,1,0.0336,0.423,0.0,0.0952,0.227,86.777,3,show-tunes,3,1.3862943611198906,0.0,0,3,0
98004,65fpYBrI8o2cfrwf2US4gq,Zac Efron;Zendaya,The Greatest Showman (Original Motion Picture Soundtrack),Rewrite The Stars,74,217440,False,0.684,0.619,10,-7.005,1,0.0386,0.0716,0.0,0.122,0.284,125.046,4,show-tunes,3,1.3862943611198906,0.0,0,3,0
98005,0RoA7ObU6phWpqhlC9zH4Z,Ziv Zaifman;Hugh Jackman;Michelle Williams,The Greatest Showman (Original Motion Picture Soundtrack),A Million Dreams,74,269453,False,0.265,0.312,7,-11.689,1,0.0569,0.243,0.0,0.0893,0.0998,54.747,3,show-tunes,7,2.0794415416798357,0.0,0,7,0
98010,45aBsnKRWUzhwbcqOJLwfe,Keala Settle;The Greatest Showman Ensemble,The Greatest Showman (Original Motion Picture Soundtrack),This Is Me,74,234706,False,0.284,0.704,2,-7.276,1,0.186,0.00583,0.000115,0.0424,0.1,191.702,4,show-tunes,5,1.791759469228055,0.0,0,5,0
98011,4ylWMuGbMXNDgDd8lErEle,Hugh Jackman;Keala Settle;Zac Efron;Zendaya;The Greatest Showman Ensemble,The Greatest Showman (Original Motion Picture Soundtrack),The Greatest Show,72,302146,False,0.417,0.824,11,-7.36,0,0.105,0.000239,0.0545,0.0725,0.4,157.92,4,show-tunes,2,1.0986122886681098,0.0,0,2,0
98061,5rWIO1uP0GwAoU45RTBJ2F,Zac Efron;Vanessa Hudgens;Disney,High School Musical 2 (Original Soundtrack),Gotta Go My Own Way,67,222360,False,0.555,0.692,9,-4.767,1,0.0277,0.0864,3.25e-05,0.232,0.313,88.995,4,show-tunes,1,0.6931471805599453,0.0,0,1,0
98062,66y7x28jXOPrcmu3D5Zjh6,Austyn Johnson;Cameron Seely;Hugh Jackman,The Greatest Showman (Original Motion Picture Soundtrack),A Million Dreams (Reprise),63,60453,False,0.253,0.139,6,-17.067,1,0.0414,0.726,5.01e-05,0.269,0.102,74.369,3,show-tunes,2,1.0986122886681098,0.0,0,2,0
98071,3IkWmgGsXbsafrunwPojXO,Hugh Jackman;The Greatest Showman Ensemble,The Greatest Showman (Original Motion Picture Soundtrack),From Now On,71,349560,False,0.516,0.518,4,-10.383,1,0.04,0.00483,0.00895,0.585,0.0834,108.027,4,show-tunes,2,1.0986122886681098,0.0,0,2,0
98074,2xGjteMU3E1tkEPVFBO08U,Keala Settle;The Greatest Showman Ensemble,This Is Me,This Is Me,66,234706,False,0.284,0.704,2,-7.276,1,0.186,0.00583,0.000115,0.0424,0.1,191.702,4,show-tunes,3,1.3862943611198906,0.0,0,3,0
98094,1QBoJK6GLAYMlNblm5gFBP,Keala Settle;The Greatest Showman Ensemble;Alan Walker,"This Is Me (Alan Walker Relift; from ""The Greatest Showman"")","This Is Me - Alan Walker Relift; from ""The Greatest Showman""",48,215758,False,0.422,0.824,2,-3.447,1,0.0756,0.129,0.0,0.304,0.294,95.331,4,show-tunes,1,0.6931471805599453,0.0,0,1,0
98182,4EaBMhUIOfnFEbIgqCfKbi,Andrew Lloyd Webber;Gerard Butler;Emmy Rossum,The Phantom Of The Opera (Original Motion Picture Soundtrack),The Phantom Of the Opera - From 'The Phantom Of The Opera' Motion Picture,62,216133,False,0.444,0.608,2,-12.175,0,0.0532,0.168,3.36e-06,0.118,0.354,119.985,4,show-tunes,1,0.6931471805599453,0.0,0,1,0
98250,0Ie5uiv54KgCr7P4sYDTHl,Idina Menzel;Michael Bublé,Holiday Wishes,Baby It's Cold Outside (duet with Michael Bublé),57,166146,False,0.553,0.476,0,-8.869,1,0.0649,0.647,0.0,0.281,0.558,113.401,3,show-tunes,1,0.6931471805599453,0.0,0,1,0
98264,7INfvdwN774P6hKTIt7ogZ,Andrew Lloyd Webber;Patrick Wilson;Simon Callow;Ciaran Hinds,The Phantom Of The Opera (Original Motion Picture Soundtrack / Deluxe Edition),We Have All Been Blind,29,235533,False,0.357,0.0366,7,-24.022,0,0.0765,0.79,0.0,0.479,0.1,139.666,3,show-tunes,1,0.6931471805599453,0.0,0,1,0
98802,4GDSnxxtmIyVS4Twl7Y7UB,Stephen Sondheim,Company,Being Alive,47,306760,False,0.366,0.414,3,-7.413,1,0.0418,0.887,0.0,0.0671,0.15,98.31,4,show-tunes,2,1.0986122886681098,0.0,0,2,0
98868,4TxbUrVjT6ZYQ1jVPTeTvA,Andrew Lloyd Webber;Michael Crawford;Sarah Brightman;Steve Barton,Highlights From The Phantom Of The Opera,The Mirror (Angel Of Music),21,124359,False,0.218,0.265,9,-14.536,1,0.0526,0.674,0.00621,0.129,0.0833,79.676,4,show-tunes,1,0.6931471805599453,0.0,0,1,0
98974,5QwsotyVII6Qh7LCLtvOpZ,Andrew Lloyd Webber;Phantom Of The Opera Original London Cast,Highlights From The Phantom Of The Opera,Masquerade,20,327893,False,0.387,0.33,0,-15.002,1,0.0644,0.667,0.0,0.248,0.406,95.374,3,show-tunes,1,0.6931471805599453,0.0,0,1,0
99017,3dYD57lRAUcMHufyqn9GcI,Hozier,Hozier,Take Me To Church,83,241688,False,0.566,0.664,4,-5.303,0,0.0464,0.634,0.0,0.116,0.437,128.945,4,singer-songwriter,53,3.9889840465642745,0.0,0,53,0
99103,2jdAk8ATWIL3dwT47XpRfu,John Mayer,Continuum,Slow Dancing in a Burning Room,74,242000,False,0.667,0.361,1,-8.69,0,0.0273,0.575,0.00506,0.0805,0.29,134.018,5,singer-songwriter,74,4.31748811353631,0.05405405405405406,4,74,0
99161,3TjoLn6AliBGi3QbwwTxKp,Hozier,Swan Upon Leda,Swan Upon Leda,70,222026,False,0.312,0.399,2,-8.506,1,0.0321,0.471,0.583,0.13,0.144,126.025,4,singer-songwriter,3,1.3862943611198906,0.0,0,3,0
99216,4LGJ2pLDvTRnul3EcZoYkX,Hozier,Hozier,Like Real People Do,68,198029,False,0.569,0.183,7,-14.371,1,0.0298,0.914,0.404,0.106,0.13,70.06,3,singer-songwriter,20,3.044522437723423,0.1,2,20,0
99219,4Q66chx9WzqWcLItXoZ5r4,Hozier,Hozier,Cherry Wine - Live,67,240147,False,0.418,0.111,1,-14.848,1,0.0389,0.953,0.00342,0.0982,0.228,82.508,4,singer-songwriter,31,3.4657359027997265,0.03225806451612903,1,31,0
99221,51lPx6ZCSalL2kvSrDUyJc,John Mayer,The Search for Everything,You're Gonna Live Forever in Me,74,190013,False,0.542,0.131,7,-14.104,1,0.0316,0.983,0.00544,0.156,0.319,136.161,4,singer-songwriter,70,4.2626798770413155,0.014285714285714285,1,70,0
99261,3SktMqZmo3M9zbB7oKMIF7,John Mayer,Continuum,Gravity,72,245826,False,0.753,0.326,7,-9.883,1,0.0342,0.731,0.00131,0.24,0.237,123.799,3,singer-songwriter,57,4.060443010546419,0.017543859649122806,1,57,0
99301,6gPPoRYJwCsoB2VVdPJfmo,David Kushner,Miserable Man,Miserable Man,71,232991,False,0.632,0.349,10,-10.289,1,0.0346,0.926,7.5e-05,0.294,0.307,109.981,4,singer-songwriter,2,1.0986122886681098,0.0,0,2,0
99319,7vFv0yFGMJW3qVXbAd9BK9,John Mayer,Room For Squares,Your Body Is a Wonderland,74,249626,False,0.647,0.729,5,-6.251,1,0.0236,0.0206,0.0489,0.134,0.687,94.01,4,singer-songwriter,63,4.1588830833596715,0.047619047619047616,3,63,0
99364,22sS7JkzeVeq4vOPCB6Fbj,Hozier,Hozier,Someone New,67,222813,False,0.593,0.539,7,-5.946,1,0.0349,0.407,2.31e-06,0.286,0.577,91.98,4,singer-songwriter,30,3.4339872044851463,0.06666666666666667,2,30,0
99372,0bkW98npv8EsWQ2fXFzK56,Hozier,Hozier,From Eden,63,283466,False,0.395,0.676,0,-5.46,1,0.0498,0.608,4.86e-05,0.117,0.315,142.929,5,singer-songwriter,62,4.143134726391533,0.04838709677419355,3,62,0
99373,35PKfoynRpVFoAUE3D5Kc6,Hozier,Hozier,Work Song,63,229715,False,0.432,0.388,10,-7.687,1,0.1,0.776,0.0,0.112,0.256,177.549,3,singer-songwriter,8,2.1972245773362196,0.0,0,8,0
99424,0SFq19lgG4qbQAZaNZ3xhO,Hozier,"Wasteland, Baby!",Movement,62,237800,False,0.381,0.502,1,-5.505,0,0.0368,0.16,6.98e-05,0.0842,0.147,144.3,4,singer-songwriter,1,0.6931471805599453,0.0,0,1,0
99428,4Im6GRj17qa7NW76OsJh1s,John Mayer,Sob Rock,I Guess I Just Feel Like,70,286386,False,0.548,0.483,4,-9.102,1,0.0268,0.515,0.0674,0.0922,0.166,159.952,4,singer-songwriter,78,4.3694478524670215,0.05128205128205128,4,78,0
99450,11BAVEGi1ivJ6JWLqKUNrZ,Matt Simons;Deepend,When The Lights Go Down,Catch & Release - Deepend Remix,70,195173,False,0.838,0.536,1,-8.645,0,0.0478,0.555,0.000376,0.111,0.107,104.988,4,singer-songwriter,35,3.58351893845611,0.0,0,35,0
99470,0tgBtQ0ISnMQOKorrN9HLX,John Mayer,Sob Rock,Last Train Home,69,187306,False,0.591,0.831,4,-6.612,1,0.0355,0.235,0.00142,0.0571,0.678,93.007,4,singer-songwriter,53,3.9889840465642745,0.05660377358490566,3,53,0
99474,5imShWWzwqfAJ9gXFpGAQh,John Mayer,Continuum,Waiting On the World to Change,73,201173,False,0.578,0.756,2,-5.82,1,0.115,0.157,0.000232,0.249,0.663,176.739,4,singer-songwriter,91,4.5217885770490405,0.02197802197802198,2,91,0
99476,7uttm8Iurm5uK67Vr9G2Sp,Hozier,"Wasteland, Baby!",Almost (Sweet Music),63,217480,False,0.523,0.687,7,-5.601,1,0.105,0.0215,2.86e-06,0.203,0.711,90.036,4,singer-songwriter,19,2.995732273553991,0.05263157894736842,1,19,0
99477,5vd1QZ0tdXOExiegC55IAS,Neil Young,"Eat, Pray, Love",Heart Of Gold,74,188440,False,0.55,0.525,7,-8.754,1,0.0275,0.288,0.0172,0.106,0.806,171.172,4,singer-songwriter,2,1.0986122886681098,0.0,0,2,0
99484,4LloVtxNZpeh7q7xdi1DQc,John Mayer,Where the Light Is: John Mayer Live In Los Angeles,"Free Fallin' - Live at the Nokia Theatre, Los Angeles, CA - December 2007",72,263573,False,0.315,0.296,5,-13.262,1,0.0315,0.771,0.0,0.702,0.435,173.509,4,singer-songwriter,91,4.5217885770490405,0.02197802197802198,2,91,0
99514,7cpCU3Denug5NGZsSpQl8v,John Mayer,XO,XO,70,213626,False,0.431,0.377,2,-9.753,1,0.0288,0.749,0.0,0.211,0.353,173.67,4,singer-songwriter,4,1.6094379124341003,0.25,1,4,0
99518,4Szq4dulKN9bOvLRW6uMdZ,John Mayer,Sob Rock,Carry Me Away,66,159133,False,0.677,0.713,4,-6.626,1,0.0288,0.0117,0.15,0.0952,0.744,119.997,4,singer-songwriter,10,2.3978952727983707,0.0,0,10,0
99520,5gbxzSqABThINGDb7vIiwe,John Mayer,Battle Studies,Edge of Desire,61,332066,False,0.606,0.441,9,-9.303,1,0.0272,0.326,0.0128,0.116,0.455,66.443,3,singer-songwriter,2,1.0986122886681098,0.0,0,2,0
99570,3ieUtb4ecQgEYxae8dzEUi,Hozier,"Wasteland, Baby!",Shrike,65,298880,False,0.506,0.275,7,-8.464,0,0.0292,0.494,0.00377,0.101,0.0639,153.769,3,singer-songwriter,7,2.0794415416798357,0.0,0,7,0
99571,17UVxL0MYEmKzXppfUL5in,Sufjan Stevens,Carrie & Lowell,The Only Thing,64,284130,False,0.51,0.146,3,-19.585,1,0.0389,0.987,0.0688,0.107,0.498,159.034,4,singer-songwriter,2,1.0986122886681098,0.0,0,2,0
99572,1SCXzqKZdif5b33POmzwI4,Hozier,Hozier,Angel Of Small Death & The Codeine Scene,62,219214,False,0.377,0.638,4,-5.754,1,0.0545,0.213,7.97e-05,0.12,0.369,92.644,4,singer-songwriter,38,3.6635616461296463,0.02631578947368421,1,38,0
99574,7FwBtcecmlpc1sLySPXeGE,Bruce Springsteen,Born In The U.S.A.,Dancing In the Dark,78,241306,False,0.527,0.942,1,-5.64,0,0.0366,0.0115,0.0,0.188,0.495,148.723,4,singer-songwriter,35,3.58351893845611,0.02857142857142857,1,35,0
99578,78DwRIo6Vj6wqteyerGetr,John Mayer,Continuum,The Heart of Life,63,198200,False,0.495,0.238,1,-11.026,1,0.03,0.958,0.0118,0.0875,0.357,175.958,4,singer-songwriter,64,4.174387269895637,0.0,0,64,0
99583,0oiCeOPwm4zhwfyIpAE37y,John Mayer,The Search for Everything,Love on the Weekend,66,212320,False,0.718,0.583,7,-7.884,1,0.0288,0.623,0.000681,0.0612,0.422,119.971,4,singer-songwriter,62,4.143134726391533,0.0,0,62,0
99620,3E6iea9uEmB7gRru4lyP6h,John Mayer,Continuum,Stop This Train,65,285053,False,0.619,0.437,7,-11.756,1,0.0314,0.465,0.00619,0.0971,0.408,89.508,4,singer-songwriter,52,3.970291913552122,0.038461538461538464,2,52,0
99623,239yM7BAQ2CkNc61ogPGXo,John Mayer,Sob Rock,Shot in the Dark,63,249080,False,0.741,0.556,2,-9.184,1,0.0266,0.0629,0.041,0.103,0.587,122.008,4,singer-songwriter,62,4.143134726391533,0.016129032258064516,1,62,0
99625,3pRaLNL3b8x5uBOcsgvdqM,Jeff Buckley,Grace,Hallelujah,71,413826,False,0.324,0.136,0,-10.33,1,0.0318,0.931,0.00117,0.176,0.0831,97.256,3,singer-songwriter,39,3.6888794541139363,0.07692307692307693,3,39,0
99626,0HLWvLKQWpFdPhgk6ym58n,John Mayer,Battle Studies,Who Says,64,175480,False,0.584,0.509,2,-13.109,1,0.0287,0.267,0.00252,0.36,0.367,90.457,4,singer-songwriter,67,4.219507705176107,0.029850746268656716,2,67,0
99627,7hR5toSPEgwFZ78jfHdANM,John Mayer,Battle Studies,Half of My Heart,65,250373,False,0.681,0.593,5,-9.327,1,0.0251,0.435,0.000117,0.106,0.731,115.058,4,singer-songwriter,52,3.970291913552122,0.019230769230769232,1,52,0
99631,4gs07VlJST4bdxGbBsXVue,John Mayer,Battle Studies,Heartbreak Warfare,65,269720,False,0.624,0.554,2,-8.113,1,0.0225,0.191,0.00131,0.299,0.311,97.031,4,singer-songwriter,34,3.5553480614894135,0.08823529411764706,3,34,0
99639,1IbgYIuVwJsibCcT5GFYHy,Hozier,"Wasteland, Baby!","Wasteland, Baby!",58,266466,False,0.427,0.407,2,-9.665,1,0.0382,0.612,0.386,0.109,0.244,168.844,4,singer-songwriter,1,0.6931471805599453,0.0,0,1,0
99641,3MthJpM1IEYp2ulZe00LvP,John Mayer,Sob Rock,Shouldn't Matter but It Does,64,236733,True,0.549,0.324,4,-11.769,1,0.0285,0.457,2.2e-06,0.133,0.268,80.888,4,singer-songwriter,37,3.6375861597263857,0.05405405405405406,2,37,0
99714,5yyRH93h4Pm6tXXYTxt7ea,Damien Rice,O,The Blower's Daughter,65,286653,False,0.342,0.2,4,-13.569,1,0.0324,0.134,0.000153,0.341,0.0743,133.113,4,singer-songwriter,4,1.6094379124341003,0.0,0,4,0
99717,0L3oQdYUvVbsOOPJSkZ3C3,Hozier,"Wasteland, Baby!",Would That I,60,268293,False,0.521,0.526,5,-6.032,1,0.0281,0.243,0.00537,0.108,0.502,130.694,4,singer-songwriter,1,0.6931471805599453,0.0,0,1,0
99769,7IByJvSqRFltGyiiIiL4wn,John Mayer;Katy Perry,Paradise Valley,Who You Love (feat. Katy Perry),64,249933,False,0.694,0.351,9,-10.92,1,0.0382,0.813,0.00165,0.097,0.691,145.907,4,singer-songwriter,28,3.367295829986474,0.03571428571428571,1,28,0
99782,5xo1Gj4WTssjQgQ0w03cf2,Hozier,Hozier,Jackie And Wilson,60,223120,False,0.566,0.712,6,-4.201,1,0.0334,0.0687,1.3e-05,0.124,0.753,82.193,4,singer-songwriter,34,3.5553480614894135,0.029411764705882353,1,34,0
99795,77Y57qRJBvkGCUw9qs0qMg,John Mayer,The Search for Everything,In the Blood,62,243666,False,0.546,0.655,8,-6.526,1,0.0255,0.386,1.04e-05,0.0983,0.518,80.007,4,singer-songwriter,181,5.204006687076795,0.0055248618784530384,1,181,0
99821,7Kohy4v3KLWfUXlv9N3feB,John Mayer,Room For Squares,Neon,59,262106,False,0.699,0.77,5,-7.658,0,0.036,0.0181,0.000138,0.0644,0.589,101.984,4,singer-songwriter,1,0.6931471805599453,0.0,0,1,0
99825,0wcEUeOslMI8dPB7QjUMiW,John Mayer,Sob Rock,All I Want Is to Be With You,59,244200,False,0.522,0.426,0,-7.445,1,0.0242,0.106,0.674,0.224,0.304,93.049,4,singer-songwriter,9,2.302585092994046,0.0,0,9,0
99826,3PzsbWSQdLCKDLxn7YZfkM,Bruce Springsteen,Born In The U.S.A.,I'm On Fire,74,155880,False,0.62,0.446,1,-14.451,0,0.0347,0.589,0.0299,0.0727,0.868,88.591,4,singer-songwriter,1,0.6931471805599453,0.0,0,1,0
99827,4C4Pduzp8LfAtQXHAGQWM5,Hozier,Hozier,Sedated,55,207669,False,0.66,0.61,9,-5.161,0,0.026,0.2,1.1e-05,0.105,0.29,85.999,4,singer-songwriter,30,3.4339872044851463,0.03333333333333333,1,30,0
99828,7keXdrB4mz57u4b8YkCwag,John Mayer,Continuum,Dreaming with a Broken Heart,62,245746,False,0.61,0.349,0,-9.321,1,0.0301,0.554,0.0099,0.201,0.155,136.012,4,singer-songwriter,21,3.091042453358316,0.047619047619047616,1,21,0
99833,0dOg1ySSI7NkpAe89Zo0b9,Bruce Springsteen,Born In The U.S.A.,Born in the U.S.A.,74,278680,False,0.398,0.952,4,-6.042,1,0.061,0.000373,7.75e-05,0.1,0.584,122.093,4,singer-songwriter,1,0.6931471805599453,0.0,0,1,0
99836,4f0xBbWvKWmuB17yebh24a,John Mayer,Sob Rock,Til the Right One Comes,61,219226,False,0.807,0.563,3,-8.996,1,0.0287,0.242,0.00322,0.0488,0.925,112.985,4,singer-songwriter,38,3.6635616461296463,0.02631578947368421,1,38,0
99854,6wZI4mdT8JwXgkGURnBQiq,John Mayer,Say,Say,61,230213,False,0.485,0.723,10,-6.565,1,0.0317,0.541,1.12e-06,0.075,0.541,167.845,4,singer-songwriter,33,3.5263605246161616,0.030303030303030304,1,33,0
99873,3hwjxbqGvTRUPi38fLgeM7,John Mayer,Sob Rock,Why You No Love Me,60,255213,False,0.635,0.562,9,-7.315,1,0.0223,0.387,0.000366,0.113,0.501,97.988,4,singer-songwriter,11,2.4849066497880004,0.0,0,11,0
99874,1c7UYTut2SBOPq64o2t0uN,John Mayer,Room For Squares,Why Georgia,64,268973,False,0.608,0.639,7,-7.205,1,0.0246,0.0208,5.94e-05,0.0893,0.369,96.915,4,singer-songwriter,76,4.343805421853684,0.0,0,76,0
99877,0bgP0aKOxvdFxB2EfDrulY,Hozier,"Wasteland, Baby!",Sunlight,55,257346,False,0.464,0.559,7,-4.209,0,0.0287,0.368,0.000176,0.106,0.368,115.349,4,singer-songwriter,2,1.0986122886681098,0.0,0,2,0
99941,2nekCvC9XRXQckWNnkIp2l,Neil Young,"Eat, Pray, Love",Harvest Moon,68,299106,False,0.645,0.321,2,-12.15,1,0.0263,0.521,0.000186,0.129,0.427,112.938,4,singer-songwriter,19,2.995732273553991,0.10526315789473684,2,19,0
99962,0j2WBxWZnWti5TpSxjJvPb,John Mayer,Love on the Weekend,Love on the Weekend,61,212626,False,0.729,0.546,7,-9.305,1,0.0285,0.547,0.00287,0.0651,0.406,119.941,4,singer-songwriter,2,1.0986122886681098,0.0,0,2,0
99973,29bXfCo3mQVzohwPJXohaU,Hozier,"Wasteland, Baby!",Talk,54,206546,False,0.397,0.538,2,-6.503,0,0.0339,0.179,0.148,0.113,0.247,154.342,4,singer-songwriter,1,0.6931471805599453,0.0,0,1,0
99984,5FPnjikbwlDMULCCCa6ZCJ,John Mayer,Heavier Things,Daughters,67,237906,False,0.674,0.413,2,-7.816,1,0.0274,0.836,1.95e-05,0.098,0.503,124.893,3,singer-songwriter,70,4.2626798770413155,0.04285714285714286,3,70,0
99987,5KsLlcmWDoHUoJFzRw14wD,John Mayer,The Search for Everything,Rosie,60,240626,False,0.758,0.465,7,-6.547,1,0.0374,0.489,5.13e-05,0.116,0.758,138.9,4,singer-songwriter,28,3.367295829986474,0.03571428571428571,1,28,0
99990,6gXrEUzibufX9xYPk3HD5p,Eagles,Hotel California (2013 Remaster),Life in the Fast Lane - 2013 Remaster,72,286219,False,0.667,0.755,9,-7.246,1,0.069,0.0966,6.94e-05,0.0523,0.883,109.535,4,singer-songwriter,2,1.0986122886681098,0.0,0,2,0
99992,3TQbr3G3U5wlwEJejmqC1F,John Mayer,The Search for Everything,Never on the Day You Leave,56,220866,False,0.536,0.355,2,-8.61,1,0.0259,0.733,1.22e-05,0.138,0.22,139.888,4,singer-songwriter,67,4.219507705176107,0.0,0,67,0
100017,5xx3UJqIo8SsSc00znFPtK,Panteon Rococo;Dub Inc,El Último Ska,El Último Ska,49,274653,False,0.8,0.834,9,-4.272,0,0.0425,0.153,0.0,0.172,0.955,130.009,4,ska,2,1.0986122886681098,0.0,0,2,0
100100,3MrWxJaD2AT0W9DjWF64Vm,Dexys Midnight Runners,Too Rye Ay,Come On Eileen,75,287306,False,0.45,0.656,2,-7.049,1,0.0472,0.664,3.02e-06,0.259,0.782,106.61,4,ska,26,3.295836866004329,0.0,0,26,0
100450,3B4q6KbHbGV51HO3GznBFF,Sublime,Sublime,What I Got,73,170906,True,0.804,0.696,7,-7.47,1,0.0899,0.00877,0.000985,0.314,0.657,95.721,4,ska,53,3.9889840465642745,0.03773584905660377,2,53,0
103007,3U4isOIWM3VvDubwSI3y7a,John Legend,Love In The Future (Expanded Edition),All of Me,85,269560,False,0.422,0.264,8,-7.064,1,0.0322,0.922,0.0,0.132,0.331,119.93,4,soul,15,2.772588722239781,0.8666666666666667,13,15,1
103151,7t2bFihaDvhIrd2gn2CWJO,Ty Dolla $ign;The Weeknd;Wiz Khalifa;Mustard,"Or Nah (feat. The Weeknd, Wiz Khalifa & DJ Mustard) [Remix]","Or Nah (feat. The Weeknd, Wiz Khalifa & DJ Mustard) - Remix",79,242983,True,0.805,0.33,1,-8.712,0,0.1,0.22,0.0,0.105,0.211,121.97,4,soul,6,1.9459101490553132,0.16666666666666666,1,6,0
103200,2ZWlPOoWh0626oTaHrnl2a,Frank Ocean,Blonde,Ivy,81,249191,True,0.575,0.386,9,-9.584,0,0.037,0.785,0.000289,0.229,0.466,116.408,4,soul,1,0.6931471805599453,0.0,0,1,0
103251,2cLOhJv1hQQRLBf3eVJOHV,PLAZA,All Mine,All Mine,67,234871,True,0.716,0.342,9,-7.9,0,0.0461,0.0928,0.00129,0.11,0.372,79.001,4,soul,1,0.6931471805599453,0.0,0,1,0
103303,7DfFc7a6Rwfi3YQMRbDMau,Frank Ocean,channel ORANGE,Thinkin Bout You,78,200746,False,0.721,0.339,0,-11.195,1,0.0532,0.409,0.00153,0.0973,0.2,129.83,4,soul,1,0.6931471805599453,0.0,0,1,0
103450,0PXp9QxBfSKGGpWUNaws2X,Roy Woods;Drake,Exis,Drama (feat. Drake),75,251859,True,0.709,0.362,11,-9.814,1,0.055,0.157,0.0,0.109,0.113,122.043,4,soul,1,0.6931471805599453,0.0,0,1,0
103453,5GUYJTQap5F3RDQiCOJhrS,Frank Ocean,Blonde,Self Control,76,249667,False,0.581,0.21,8,-10.426,1,0.0321,0.768,0.0,0.369,0.452,80.099,4,soul,1,0.6931471805599453,0.0,0,1,0
103502,2qpacEyFxmbxCpIEqZkqvC,Sports,Naked All the Time,You Are the Right One,70,172506,False,0.659,0.594,4,-8.494,0,0.0261,0.162,0.846,0.632,0.851,100.033,4,soul,2,1.0986122886681098,0.0,0,2,0
103509,7EsjkelQuoUlJXEw7SeVV4,Michael Jackson,Dangerous,Black or White,69,254933,False,0.518,0.901,9,-3.749,1,0.093,0.174,0.0314,0.0712,0.873,115.026,4,soul,2,1.0986122886681098,0.0,0,2,0
103659,66tkDkPsznE5zIHNt4QkXB,Parcels,Tieduprightnow,Tieduprightnow,70,249956,False,0.863,0.533,5,-7.986,0,0.0484,0.291,0.00126,0.0794,0.738,102.025,4,soul,3,1.3862943611198906,0.0,0,3,0
103872,1vMGIZbIkpaLSagdF2ygcV,NEIL FRANCES,Music Sounds Better with You,Music Sounds Better with You,70,198305,False,0.927,0.525,8,-8.256,0,0.0667,0.274,0.238,0.0672,0.778,118.023,4,soul,1,0.6931471805599453,0.0,0,1,0
103902,2bySWrm7uc1BewjJQrVHkq,Rendezvous At Two,Play with Me,Play with Me,59,252445,True,0.716,0.438,6,-12.369,1,0.261,0.332,0.0,0.114,0.269,106.613,4,soul,2,1.0986122886681098,0.0,0,2,0
103912,3CgZCQyuyxHRMWB9BTwmni,Frank Ocean,Swim Good,Swim Good,69,257186,False,0.653,0.668,0,-8.183,1,0.0881,0.00116,0.00269,0.0731,0.711,160.048,4,soul,1,0.6931471805599453,0.0,0,1,0
103957,0cciBj4236w1xByzZvn92D,Free Nationals;Daniel Caesar;Unknown Mortal Orchestra,Free Nationals,Beauty & Essex (feat. Daniel Caesar & Unknown Mortal Orchestra),69,277046,True,0.552,0.741,11,-5.419,0,0.0542,0.284,8.2e-05,0.334,0.718,69.709,4,soul,2,1.0986122886681098,0.0,0,2,0
103967,6mz1fBdKATx6qP4oP1I65G,Ginuwine,R&B: From Doo-Wop To Hip-Hop,Pony,73,251733,True,0.749,0.605,8,-9.359,0,0.086,0.00186,0.0381,0.115,0.966,142.024,4,soul,9,2.302585092994046,0.2222222222222222,2,9,0
103970,7s1upm7yr7ZjrzXMwHawtG,Marvin Gaye;Kygo,Sexual Healing (Kygo Remix),Sexual Healing - Kygo Remix,64,368316,False,0.689,0.68,0,-7.196,0,0.0427,0.321,0.0211,0.0431,0.646,100.987,4,soul,2,1.0986122886681098,0.0,0,2,0
103971,6d4FWjx72iuRWzn1HwywLK,Black Pumas,Black Pumas,Colors,67,246586,False,0.391,0.692,1,-6.543,0,0.0462,0.0946,1.58e-05,0.191,0.56,180.008,4,soul,2,1.0986122886681098,0.0,0,2,0
104100,4OwhwvKESFtuu06dTgct7i,Marc Seguí;Rauw Alejandro;Pol Granch,Tiroteo (Remix),Tiroteo - Remix,81,321555,False,0.75,0.522,9,-7.018,1,0.0293,0.282,0.0,0.0743,0.601,110.427,4,spanish,6,1.9459101490553132,0.0,0,6,0
104131,4iOZ3HTjEbof8usqFDkFky,Cristian,Canciones De Amor,Yo Quería,38,255533,False,0.452,0.695,3,-4.768,1,0.0359,0.713,0.0,0.144,0.18,133.978,4,spanish,1,0.6931471805599453,0.0,0,1,0
104151,6yCjU5j6YHbux2VQCBTTE1,Melendi,Lágrimas desordenadas,Tu jardín con enanitos,71,236975,False,0.721,0.834,7,-4.457,1,0.0345,0.337,0.0,0.104,0.53,127.92,4,spanish,1,0.6931471805599453,0.0,0,1,0
104173,114xlNyBqwTIkOdrU8LajN,Pablo Alborán;David Bisbal;Antonio Carmona;Jesse & Joy;Juanes;Malú;Vanesa Martín;India Martinez;Antonio Orozco;Niña Pastori;Laura Pausini;Abel Pintos;Rozalén;Shakira;Tommy Torres;Manuel Carrasco;Pablo López,+ Es + (El Concierto / En Directo En El Estadio Vicente Calderón / 2017),"Y, ¿Si Fuera Ella? - + Es +",72,250000,False,0.348,0.536,5,-5.76,1,0.0313,0.34,0.0,0.209,0.199,150.586,4,spanish,1,0.6931471805599453,1.0,1,1,1
104174,3hlWUNjAlbZ6nOjAbrivBv,Pereza,Animales,Princesas,65,217000,False,0.683,0.846,7,-3.551,1,0.0422,0.0634,0.0,0.346,0.706,131.884,4,spanish,1,0.6931471805599453,0.0,0,1,0
104183,0eVborSuxUeSg0meWYd9dZ,Fito y Fitipaldis,Lo mas lejos a tu lado,Soldadito marinero,68,254373,False,0.718,0.431,2,-8.736,1,0.0314,0.132,0.000165,0.0686,0.324,139.618,4,spanish,2,1.0986122886681098,0.0,0,2,0
104201,4waqcUQWdj0yH26STWl2Rq,La Oreja de Van Gogh,Lo Que Te Conte Mientras Te Hacias La Dormida,Rosas,77,236506,False,0.783,0.685,9,-5.008,1,0.0271,0.627,3.49e-06,0.108,0.54,107.01,4,spanish,1,0.6931471805599453,0.0,0,1,0
104215,5NQw5WJwKRPaaSDHXD04Fs,Pereza,Aviones,Lady Madrid,61,191586,False,0.598,0.655,0,-2.761,1,0.0256,0.359,0.0,0.0922,0.377,115.041,4,spanish,2,1.0986122886681098,0.0,0,2,0
104276,6uzGmmQ4CuG9HvZktEy0LF,Manuel Carrasco,La Cruz Del Mapa,Qué Bonito Es Querer,64,270187,False,0.609,0.718,11,-7.177,1,0.045,0.6,0.0,0.082,0.426,93.94,4,spanish,45,3.828641396489095,0.08888888888888889,4,45,0
104301,2LsbizbOeNa4x6qsi2jAMb,Jarabe De Palo,La Flaca,La flaca,76,261200,False,0.871,0.481,7,-9.068,1,0.0383,0.52,5.54e-05,0.0809,0.664,103.063,4,spanish,64,4.174387269895637,0.0,0,64,0
104317,1EC0JRoSi9YL5zExd3Euc3,Los Ronaldos,4 Canciones,No Puedo Vivir Sin Ti,63,254840,False,0.593,0.804,0,-4.917,1,0.037,0.412,0.0,0.109,0.596,128.425,4,spanish,1,0.6931471805599453,0.0,0,1,0
104365,40tFJtuES1da2fg0OurUdI,Jarabe De Palo,Tragas o Escupes,Eso Que Tú Me Das,64,214553,False,0.778,0.804,0,-5.699,1,0.0286,0.144,9.5e-05,0.0676,0.836,130.004,4,spanish,60,4.110873864173311,0.05,3,60,0
104382,2VybHZvsshGs8GpOaB0wS1,Enrique Urquijo y Los problemas,Desde Que No Nos Vemos,Aunque tú no lo sepas,61,144840,False,0.668,0.367,7,-8.518,1,0.0311,0.691,0.0,0.111,0.504,102.988,4,spanish,6,1.9459101490553132,0.0,0,6,0
104387,1W4HRVav0RiWpnCW6R3Kf7,Luis Eduardo Aute,Aute Con Alevosía,Alevosía,31,278000,False,0.671,0.301,0,-16.094,1,0.0492,0.81,0.00064,0.259,0.682,135.992,4,spanish,1,0.6931471805599453,0.0,0,1,0
104402,0wQCKR9OFjYu5Kzrk7WivJ,Alejandro Sanz,Más,Corazón partío,76,343413,False,0.648,0.846,0,-6.731,1,0.0424,0.199,4.23e-06,0.0803,0.815,160.075,4,spanish,39,3.6888794541139363,0.07692307692307693,3,39,0
104481,5dncXckT4fSDlyEL9QgzuY,Pereza,Algo para Cantar,Pienso en Aquella Tarde,57,172600,False,0.313,0.869,7,-4.206,1,0.0581,0.0023,0.0,0.47,0.461,83.085,4,spanish,1,0.6931471805599453,0.0,0,1,0
104500,05HpBFLrHBjWpgV0DSPUAv,Marc Seguí;Pol Granch,Tiroteo,Tiroteo,69,266290,False,0.747,0.605,9,-6.633,1,0.0269,0.0548,3.55e-06,0.0794,0.564,110.402,4,spanish,1,0.6931471805599453,0.0,0,1,0
104539,1njCkadQm2hGaajHFIBxdW,David Bisbal,Tú Y Yo (Tour Edition),Diez Mil Maneras,29,213060,False,0.651,0.82,0,-4.642,1,0.0316,0.321,0.0,0.0921,0.718,153.958,4,spanish,24,3.2188758248682006,0.4166666666666667,10,24,0
104606,5U4pDBaeq2Jl2dKuWWUSsh,David Bisbal,Corazon Latino,Ave María,61,209946,False,0.734,0.93,3,-4.475,1,0.0763,0.136,0.0,0.316,0.797,132.03,4,spanish,13,2.6390573296152584,0.0,0,13,0
104616,4SafR3a8senZ2r65hZWMKN,El Último De La Fila,Insurreccion (En Directo),Insurreccion (En Directo),59,134200,False,0.491,0.954,0,-4.007,1,0.0881,0.112,0.000282,0.98,0.606,136.198,4,spanish,1,0.6931471805599453,0.0,0,1,0
104652,6yJBlQBjdYtzNai4lLyiRf,David Bisbal,Romances,Mi Princesa,36,202853,False,0.528,0.374,4,-8.554,1,0.0364,0.781,0.0,0.243,0.49,102.74,4,spanish,34,3.5553480614894135,0.058823529411764705,2,34,0
104779,2awKQgW88iq9jFM54VaCAp,La Quinta Estacion,Flores De Alquiler,El Sol No Regresa,75,228560,False,0.615,0.878,3,-4.056,1,0.035,0.052,1.16e-06,0.326,0.72,127.906,4,spanish,17,2.8903717578961645,0.0,0,17,0
104793,2NWWhvKfxY7jVG2PH5F5CY,Sidonie;Joan Manuel Serrat;Leiva;Vetusta Morla;Ivan Ferreiro;Loquillo;Zahara;Dani Martín;Albert Pla;Mikel (Izal);Noni (Lori Meyers);Santi Balmes;Xoel López;Anni B Sweet;Jeanette;Carlos Sadness;Nina (Morgan);Juan Alberto (Niños Mutantes);Miri Ros;Javiera Mena;Jorge Martí (La Habitación Roja);Rafa Val (Viva Suecia);Marc (Dorian);Alondra Bentley;Abraham Boba;Carlangas (Novedades Carminha);La Bien Querida;Martí Perarnau IV (Mucho);Nita (Fuel Fandango);Shuarma (Elefantes),Lo Más Maravilloso,"Fascinados (feat. Joan Manuel Serrat, Leiva, Vetusta Morla, Iván Ferreiro, Loquillo, Zahara, Dani Martin, Albert Pla, Mikel (Izal), Noni (Lori Meyers), Santi Balmes, Xoel López, Anni B Sweet, Jeanette, Carlos Sadness, Nina (Morgan), Juan Alberto (Niños Mutantes), Miri Ros, Javiera Mena, Jorge Martí (La Habitación Roja), Rafa Val (Viva Suecia), Marc (Dorian), Alondra Bentley, Abraham Boba, Carlangas (Novedades Carminha), La Bien Querida, Martí Perarnau IV (Mucho), Nita (Fuel Fandango) & Shuarma (Elefantes))",55,274146,False,0.639,0.883,7,-6.448,0,0.0688,0.0843,7.13e-05,0.225,0.431,140.008,4,spanish,1,0.6931471805599453,0.0,0,1,0
104807,3VvyD7SxO6SO3IuCODFAfW,Chema Rivas,Mil Tequilas,Mil Tequilas,62,255450,False,0.673,0.772,1,-3.937,1,0.127,0.224,0.0,0.0957,0.287,100.213,4,spanish,2,1.0986122886681098,0.0,0,2,0
104810,5omgFpiMt1CGHjQGfkwzvz,Jarabe De Palo,Depende,Agua,68,254266,False,0.715,0.358,5,-15.522,1,0.033,0.743,0.0133,0.104,0.742,145.751,4,spanish,54,4.007333185232471,0.05555555555555555,3,54,0
104853,2VSGzQqy9nqJefcYGJNWst,Andy & Lucas,Andy Y Lucas,Tanto la Queria,66,280146,False,0.68,0.756,10,-5.718,1,0.0605,0.546,0.0,0.137,0.574,144.001,4,spanish,1,0.6931471805599453,0.0,0,1,0
104942,6CePuj4PeyG02MLG0aI2Hk,Cristian,"El Romántico, El Príncipe",Lloran las Rosas,26,263600,False,0.524,0.543,7,-7.457,1,0.029,0.0726,0.0,0.0801,0.254,108.537,4,spanish,1,0.6931471805599453,0.0,0,1,0
105263,7ymG0YQtuSiSVJSBQ3E8jy,mooncycles,eclipse,the dark side,37,120000,False,0.738,0.204,8,-17.476,1,0.12,0.838,0.904,0.132,0.156,79.953,4,study,1,0.6931471805599453,0.0,0,1,0
105380,10zYErxZB71gJnKk5iaQD9,Kantboll,Beach & Berries,Beach & Berries,37,124137,False,0.77,0.268,2,-10.559,1,0.0775,0.831,0.934,0.108,0.371,86.997,4,study,1,0.6931471805599453,0.0,0,1,0
106003,3vkQ5DAB1qQMYO4Mr9zJN6,ABBA,Voulez-Vous,Gimme! Gimme! Gimme! (A Man After Midnight),82,292613,False,0.749,0.491,10,-9.655,1,0.0403,0.02,0.00899,0.159,0.536,119.528,4,swedish,3,1.3862943611198906,0.0,0,3,0
106007,7rWgGyRK7RAqAAXy4bLft9,ABBA,Voulez-Vous,Angeleyes,78,260893,False,0.719,0.922,11,-6.091,1,0.0338,0.523,0.000163,0.0867,0.964,133.113,4,swedish,3,1.3862943611198906,0.0,0,3,0
106013,5MhsZlmKJG6X5kTHkdwC4B,AronChupa;Little Sis Nora,I'm an Albatraoz,I'm an Albatraoz,72,166848,True,0.883,0.817,0,-5.414,1,0.235,0.601,0.00449,0.11,0.595,128.078,4,swedish,1,0.6931471805599453,1.0,1,1,1
106014,0GjEhVFGZW8afUYGChu3Rr,ABBA,Arrival,Dancing Queen,83,230400,False,0.543,0.87,9,-6.514,1,0.0428,0.358,0.000939,0.792,0.754,100.804,4,swedish,28,3.367295829986474,0.07142857142857142,2,28,0
106054,4euAGZTszWPrriggYK0HG9,ABBA,Super Trouper,Lay All Your Love On Me,74,274466,False,0.678,0.727,2,-7.844,0,0.0258,0.117,0.00396,0.354,0.71,133.481,4,swedish,7,2.0794415416798357,0.0,0,7,0
106072,2TxCwUlqaOH3TIyJqGgR91,ABBA,Abba,Mamma Mia,77,213266,False,0.749,0.748,2,-7.011,1,0.0323,0.295,0.000443,0.469,0.827,137.547,4,swedish,24,3.2188758248682006,0.041666666666666664,1,24,0
106073,6TvxPS4fj4LUdjw2es4g21,ABBA,The Visitors (Deluxe Edition),Slipping Through My Fingers,70,233720,False,0.475,0.26,5,-15.997,1,0.0322,0.796,0.0016,0.109,0.339,137.212,4,swedish,20,3.044522437723423,0.15,3,20,0
106107,3oEkrIfXfSh9zGnE7eBzSV,ABBA,Super Trouper,The Winner Takes It All,75,294720,False,0.454,0.788,6,-6.748,1,0.0371,0.574,0.000766,0.0859,0.52,126.15,4,swedish,7,2.0794415416798357,0.14285714285714285,1,7,0
106111,762B4bOcXF7I2Y8UlKTyTy,ABBA,Voulez-Vous,Chiquitita,74,326320,False,0.5,0.554,9,-8.108,1,0.0354,0.734,3.72e-06,0.312,0.372,84.229,4,swedish,3,1.3862943611198906,0.0,0,3,0
106152,4Jv7lweGIUOFQ7Oq2AtAh9,Lykke Li;The Magician,I Follow Rivers (The Magician Remix),I Follow Rivers - The Magician Remix,72,280069,False,0.786,0.696,9,-5.796,0,0.0428,0.0234,0.0019,0.0839,0.306,121.974,4,swedish,3,1.3862943611198906,0.0,0,3,0
106167,6Ac4NVYYl2U73QiTt11ZKd,Blue Swede;Björn Skifs,Hooked On A Feeling,Hooked On A Feeling,73,172866,False,0.547,0.82,8,-6.728,1,0.0805,0.261,0.0,0.3,0.933,118.208,4,swedish,77,4.356708826689592,0.0,0,77,0
106174,0J2p4KYdr6Mg4ET6JPlbe1,ABBA,Super Trouper,Super Trouper,72,252853,False,0.764,0.626,0,-8.274,1,0.0288,0.457,6.35e-06,0.201,0.961,118.34,4,swedish,22,3.1354942159291497,0.0,0,22,0
106179,5BckPAYcKEJuYs1eV1BHHe,ABBA,The Album,Take A Chance On Me,74,243933,False,0.684,0.675,11,-8.123,1,0.0257,0.163,0.0,0.242,0.924,107.064,4,swedish,25,3.258096538021482,0.0,0,25,0
106221,7vHshinTU8161w69EPbabY,Seinabo Sey;Kygo,Pretend,Younger - Kygo Remix,65,351578,False,0.69,0.489,5,-7.938,1,0.0788,0.13,0.00022,0.0815,0.645,114.008,4,swedish,1,0.6931471805599453,0.0,0,1,0
106225,4BM8yJ0PzBi2ZewpMTOxtx,ABBA,Arrival,Fernando,68,252960,False,0.354,0.535,9,-8.876,1,0.0303,0.627,2.9e-06,0.0808,0.434,110.821,4,swedish,24,3.2188758248682006,0.125,3,24,0
106252,15iosIuxC3C53BgsM5Uggs,Icona Pop,THIS IS... ICONA POP,All Night,60,187026,False,0.6,0.905,1,-3.41,0,0.0357,0.00274,0.0,0.831,0.636,124.032,4,swedish,1,0.6931471805599453,1.0,1,1,1
106409,4tRt91OQSbE9eFA3RwgqSd,Meadows,The Only Boy Awake,The Only Boy Awake,57,163294,False,0.52,0.48,5,-10.288,1,0.0303,0.61,0.0344,0.107,0.405,122.086,4,swedish,3,1.3862943611198906,0.0,0,3,0
106410,3zNNXjjjeLrzIXSJZKalDi,Lykke Li;The Magician,Wounded Rhymes (Anniversary Edition),I Follow Rivers - The Magician Remix,63,279635,False,0.785,0.7,9,-5.81,0,0.0406,0.0179,0.00251,0.0823,0.296,122.031,4,swedish,3,1.3862943611198906,0.0,0,3,0
106460,2AHnmlkyZbnxqSA66B7jK3,ABBA,I Still Have Faith In You / Don't Shut Me Down,Don't Shut Me Down,62,238800,False,0.719,0.604,0,-7.395,1,0.0281,0.105,0.0,0.107,0.565,99.993,4,swedish,1,0.6931471805599453,1.0,1,1,1
106464,3lKN03PDeBnXZS7sDukRBt,ABBA,Arrival,"Money, Money, Money",66,186426,False,0.787,0.704,9,-6.873,0,0.0385,0.535,0.00305,0.089,0.646,120.701,4,swedish,3,1.3862943611198906,0.3333333333333333,1,3,0
106509,6yZv0Nl6BXABbXoPVpfF5y,ABBA,Abba,SOS,65,202386,False,0.415,0.713,5,-5.55,1,0.0278,0.251,0.00197,0.289,0.579,125.056,4,swedish,6,1.9459101490553132,0.0,0,6,0
106513,08GOw3NsrJ0LsCCeyqzt3b,ABBA,The Album,Thank You For The Music,63,229453,False,0.283,0.417,4,-9.124,1,0.0404,0.835,0.0,0.102,0.373,201.145,4,swedish,2,1.0986122886681098,0.0,0,2,0
106714,2HPB3px8MJZRMfu1L65Z41,ABBA,Voulez-Vous,Does Your Mother Know,66,193440,False,0.728,0.865,7,-5.68,1,0.0364,0.151,2.43e-05,0.0906,0.975,135.571,4,swedish,27,3.332204510175204,0.037037037037037035,1,27,0
106721,3ZqqHOM10rD7y3G6bxDXTv,ABBA,Voyage,Just A Notion,58,211933,False,0.584,0.795,0,-5.705,1,0.0287,0.259,0.000361,0.302,0.83,131.997,4,swedish,1,0.6931471805599453,1.0,1,1,1
106812,2JNzo5lIfJNFXV1ttcLD7r,ABBA,Voyage,I Can Be That Woman,57,241893,False,0.588,0.358,10,-11.302,1,0.0337,0.837,0.0,0.106,0.366,133.932,4,swedish,1,0.6931471805599453,0.0,0,1,0
106813,1JnHZagDFvrT2lx4QovSOo,ABBA,Super Trouper,"Andante, Andante",58,278213,False,0.523,0.361,10,-10.718,1,0.0238,0.684,0.000348,0.0671,0.38,101.887,3,swedish,1,0.6931471805599453,0.0,0,1,0
106863,798cuJeotvXP8UVa8GJPnD,ABBA,Arrival,"Knowing Me, Knowing You",64,241920,False,0.546,0.733,2,-7.073,1,0.0299,0.0399,1.11e-06,0.235,0.91,107.285,4,swedish,27,3.332204510175204,0.037037037037037035,1,27,0
106965,6zk4lFEYIWs1UZZ03NVetT,ABBA,Arrival,When I Kissed The Teacher,61,181133,False,0.527,0.939,3,-5.795,1,0.0442,0.519,6.13e-05,0.06,0.714,153.755,4,swedish,3,1.3862943611198906,0.0,0,3,0
107001,4RvWPyQ5RL0ao9LPZeSouE,Tears For Fears,Songs From The Big Chair (Super Deluxe Edition),Everybody Wants To Rule The World,87,251488,False,0.645,0.795,7,-12.095,1,0.0527,0.347,0.00389,0.104,0.535,112.067,4,synth-pop,1,0.6931471805599453,0.0,0,1,0
107004,4ByEFOBuLXpCqvO1kw8Wdm,Cutting Crew,Broadcast,(I Just) Died In Your Arms,77,280400,False,0.625,0.726,11,-11.402,0,0.0444,0.0158,0.000169,0.0625,0.507,124.945,4,synth-pop,1,0.6931471805599453,0.0,0,1,0
107124,38OuAEtETQMXayoC18tLKe,Belinda Carlisle,Heaven on Earth (30th Anniversary Edition),Heaven Is a Place On Earth,50,245720,False,0.634,0.89,4,-6.498,1,0.0331,0.00499,9.64e-06,0.0662,0.829,122.861,4,synth-pop,1,0.6931471805599453,0.0,0,1,0
107238,2Di0qFNb7ATroCGB3q0Ka7,Pet Shop Boys,Please: Further Listening 1984 - 1986 (2018 Remaster),West End Girls - 2018 Remaster,69,285906,False,0.656,0.914,4,-7.471,0,0.0394,0.000943,0.0628,0.159,0.576,113.259,4,synth-pop,2,1.0986122886681098,0.5,1,2,1
107378,2EEinN4Zk8MUv4OQuLsTBj,New Order,Power Corruption and Lies,Age of Consent - 2015 Remaster,66,315333,False,0.372,0.91,2,-5.559,1,0.0392,0.00101,0.0944,0.13,0.756,161.964,4,synth-pop,3,1.3862943611198906,0.0,0,3,0
107392,4mVLzFbc3gaCoWCEENLouc,Pet Shop Boys,Discography - Complete Singles Collection,Domino Dancing,62,258333,False,0.645,0.923,9,-9.781,0,0.0441,0.0876,0.00359,0.0303,0.81,109.988,4,synth-pop,1,0.6931471805599453,0.0,0,1,0
107400,2qM9TCbNQcHvGtwmh5nulc,Sky Ferreira,Baby Driver (Music from the Motion Picture),Easy - Music From The Motion Picture Baby Driver,45,267573,False,0.6,0.274,9,-10.695,0,0.03,0.267,0.0163,0.106,0.246,132.034,4,synth-pop,1,0.6931471805599453,0.0,0,1,0
107573,5Dqik1P9toCJTLj5rEm78s,Pet Shop Boys,Discography - Complete Singles Collection,West End Girls,58,241986,False,0.627,0.905,4,-9.921,0,0.037,0.0331,0.0199,0.255,0.644,113.247,4,synth-pop,1,0.6931471805599453,0.0,0,1,0
109650,3EDbqYLrCNBP7J2CqcMPZO,Duke Dumont;Zak Abel,The Power,The Power,52,197449,False,0.625,0.831,5,-6.757,0,0.0541,0.00447,0.0624,0.0923,0.191,121.929,4,techno,2,1.0986122886681098,0.0,0,2,0
110102,5L2l7mI8J1USMzhsmdjat9,Tiësto,A Town Called Paradise,Red Lights,66,262200,False,0.654,0.83,10,-4.801,1,0.0366,0.000629,1.13e-06,0.121,0.548,124.989,4,trance,1,0.6931471805599453,0.0,0,1,0
111085,0xjkgYSzHjBZNvyUaC9cXX,Morcheeba,Big Calm,The Sea,62,347280,False,0.535,0.761,11,-7.589,0,0.0373,0.0165,0.114,0.0485,0.248,149.968,4,trip-hop,1,0.6931471805599453,0.0,0,1,0
111114,0jiKqHfWmSgPInSsGWBjbL,Zero 7;José González,The Garden,Today,56,245640,False,0.576,0.673,2,-11.383,1,0.0307,0.0616,0.00601,0.114,0.57,168.413,4,trip-hop,2,1.0986122886681098,0.0,0,2,0
111169,6G1lPm5H051kZL5rJHvXEv,Bonobo,Animal Magic,Terrapin,48,279933,False,0.552,0.328,10,-16.384,1,0.0346,0.78,0.93,0.111,0.0396,152.015,4,trip-hop,1,0.6931471805599453,0.0,0,1,0
111283,61muv9lHtgN18qbm9oK9pH,Quantic;Flowering Inferno,Dog With a Rope (Quantic Presenta Flowering Inferno),Cumbia Sobre el Mar,59,377293,False,0.615,0.601,0,-8.147,1,0.0584,0.0732,0.427,0.102,0.662,84.614,4,trip-hop,2,1.0986122886681098,0.0,0,2,0
111375,5mCo4K10tQf80jq6qHUqSQ,Zero 7;Mozez,Simple Things,I Have Seen,51,304733,False,0.488,0.68,8,-8.414,1,0.0308,0.00786,0.551,0.192,0.761,158.065,4,trip-hop,1,0.6931471805599453,0.0,0,1,0
111402,03XMXPAE2Yx6HeqCpAPL5o,Kid Koala,Baby Driver (Music from the Motion Picture),"""Was He Slow?"" - Music From The Motion Picture Baby Driver",25,106880,False,0.754,0.719,10,-5.806,0,0.371,0.373,0.259,0.12,0.674,175.99,4,trip-hop,1,0.6931471805599453,0.0,0,1,0
111483,2sjmitOYix0e0FXAR5Cvvc,Lemon Jelly,LemonJelly.ky,The Staunton Lick,52,322133,False,0.64,0.867,7,-7.93,1,0.0577,0.323,0.614,0.0688,0.414,174.711,4,trip-hop,14,2.70805020110221,0.21428571428571427,3,14,0
